date,startup,industry,subvertical,city,investors,investment_type,amount_usd,year,month,amount_disclosed,is_outlier
2020-01-09,BYJU'S,EdTech,E-learning,Bangalore,Tiger Global Management,Private Equity,200000000.0,2020,2020-01,True,False
2020-01-13,Shuttl,Transportation,App based shuttle service,Gurgaon,Susquehanna Growth Equity,Series A+ (Venture),8048394.0,2020,2020-01,True,False
2020-01-09,Mamaearth,E-Commerce,Retailer of baby and toddler products,Bangalore,Sequoia Capital India,Series A+ (Venture),18358860.0,2020,2020-01,True,False
2020-01-02,https://www.wealthbucket.in/,FinTech,Online Investment,New Delhi,Vinod Khatumal,Series A+ (Venture),3000000.0,2020,2020-01,True,False
2020-01-02,Fashor,Fashion and Apparel,Embroiled Clothes For Women,Mumbai,Sprout Venture Partners,Seed / Angel,1800000.0,2020,2020-01,True,False
2020-01-13,Pando,Logistics,"Open-market, freight management platform",Chennai,Chiratae Ventures,Series A+ (Venture),9000000.0,2020,2020-01,True,False
2020-01-10,Zomato,Hospitality,Online Food Delivery Platform,Gurgaon,Ant Financial,Private Equity,150000000.0,2020,2020-01,True,False
2019-12-12,Ecozen,Technology,Agritech,Pune,Sathguru Catalyzer Advisors,Series A+ (Venture),6000000.0,2019,2019-12,True,False
2019-12-06,CarDekho,E-Commerce,Automobile,Gurgaon,Ping An Global Voyager Fund,Series A+ (Venture),70000000.0,2019,2019-12,True,False
2019-12-03,Dhruva Space,Aerospace,Satellite Communication,Bangalore,"Mumbai Angels, Ravikanth Reddy",Seed / Angel,50000000.0,2019,2019-12,True,False
2019-12-13,Rivigo,Technology,Logistics Services and Solutions,Gurgaon,"SAIF Partners, Spring Canter Investment Ltd.",Series A+ (Venture),20000000.0,2019,2019-12,True,False
2019-12-17,Healthians,B2B-focused foodtech startup,Food Solutions For Corporate,Bangalore,"Paytm, NPTK, Sabre Partners and Neoplux",Series A+ (Venture),12000000.0,2019,2019-12,True,False
2019-12-16,Licious,E-Commerce,Online Meat And Seafood Ordering Startup,Bangalore,Vertex Growth Fund,Series A+ (Venture),30000000.0,2019,2019-12,True,False
2019-12-16,InCred,FinTech,Non-Banking Financial Company,Mumbai,Unknown,Debt,5900000.0,2019,2019-12,True,False
2019-12-14,Trell,Video,Experience Discovery Platform,Bangalore,Ruizheng Investment,Seed / Angel,2000000.0,2019,2019-12,True,False
2019-12-11,Rein Games,Gaming,Real money based gaming startup,Noida,Manipal Education and Medical Group (MEMG),Seed / Angel,50000000.0,2019,2019-12,True,False
2019-12-20,Lenskart,E-Commerce,Online Eyewear Shopping Portal,Faridabad,SoftBank Vision Fund,Series A+ (Venture),231000000.0,2019,2019-12,True,False
2019-11-13,Freshworks,Software,Business and customer engagement tools,San Francisco,"Sequoia, CapitalG, Accel",Series A+ (Venture),150000000.0,2019,2019-11,True,False
2019-11-14,Misters,Health and wellness,Men's Health and Wellness brand,Gurgaon,"Sauce.vc, Rainforest Ventures",Series A+ (Venture),486000.0,2019,2019-11,True,False
2019-11-13,Sunstone Eduversity Pvt. Ltd,EdTech,Elearning,Gurgaon,"Prime Venture Partners, LetsVenture, PS1 Venture and GlobalLogic co-founder Rajul Garg",Seed / Angel,1500000.0,2019,2019-11,True,False
2019-11-17,Burger Singh,Food & Beverage,Indian Burger Brand,Gurgaon,RB Investments,Other,,2019,2019-11,False,False
2019-11-18,Healthians,Health and Wellness,Healthcare services,Gurgaon,"DG Daiwa Ventures, DG Incubation",Series A+ (Venture),12000000.0,2019,2019-11,True,False
2019-11-15,Ninjacart,B2B Marketing,Agritech,Bangalore,Trifecta Capital Advisors,Debt,26000000.0,2019,2019-11,True,False
2019-11-20,Aye Finance,FinTech,Financial Services To MSMEs,Gurgaon,FinTech,Debt,17411265.0,2019,2019-11,True,False
2019-11-12,SuperGaming,Video Games,Social gaming platform,Pune,Dream Incubator,Seed / Angel,1300000.0,2019,2019-11,True,False
2019-11-20,Clumio,SaaS,Recovery software,"San Jose,","Altimeter Capital, Sutter Hill Ventures",Series A+ (Venture),135000000.0,2019,2019-11,True,False
2019-11-11,eBikeGo,Last Mile Transportation,Electric bike rental,Amritsar,Startup Buddy,Seed / Angel,300000.0,2019,2019-11,True,False
2019-11-19,Digital Mall Asia,E-Commerce,Virtual e-commerce platform,New Delhi,Amour Infrastructure,Seed / Angel,220000000.0,2019,2019-11,True,False
2019-11-18,Medikabazaar,Healthcare,B2B platform for medical supplies,Mumbai,"Ackermans & van Haaren, HealthQuad, Rebright Partners, Toppan Printing",Series A+ (Venture),15800000.0,2019,2019-11,True,False
2019-11-15,Vogo Automotive,Last Mile Transportation,Scooter sharing app,Kormangala,"Matrix Partners, Stellaris Venture Partners, Kalaari Capital",Series A+ (Venture),283000000.0,2019,2019-11,True,False
2019-11-19,Furtados School of Music,EdTech,Music Education,Tulangan,IAN Fund and DSG Consumer Partners,Unknown,200000000.0,2019,2019-11,True,False
2019-11-25,Paytm,FinTech,Mobile Wallet,Noida,Vijay Shekhar Sharma,Other,1000000000.0,2019,2019-11,True,True
2019-10-04,Dunzo,Customer Service,Delivery Service,Bangalore,Lightbox,Series A+ (Venture),45000000.0,2019,2019-10,True,False
2019-10-02,Udaan,B2B,Business development,Bangalore,"Altimeter Capital, DST Global",Series A+ (Venture),585000000.0,2019,2019-10,True,True
2019-10-21,The Man Company,Consumer Goods,Beauty and Grooming,Gurgaon,Ayushmann Khurana,Other,,2019,2019-10,False,False
2019-09-05,FPL Technologies,FinTech,Financial Services,Pune,"Matrix Partners India, Sequoia India",Other,4500000.0,2019,2019-09,True,False
2019-09-04,Cashflo,FinTech,Invoice discounting platform and SME lending marketplace,Mumbai,SAIF Partners,Series A+ (Venture),3300000.0,2019,2019-09,True,False
2019-09-04,Digital F5,"Advertising, Marketing",Digital marketing firm,Mumbai,TIW Private Equity,Private Equity,6000000.0,2019,2019-09,True,False
2019-09-04,3rdFlix,SaaS,Education Technology,Hyderabad,Exfinity Venture Partners,Series A+ (Venture),5000000.0,2019,2019-09,True,False
2019-09-04,75F,IoT,Building automation system,Burnsville,Breakthrough Energy Ventures,Series A+ (Venture),18000000.0,2019,2019-09,True,False
2019-09-04,Myelin Foundry,Information Technology,Deep-technology,Bangalore,Endiya Partners,Seed / Angel,1000000.0,2019,2019-09,True,False
2019-09-04,Atomberg Technology,Consumer Technology,"Consumer Electronics, Home Appliances",Mumbai,A91 Partners,Series A+ (Venture),10000000.0,2019,2019-09,True,False
2019-09-04,GOQii,Health and Wellness,Wearable Fitness Bands,Menlo Park,Bennett Coleman and Company Ltd (BCCL),Series A+ (Venture),450000000.0,2019,2019-09,True,False
2019-09-03,Vyapar App,Accounting,Mobile-based Accounting Software,Bangalore,"India Quotient, Axilor Ventures",Series A+ (Venture),5000000.0,2019,2019-09,True,False
2019-08-01,CarDekho,E-Commerce,Automotive,Gurgaon,SC GG India Mobility Holdings LLC,Series A+ (Venture),20000000.0,2019,2019-08,True,False
2019-08-01,Progcap,FinTech,Supply Chain Management,New Delhi,Sequoia India,Series A+ (Venture),5000000.0,2019,2019-08,True,False
2019-08-01,MyPetrolPump,Retail,Fuel Delivery,Bangalore,Unknown,Seed / Angel,1600000.0,2019,2019-08,True,False
2019-08-01,Alteria Capital,FinTech,VC Funds,Mumbai,"Azim Premji, Binny Bansal",Other,140000000.0,2019,2019-08,True,False
2019-08-01,Pine Labs,Information Technology,Last-mile retail transaction technology,Noida,Pine Labs Pte Ltd,Other,38080000.0,2019,2019-08,True,False
2019-08-12,Meesho,E-Commerce,Social Commerce,Bangalore,Naspers,Series A+ (Venture),125000000.0,2019,2019-08,True,False
2019-08-13,Cars24,E-Commerce,Car Retail,Gurgaon,MS Dhoni,Series A+ (Venture),11000000.0,2019,2019-08,True,False
2019-08-13,Uniphore,Customer Service Platform,Conversational AI,Palo Alto,March Capital Partners,Series A+ (Venture),51000000.0,2019,2019-08,True,False
2019-08-23,Zendrive,Automotive,Road Safety Analytics,San Francisco,XL Innovate,Series A+ (Venture),37000000.0,2019,2019-08,True,False
2019-08-23,Lo! Foods,Consumer Goods,Low carb food for Diabetics,Bangalore,"Rashmi Daga (founder, FreshMenu), Raveen Sastry (co-founder, Myntra) and Mitesh Shah (finance chief, BookMyShow)",Seed / Angel,500000.0,2019,2019-08,True,False
2019-08-23,Tala,FinTech,Digital Lending Platform,Santa Monica,RPS Ventures,Series A+ (Venture),110000000.0,2019,2019-08,True,False
2019-08-22,INDwealth,FinTech,Wealth Management,Gurgaon,Tiger Global Management,Other,15000000.0,2019,2019-08,True,False
2019-08-21,HungerBox,Food & Beverage,B2B Foodtech,Bangalore,One97 Communications Ltd.,Series A+ (Venture),6590000.0,2019,2019-08,True,False
2019-08-23,AdmitKard,EdTech,University Admissions,Noida,Growth DNA,Seed / Angel,1000000.0,2019,2019-08,True,False
2019-08-19,Mishry Reviews,Services,Product Review,Gurgaon,Vir Sanghvi,Series A+ (Venture),,2019,2019-08,False,False
2019-08-19,Grofers,E-Commerce,Grocery Delivery,Gurgaon,Softbank Vision Fund,Series A+ (Venture),70000000.0,2019,2019-08,True,False
2019-08-27,Rapido Bike Taxi,Transportation,Bike Taxi,Bangalore,Westbridge Capital,Series A+ (Venture),,2019,2019-08,False,True
2019-07-02,RenewBuy,FinTech,Auto Insurance,Gurgaon,"Lok Capital, IIFL Wealth",Series A+ (Venture),19000000.0,2019,2019-07,True,False
2019-07-02,Atlan,Information Technology,Big Data,Singapore,WaterBridge Ventures,Series A+ (Venture),2500000.0,2019,2019-07,True,False
2019-07-01,WizCounsel,Compliance,Consulting,New Delhi,Kapil Dev,Seed / Angel,145000.0,2019,2019-07,True,False
2019-07-03,Ola,Transport,Cabs,Kormangala,"DIG Investment Ab, Deshe Holdings, Samih Toukan and Hussam Khoury",Series A+ (Venture),1000000.0,2019,2019-07,True,False
2019-07-01,Uniphore,Artificial Intelligence,Speech Recognition,Taramani,March Capital Partners,Series A+ (Venture),38080000.0,2019,2019-07,True,False
2019-07-04,Daalchini Technologies,Food & Beverage,Digital Vending Machine,New Delhi,Artha Venture,Seed / Angel,500000.0,2019,2019-07,True,False
2019-07-10,"""BYJU\\'S""",EdTech,Education,Bangalore,Qatar Investment Authority,Private Equity,150000000.0,2019,2019-07,True,False
2019-07-11,Moglix,E-Commerce,Industrial Tools and Equipments,Singapore,"Composite Capital Management, Sequoia Capital India, Tiger Global Management",Series A+ (Venture),60000000.0,2019,2019-07,True,False
2019-07-10,Ezyhaul,Tech,Logistics,Singapore,Undisclosed,Series A+ (Venture),16000000.0,2019,2019-07,True,False
2019-07-10,Indus OS,Tech,Smartphone Operating System,Andheri,Ventureast,Series A+ (Venture),5750000.0,2019,2019-07,True,False
2019-07-10,HealthAssure,Health Care,Primary care medical network,Mumbai,Blume Ventures,Series A+ (Venture),2500000.0,2019,2019-07,True,False
2019-07-09,House of Msasaba,Luxury Label,Clothes and Apparel,Mumbai,Binny Bansal,Series A+ (Venture),1000000.0,2019,2019-07,True,False
2019-07-08,Board Infinity,EdTech,Full-stack career platform,Chembur,Multiple Angel Investors,Seed / Angel,319605.0,2019,2019-07,True,False
2019-06-05,NoBroker,E-Commerce,Real Estate,Bangalore,General Atlantic,Series A+ (Venture),51000000.0,2019,2019-06,True,False
2019-06-04,Bira91,Food & Beverage,Brewery,New Delhi,Anicut Capital,Debt,10000000.0,2019,2019-06,True,False
2019-06-03,FabHotels,E-Commerce,Hospitality,Gurgaon,"Goldman Sachs, Accel Partners and Qualcomm",Unknown,4889975.54,2019,2019-06,True,False
2019-06-03,Avail Finance,FinTech,FinTech,Bangalore,Matrix Partners,Series A+ (Venture),9000000.0,2019,2019-06,True,False
2019-06-04,BharatPe,FinTech,FinTech,New Delhi,Insight Partners,Series A+ (Venture),75000000.0,2019,2019-06,True,False
2019-06-04,Recykal,Waste Management Service,Optimization,Hyderabad,"Triton Investment Advisors, Pidilite Industries director Ajay Parekh",Series A+ (Venture),26000000.0,2019,2019-06,True,False
2019-06-03,Agara Labs,Deep-Tech,Artificial Intelligence,Bangalore,Blume Ventures and RTP Global,Series A+ (Venture),2500000.0,2019,2019-06,True,False
2019-06-06,Sistema.bio,Agriculture,Hybrid Reactor Biodigestor,Nairobi,"Shell Foundation, DILA CAPITAL, Engie RDE Fund, EcoEnterprise Fund, EDFIMC (ElectriFI), Endeavor Catalyst Fund, CoCapital, Triodos, Alpha Mundi, and Lendahand",Unknown,2739034.68,2019,2019-06,True,False
2019-06-06,Chakr Innovation,Energy,Renewable Energy,New Delhi,IAN Fund,Series A+ (Venture),26000000.0,2019,2019-06,True,False
2019-06-06,Pratilipi,Digital Media,E-Books,Bangalore,Qiming Venture Partners,Series A+ (Venture),15109500.0,2019,2019-06,True,False
2019-06-10,Bolo App,Digital Media,Video Platform,Bangalore,Nexus Venture Partners,Seed / Angel,430200.0,2019,2019-06,True,False
2019-06-10,OkCredit,FinTech,Financial Services,Haryana,Tiger Global Management,Series A+ (Venture),15500000.0,2019,2019-06,True,False
2019-06-06,Biz2Credit,FinTech,Online Lending Platform,New York,WestBridge Capital,Series A+ (Venture),52000000.0,2019,2019-06,True,False
2019-06-08,Vogo Automotive Pvt. Ltd.,Transportation,Dockless Scooter Rental Company,Karnataka,Alteria Capital,Debt,3584000.0,2019,2019-06,True,False
2019-06-04,Leegality,Services,Digital Documentation,Mumbai,Mumbai Angels,Series A+ (Venture),3400000.0,2019,2019-06,True,False
2019-05-06,Ola Electric,Transport,Cabs,Bangalore,Tata Sons,Series A+ (Venture),,2019,2019-05,False,False
2019-05-06,Saahas Zero Waste,Waste Management Service,Optimization,Bangalore,C4D Partners,Series A+ (Venture),868600.0,2019,2019-05,True,False
2019-05-05,StyleDotMe,E-Commerce,Fashion and Shopping,New Delhi,"Indian Angel Network and other angel investors, Innov8 founder Ritesh Malik, Josh Talks founders Supriya Paul and Shobha Banga, and former Hero Corporate president Rohit Chanana",Other,,2019,2019-05,False,False
2019-05-01,BlackBuck,Transport,Logistics,Bangalore,"Goldman Sachs Investment Partners and Silicon Valley-based Accel, Wellington, Sequoia Capital, B Capital, LightStreet, Sands Capital and International Finance Corporation,",Series A+ (Venture),150000000.0,2019,2019-05,True,False
2019-05-02,Zenoti,Saas,Beauty and Wellness Industry,Hyderabad,Tiger Global Management,Series A+ (Venture),50000000.0,2019,2019-05,True,False
2019-05-28,Ather Energy,Automobile,Electric Vehicle,Bangalore,Sachin Bansal,Series A+ (Venture),51000000.0,2019,2019-05,True,False
2019-05-28,FreshVnF,Agtech,Fresh Agriculture Produces,Mumbai,Equanimity Ventures,Seed / Angel,140000000.0,2019,2019-05,True,False
2019-05-30,GlowRoad,E-Commerce,Retail,Bangalore,"Korea Investment Partners, Vertex Ventures",Series A+ (Venture),11500000.0,2019,2019-05,True,False
2019-05-31,Bira91,Food & Beverage,Brewery,New Delhi,Sixth Sense Ventures,Series A+ (Venture),5600000.0,2019,2019-05,True,False
2019-04-16,Kuvera,FinTech,Wealth Management,Bangalore,Eight Roads,Series A+ (Venture),45000000.0,2019,2019-04,True,False
2019-04-12,Medlife,E-Commerce,Online Medicine,Bangalore,Prasid Uno Family Trust,Private Equity,17000000.0,2019,2019-04,True,False
2019-04-10,Kabadiwala,E-Commerce,Waste Management,Bhopal,"Unilever, Beehive Capital Advisor, ABCOM Investments, Parekh Marine Transport,",Private Equity,430665.0,2019,2019-04,True,False
2019-04-13,Tripoto,Social Media,Travel,New Delhi,"Orchid India, Hornbill Orchid India Fund, Chiratae Ventures (formerly IDG Ventures), 3one4 Capital, Lasmer NV",Series A+ (Venture),3591375.0,2019,2019-04,True,False
2019-04-12,Azah,Health and Wellness,Organic wellness,Gurgaon,Unnamed angel investors,Seed / Angel,200000.0,2019,2019-04,True,False
2019-04-11,Setu,FinTech,Banking,Bangalore,Lightspeed India Partners,Seed / Angel,3500000.0,2019,2019-04,True,False
2019-04-10,Toppr,EdTech,E-learning,Mumbai,Milestone,Debt,6320820.0,2019,2019-04,True,False
2019-04-10,Craftsvilla,E-Commerce,Fashion and Apparel,Mumbai,Supera Pte Ltd,Other,2443495.0,2019,2019-04,True,False
2019-04-10,Unacademy,EdTech,E-learning,Bangalore,Kalyan Krishnamurthy,Seed / Angel,307000.0,2019,2019-04,True,False
2019-04-11,CleverTap,SaaS,Mobile analytics and marketing,Mumbai,"Sequoia India, Tiger Global Management, Accel Partners",Series A+ (Venture),26000000.0,2019,2019-04,True,False
2019-04-19,My Healthcare,E-Commerce,Software Solutions,Bengaluru and Gurugram,Sixth Sense Ventures,Series A+ (Venture),3000000.0,2019,2019-04,True,False
2019-04-19,KrazyBee,E-Commerce,Lending Platform,Bangalore,"BAC Acquisitions, Unifi AIF, BRD Securities, Northern R Capital",Debt,14342000.0,2019,2019-04,True,False
2019-04-17,Shuttl,Transportation,Bus Aggregation,Gurgaon,New Atlantic Ventures,Other,5000000.0,2019,2019-04,True,False
2019-04-17,Increff,Technology,Supply-chain technology solutions,Bangalore,"021 Capita, Binny Bansal",Series A+ (Venture),3000000.0,2019,2019-04,True,False
2019-02-01,FleetX,AI,Logistics,Gurgaon,India Quotient and LetsVenture\\xe2\\x80\\x99s Angel Fund,Series A+ (Venture),,2019,2019-02,False,False
2019-02-08,Zilingo,E-Commerce,Fashion & Apparel,India,"Sequoia Capital and Temasek Holdings, EDBI, Burda Principal Investments, and Sofina",Series A+ (Venture),226000000.0,2019,2019-02,True,False
2019-02-13,NanoClean Global,Nanotechnology,Anti-Pollution,New Delhi,"LetsVenture, PitchRight Venture, 91SpringBoard, AL Nour International Holdings and Mark V Investments",Series A+ (Venture),600000.0,2019,2019-02,True,False
2018-02-14,OYO,Hospitality,Budget Rooms,Gurgaon,DiDi Chuxing,Private Equity,100000000.0,2018,2018-02,True,False
2019-01-03,CarDekho,Automobile,Online Marketplace,Jaipur,"Sequoia India, Hillhouse Capital, Alphabet\\xe2\\x80\\x99s growth investment arm Capital G and Axis Bank",Series A+ (Venture),110000000.0,2019,2019-01,True,False
2019-01-04,Vyome Therapeutics Inc.,Health and Wellness,Specialty pharmaceutical,India,"Iron Pillar, Perceptive Advisors, Romulus Capital and Kalaari Capital",Series A+ (Venture),22000000.0,2019,2019-01,True,False
2019-01-04,Samunnati Financial Intermediation & Services Pvt. Ltd,FinTech,Non-banking financial company,Chennai,"MASSIF, a Dutch government fund",Debt,5000000.0,2019,2019-01,True,False
2018-12-04,Manch,Social Media,Hyperlocal Content,New Delhi,Stellaris Venture Partners,Seed / Angel,700000.0,2018,2018-12,True,False
2018-12-01,UrbanClap Technologies Pvt. Ltd,Services Platform,Home services marketplace,New Delhi,Steadview Capital and Vy Capital.,Series A+ (Venture),50000000.0,2018,2018-12,True,False
2018-12-02,Guiddoo,Travel Tech,Platform for travel agents,Mumbai,Individual Investors,Series A+ (Venture),800000.0,2018,2018-12,True,False
2018-12-02,Career Anna,Online Education,"Video-based certification, trainings",Gurgaon,Individual Investors,Series A+ (Venture),572000.0,2018,2018-12,True,False
2018-12-04,Nagpur Wholesale,Online Marketplace,eCommerce,Nagpur,Omphalos Ventures India LLP,Seed / Angel,143000.0,2018,2018-12,True,False
2018-12-06,ShopKirana,B2B,eCommerce,Indore,"Info Edge, AET Fund, Akatsuki and Incubate Fund from Japan and Better Capital AngelList syndicate.",Seed / Angel,2000000.0,2018,2018-12,True,False
2018-12-06,BuildSupply,"SaaS, Ecommerce","Real Estate, ERP",Gurgaon,"Venture Highway, GREE Ventures, Space Matrix, Individual Investors",Series A+ (Venture),3500000.0,2018,2018-12,True,False
2018-11-01,GoDesi,Food & Beverage,Regional Flavours,Bangalore,Lead Angels Network,Seed / Angel,138995.0,2018,2018-11,True,False
2018-11-03,Veritas Finance Ltd.,NBFC,MSME Finance,Chennai,"Norwest Venture Partners, CDC Group, the UK\\xe2\\x80\\x99s Development Finance Institution and P Surendra Pai",Series A+ (Venture),27799000.0,2018,2018-11,True,False
2018-11-06,Meesho,E-Commerce,Social Commerce,Bangalore,"Shunwei Capital, DST Partners and RPS Ventures",Series A+ (Venture),50000000.0,2018,2018-11,True,False
2018-11-08,Mobile Premier League,Gaming,Mobile e-Sports,Bangalore,Undisclosed,Series A+ (Venture),500000.0,2018,2018-11,True,False
2018-11-08,A&R Bon Vivants,Food,Meat Retail Chain,Jaipur,"RB Investments, Singapore",Private Equity,1000000.0,2018,2018-11,True,False
2018-11-12,Blackbuck,Food Tech,POS For Online Ordering,"New York, Bengaluru",Tiger Global,Series A+ (Venture),1000000.0,2018,2018-11,True,False
2018-11-12,MilkBAsket,Food,Micro-delivery grocery service,New Delhi,Mayfield Fund,Series A+ (Venture),1300000.0,2018,2018-11,True,False
2018-11-13,DriveU,Transport,On-Demand Drivers,Bangalore,Stevens Creek Ventures,Other,1000000.0,2018,2018-11,True,False
2018-11-14,CleanseCar,Services,Car Wash,Bangalore,Venture Catalysts,Seed / Angel,500000.0,2018,2018-11,True,False
2018-11-19,Automation Anywhere,Automation,Robotics,California,SoftBank Vision Fund,Series A+ (Venture),300000000.0,2018,2018-11,True,False
2018-11-20,HealthifyMe,Health and Wellness,Wellness Coach,Bangalore,"Sistema Asia Fund, VC Samsung NEXT, Chiratae Ventures, Inventus Capital, Blume Ventures and Innoven Capital.",Series A+ (Venture),6000000.0,2018,2018-11,True,False
2018-11-21,Genius Corner,EdTech,Personalized Learning,Noida,Individual investors,Seed / Angel,278000.0,2018,2018-11,True,False
2018-11-22,Aavishkaar-Intellecap Group,Investment,SME Funding,Mumbai,Teachers Insurance and Annuity Association (TIAA),Other,31000000.0,2018,2018-11,True,False
2018-11-22,Skillbox,Social Network,Art,Gurgaon,Individual investors,Seed / Angel,,2018,2018-11,False,False
2018-11-23,Signzy,Financial Tech,Digital Onboarding Solution,Mumbai,"Stellaris Venture Partners and Kalaari Capital, Rajan Anandan from Google, Dilip Khandwelwal from SAP Labs India, and Amrish Rau from PayU India",Series A+ (Venture),3400000.0,2018,2018-11,True,False
2018-11-24,Engineer.ai,Software,AI Platform,India,"Lakestar and Jungle Ventures, Softbank\\xe2\\x80\\x99s DeepCore.",Series A+ (Venture),29500000.0,2018,2018-11,True,False
2018-11-25,InCred Finance,FinTech,SME Lending,India,"Paragon Partners, Individual Investors",Private Equity,42000000.0,2018,2018-11,True,False
2018-11-25,Roposo,Social Media,Video Sharing,New Delhi,Bertelsmann India Investments,Series A+ (Venture),1700000.0,2018,2018-11,True,False
2018-10-01,Northmist,Fashion,Mens Wear,New Delhi,Prashant Jaiswal,Seed / Angel,,2018,2018-10,False,False
2018-10-02,Origo Commodities India Pvt. Ltd,Logistics,Supply Chain,Hyderabad,"Cooperative Oikocredit, Caspian and Hivos-Triodos Fund",Seed / Angel,11000000.0,2018,2018-10,True,False
2018-10-04,Grover Zampa,Food,Wine,Mumbai,Ravi Viswanathan,Private Equity,8200000.0,2018,2018-10,True,False
2018-10-05,Droom,Automobile,New and Used Cars Platform,Gurgaon,ZigExN,Series A+ (Venture),3000000.0,2018,2018-10,True,False
2018-10-11,Innov8,Real Estate,Co-Working,New Delhi,Credence Family Office,Series A+ (Venture),4000000.0,2018,2018-10,True,False
2018-10-12,Blackbuck,Logistics Tech,Largest Trucking Platform,Bangalore,Sequoia Capital India,Other,14680000.0,2018,2018-10,True,False
2018-10-12,LetsTransport,Logistics Tech,Book Trucks Online,Bangalore,Fosun International,Series A+ (Venture),12000000.0,2018,2018-10,True,False
2018-09-01,Netmeds,Consumer Internet,Online Pharmacy Chain,Chennai,"Sistema Asia Fund, Sistema JSFC and Tanncam Investment",Private Equity,35000000.0,2018,2018-09,True,False
2018-09-03,Udaan,B2B Platform,Logistics and Shipping,Bangalore,DST Global and Lightspeed Venture Partners\\xe2\\x80\\x99 global fund.,Private Equity,225000000.0,2018,2018-09,True,False
2018-09-03,Daily hunt,Consumer Internet,News and ebooks Mobile App,Bangalore,Falcon Edge,Private Equity,6390000.0,2018,2018-09,True,False
2018-09-04,3HCare,Healthcare,Healthcare Service Provider,New Delhi,Unknown,Seed / Angel,1000000.0,2018,2018-09,True,False
2018-09-04,HappyGoEasy,Consumer Internet,Online Travel Agecy,Gurgaon,"Korea Investment Partners (KIP), Samsung and China-based CITIC Capital and others",Private Equity,,2018,2018-09,False,False
2018-09-05,Nykaa,Consumer Internet,Online Marketplace For Multi-brand Beauty Cosmetic and Wellness Products,Mumbai,Lighthouse,Private Equity,157200000.0,2018,2018-09,True,False
2018-09-05,Mad Street Den,Technology,Computer Vision And Artificial Intelligence (Ai) Platform,Chennai,KDDI,Private Equity,,2018,2018-09,False,False
2018-09-06,Dream11,Consumer Internet,Online Gaming Platform,Mumbai,"Tencent, Kalaari Capital and Private equity firm Multiples Alternate Asset Management",Private Equity,100000000.0,2018,2018-09,True,False
2018-09-10,MamaEarth,Healthcare,Online Marketplace For Mother and Babycare Products,Gurgaon,Stellaris Ventures & Others,Private Equity,4000000.0,2018,2018-09,True,False
2018-09-11,AutoGrid,Technology,AI-Based Energy Optimisation and Control Provider,Bangalore,"CLP Holdings Group, Innogy, \\xc3\\x98rstead, and Tenaska",Private Equity,32000000.0,2018,2018-09,True,False
2018-09-11,Pharmeasy,Consumer Internet,Online Marketplace For Pharmaceutical Products,Mumbai,InnoVen Capital,Debt,5500000.0,2018,2018-09,True,False
2018-09-11,Upwards,FinTech,Online Micro Lending Marketplace,Mumbai,"Shunwei Capital,Quotient, Mayfield & Others",Private Equity,5000000.0,2018,2018-09,True,False
2018-09-12,Kissht,FinTech,Online lending Platform,Mumbai,"Vertex Ventures Southeast Asia (SEA) and India and Sistema Asia Fund, Fosun RZ Capital, Ventureast, and Endiya Partners.",Private Equity,30000000.0,2018,2018-09,True,False
2018-08-01,dishq,Food-Tech,Personalisation Technology Firm Focusing On The Food And Beverage Industry,Bangalore,"Farm To Fork, Arts Alliance, The Syndicate Fund, Sven Hensen, Zeroth and Artesian Venture Partners",Seed / Angel,400000.0,2018,2018-08,True,False
2018-08-01,HealthFin,FinTech,Patient Financing Platform,Pune,"Axilor, Sprout Venture Partners and others",Seed / Angel,,2018,2018-08,False,False
2018-08-02,Samosa Labs,Consumer Internet,Social Media and Chat Entertainment Platform,Hyderabad,Xiaomi and Sequoia Capital India,Private Equity,7000000.0,2018,2018-08,True,False
2018-08-03,ZiffyHomes,Consumer Internet,Online Home Rental Marketplace,Gurgaon,Y Combinator,Private Equity,120000.0,2018,2018-08,True,False
2018-08-07,My OmNamo,Consumer Internet,Holy Platform Offering Customised Puja Packages To Individuals and Corporates,Mumbai,Unknown,Seed / Angel,1000000.0,2018,2018-08,True,False
2018-08-07,ShopX,Consumer Internet,Assisted E-commerce Platform,Bangalore,Fung Strategic Holdings,Private Equity,35000000.0,2018,2018-08,True,False
2018-08-07,MakeMyTrip,Consumer Internet,Online Travel Aggregator,Gurgaon,MakeMyTrip Limited,Private Equity,10000000.0,2018,2018-08,True,False
2018-08-08,Hansel io,Consumer Internet,Real-time Mobile App Management,Bangalore,Vertex Ventures,Seed / Angel,4000000.0,2018,2018-08,True,False
2018-08-08,Metro Bikes,Consumer Internet,Online Bike Rental Marketplace,Bangalore,"Sequoia Capital India Advisors, Accel Partners and G Raghunandan",Private Equity,12200000.0,2018,2018-08,True,False
2018-08-08,Phone Pe,Consumer Internet,UPI Payments App,Bangalore,Flipkart,Private Equity,66000000.0,2018,2018-08,True,False
2018-08-09,quizizz,EdTech,e-learning Platform,Bangalore,"Nexus Venture Partners, Prime Venture Partners and Others",Seed / Angel,3000000.0,2018,2018-08,True,False
2018-08-09,Happy EMI,FinTech,Consumer Financing Platform,Bangalore,AJ Ventures and Jain International Trade Organisation (JITO),Seed / Angel,1000000.0,2018,2018-08,True,False
2018-08-13,Inthree,Consumer Internet,Rural E-commerce Platform,Chennai,"Ventureast, Orios Venture Partners and the IAN Fund",Seed / Angel,4000000.0,2018,2018-08,True,False
2018-08-13,Observe AI,Technology,AI Based Solutions Platform,Bangalore,"Nexus Venture Partners, MGV, Liquid 2 Ventures, Hack VC, Emergent Ventures and Y Combinator",Private Equity,8000000.0,2018,2018-08,True,False
2018-08-16,Enakshi,Consumer Internet,AI Based Solutions Platform,Ahmedabad,Unknown,Seed / Angel,114811.0,2018,2018-08,True,False
2018-08-17,EazyDiner,Consumer Internet,Online Restaurant Table Reservation Platform,Gurgaon,Denlow Investment Trust and Beenext,Private Equity,5850000.0,2018,2018-08,True,False
2018-08-20,Finzy,FinTech,Online Loan Matchmaking Platform,Bangalore,Unknown,Seed / Angel,1000000.0,2018,2018-08,True,False
2018-08-20,RawPressery,Consumer Internet,Online Organic Juice Delivery Service,Mumbai,Alteria Capital,Debt,4800000.0,2018,2018-08,True,False
2018-08-22,Pi Ventures,Technology,Applied Artificial Intelligence and IoT focused Platform,Bangalore,CDC Group plc,Private Equity,6000000.0,2018,2018-08,True,False
2018-08-22,Revv,Consumer Internet,Online Indian Car Rental Platform,Gurgaon,"Hyundai, Edelweiss and Beenext, Dream Incubator, Sunjay Kapoor and Telama Investment",Private Equity,14270000.0,2018,2018-08,True,False
2018-08-26,ZestMoney,Consumer Internet,Online Lending Platform,Bangalore,"Xiaomi,PayU, Ribbit Capital and Omidyar Network",Private Equity,13400000.0,2018,2018-08,True,False
2018-08-26,Shubh Loans,FinTech,Customer Sourcing Platform,Bangalore,"Saama Capital, SRI Capital, Beenext, and Pravega Ventures",Private Equity,4200000.0,2018,2018-08,True,False
2018-08-27,MyUpchar,Healthcare,Local Language Health Content App,New Delhi,"Nexus Venture Partners, Omidyar Network and Shunwei Capital",Private Equity,5000000.0,2018,2018-08,True,False
2018-08-28,Narvar,Technology,Post-Purchase Customer Engagement Platform,Bangalore,Accel (formerly known as Accel Partners),Private Equity,3000000.0,2018,2018-08,True,False
2018-08-30,True North,FinTech,Private Equity Firm,Mumbai,Unknown,Private Equity,600000000.0,2018,2018-08,True,True
2018-07-01,Leena AI,Technology,HR Virtual Agent For Employees,Gurgaon,Y Combinator,Seed / Angel,,2018,2018-07,False,False
2018-07-02,Biryani By Kilo,Consumer Internet,Online Food Delivery,Gurgaon,Ajay Relan and Vinay Mittal,Seed / Angel,1000000.0,2018,2018-07,True,False
2018-07-04,Anchanto,Technology,E-commerce Fulfilment Platform,Pune,MDI Ventures & Telkom Indonesia,Private Equity,4000000.0,2018,2018-07,True,False
2018-07-05,Loan Tap,Consumer Internet,Online Lending Platform For Salaried Professionals,Mumbai,"Shunwei Capital, Tuscan Ventures, Ashish Goenka, VC firms India Quotient and Kae Capital",Private Equity,6250000.0,2018,2018-07,True,False
2018-07-06,PolicyBazaar,Consumer Internet,Online Insurance Selling Platform,Gurgaon,Info Edge (India) Ltd and Temasek,Private Equity,27700000.0,2018,2018-07,True,False
2018-07-09,zippserv,Consumer Internet,Online Platform For Risk-Assessment Services For Real Estate Investments,Bangalore,Info Edge (India) Ltd,Seed / Angel,440000.0,2018,2018-07,True,False
2018-07-09,Groww,Consumer Internet,Online Platform That Sells Direct Plans Of Mutual Funds,Bangalore,"Insignia Ventures Partners, Lightbridge Partners & Kairos",Seed / Angel,1100000.0,2018,2018-07,True,False
2018-07-10,Avenue Growth,Consumer Internet,Online Platform That Connects Brands With Freelance Sales Professionals,Gurgaon,"Avtar Monga, chief operating office at IDFC Bank, Aditya Malik & Others",Seed / Angel,437000.0,2018,2018-07,True,False
2018-07-10,iNICU,Healthcare,Med-tech Platform Providing Care For Newborns,New Delhi,Venture Catalysts,Seed / Angel,,2018,2018-07,False,False
2018-07-10,Kinara Capital,FinTech,Lending Platform For Micro and Small Enterprises,Bangalore,ResponsAbility,Private Equity,5000000.0,2018,2018-07,True,False
2018-07-10,Shop 101,Consumer Internet,Mobile Storefront And Commerce Platform For Sellers,Mumbai,"Stellaris Venture Partners, Vy Capital, Raghunandan G, and Ramakant Sharma",Private Equity,5000000.0,2018,2018-07,True,False
2018-07-11,Sambandh,Consumer Internet,Online Micro Lending Platform,Rourkela,Base of Pyramid Asia (BOPA) Pte Ltd,Private Equity,2500000.0,2018,2018-07,True,False
2018-07-12,19th mile,Technology,Artificial intelligence-based sales acceleration software platform,Gurgaon,"Rishi Vasudev, Excelsior Investments, Ritesh Vohra, Praveer Kumar, Prashant Gupta and Others",Seed / Angel,180000.0,2018,2018-07,True,False
2018-07-12,5th Vital,Healthcare,Home diagnostics services provider,Bangalore,Brand Capital and Others,Seed / Angel,500000.0,2018,2018-07,True,False
2018-07-13,MEngage,Healthcare,A Doctor-Patient Engagement Platform,Jaipur,"Siddharth Agarwal, Mahavir Sharma, Amit Singal, 100 Co-founders Lab and others.",Seed / Angel,175000.0,2018,2018-07,True,False
2018-07-17,Ofbusiness,FinTech,Online Lending Platform For SME,Gurgaon,"Creation Investments, Falcon Edge, Matrix Partners India and Zodius Capital",Private Equity,29000000.0,2018,2018-07,True,False
2018-07-17,Cars24,Consumer Internet,Online Used Car Marketplace,Gurgaon,"Kingsway FCI Fund, KCK Global & Others",Private Equity,49700000.0,2018,2018-07,True,False
2018-07-18,The Ken,Consumer Internet,Subscription-Only News Website,Bangalore,Omidyar Network & Others,Seed / Angel,1500000.0,2018,2018-07,True,False
2018-07-19,Book My Show,Consumer Internet,Online Ticketing Platform,Mumbai,"TPG Growth, The Rise Fund & Others",Private Equity,100000000.0,2018,2018-07,True,False
2018-07-20,HousingMan,Consumer Internet,Property Discovery Platform,Bangalore,Unknown,Seed / Angel,1500000.0,2018,2018-07,True,False
2018-07-21,PaySense,Consumer Internet,Online Consumer Lending Platform,Mumbai,PayU & Others,Private Equity,18000000.0,2018,2018-07,True,False
2018-07-23,Yulu Bikes,Technology,Bicycle-Sharing Platform,Bangalore,Unknown,Seed / Angel,,2018,2018-07,False,False
2018-07-23,VTION,Technology,Media Analytics,Gurgaon,"AngelList, Rahul Khanna, Rajeev Arora and Ram Ramsundar.",Seed / Angel,280000.0,2018,2018-07,True,False
2018-07-23,Log9 Materials,Technology,Nanotechnology Company Specializing In Graphene,Bangalore,"Metaform Ventures, Hemant Luthra, Micro venture capital firm GEMS Partners and Others",Seed / Angel,436000.0,2018,2018-07,True,False
2018-07-24,kidovators,EdTech,Skill Learning Platform,Bangalore,Gray Matters,Seed / Angel,180000.0,2018,2018-07,True,False
2018-07-24,Digit,Consumer Internet,Online Insurance Startup,Pune,Fairfax,Private Equity,45000000.0,2018,2018-07,True,False
2018-07-25,Black Soil,FinTech,Non-Banking Financial Company,Mumbai,"Allcargo Logistics, Navneet Education and Mahavir Agency",Private Equity,17000000.0,2018,2018-07,True,False
2018-07-25,Trell,Consumer Internet,Mobile-First Video Blogging App,Bangalore,"BeeNext , WEH Ventures and Sprout Ventures",Seed / Angel,1250000.0,2018,2018-07,True,False
2018-07-25,iqlect,Technology,Data Analytics Firm,Bangalore,Ventureast and Exfinity,Seed / Angel,2500000.0,2018,2018-07,True,False
2018-07-26,Entropik,Technology,Software-As-A-Service Platform,Bangalore,"Bharat Innovation, IDFC-Parampara Capital, Arthavida Ventures, Jitendra Gupta & Others",Seed / Angel,1100000.0,2018,2018-07,True,False
2018-07-26,Bitla Software,Technology,Travel-Focused Tech Startup,Bangalore,MakeMyTrip,Private Equity,,2018,2018-07,False,False
2018-07-26,TheCapitalNet,FinTech,Unified Global Investments Ecosystem,Hyderabad,Lindwall Family Investments LLC (LFI),Private Equity,500000.0,2018,2018-07,True,False
2018-07-30,Shuttl,Consumer Internet,Bus Aggregation Platform,Gurgaon,Amazon Alexa Fund & Dentsu Ventures,Private Equity,11000000.0,2018,2018-07,True,False
2018-07-30,Cure Fit,Consumer Internet,Health and fitness Platform,Bangalore,"IDG Ventures, Accel Partners, Kalaari Capital and Others",Private Equity,120000000.0,2018,2018-07,True,False
2018-07-31,Five Star Group,FinTech,Non-Bank Lending Platform For SME,Chennai,"TPG, Norwest Venture Partners, Sequoia Capital & Matrix Partners",Private Equity,100000000.0,2018,2018-07,True,False
2018-07-31,Healthsignz,Healthcare,Health and Well being Platform,Hyderabad,Kantilal Patel,Seed / Angel,5000000.0,2018,2018-07,True,False
2018-06-01,CoinTribe,FinTech,Credit-Based Lending Marketplace For Small And Medium Enterprises,Gurgaon,"Sabre Partners, Puneet Dalmia & Others",Private Equity,10000000.0,2018,2018-06,True,False
2018-06-04,Digiconectt,Technology,Sales Analytics and Enablement Platform,Bangalore,Aspire Logistics LLC,Seed / Angel,125000.0,2018,2018-06,True,False
2018-06-04,Kashmir Box,E-Commerce,"Online Marketplace For Handicrafts, Handlooms And Local Produce",Srinagar,"Bhairavi Jani, Alok Divatia, Namrata Kaul, Sohail Hashemi, Aijaz Saleem",Seed / Angel,,2018,2018-06,False,False
2018-06-05,Crowdera,FinTech,Online Crowdfunding Platform,Nagpur,"Anil Advani, Pramod Jain, Amrendra Reddy and Manish Satnaliwala.",Seed / Angel,,2018,2018-06,False,False
2018-06-05,Zoctr,Healthcare,Online Healthcare Aggregator,Mumbai,NB Ventures and Others,Seed / Angel,,2018,2018-06,False,False
2018-06-07,Annapurna Finance,FinTech,Non-Banking Financial Company,Bhubneswar,Oman India Joint Investment Fund (OIJIF),Private Equity,23000000.0,2018,2018-06,True,False
2018-06-07,Meesho,Consumer Internet,Online Marketplace For Resellers,Bangalore,"Sequoia Capital India, SAIF Partners, Y Combinator and Venture Highway",Private Equity,11500000.0,2018,2018-06,True,False
2018-06-10,AyeFinance,FinTech,Online Lending Platform,Gurgaon,"CapitalG, SAIF Partners and LGT Impact Ventures",Private Equity,21500000.0,2018,2018-06,True,False
2018-06-11,Theranosis,Healthcare,Specialised diagnostics Platform,Hyderabad,Mumbai Angels Network,Seed / Angel,,2018,2018-06,False,False
2018-06-12,Alpha Capital,FinTech,Supplychain Finance,Mumbai,Alpha Capital,Private Equity,14800000.0,2018,2018-06,True,False
2018-06-12,eshakti,E-Commerce,Fashion e-tailer,Chennai,Paragon Partners,Private Equity,10100000.0,2018,2018-06,True,False
2018-06-12,Daily Ninja,Consumer Internet,Hyperlocal Delivery Platform,Bangalore,Saama Capital and Sequoia Capital,Seed / Angel,3000000.0,2018,2018-06,True,False
2018-06-13,NirogStreet,Healthcare,An Online Platform That Connects Ayurveda Doctors With Patients,Gurgaon,"Spiral Ventures, Subho Ray and Samir Kumar",Seed / Angel,300000.0,2018,2018-06,True,False
2018-06-13,Nivesh,FinTech,Mass Market Mutual Fund Investment Platform,Noida,"LetsVenture, Rajan Anandan, Basab Pradhan, Vivek Khare and Bijoy George",Seed / Angel,450000.0,2018,2018-06,True,False
2018-06-13,What\\xe2\\x80\\x99s Up Life,Consumer Internet,"A Local Discovery App For Dining-Out, Party, Leisure and Events",Gurgaon,Rannvijay Singha,Seed / Angel,,2018,2018-06,False,False
2018-06-14,HomeLane,Consumer Internet,Online Home Furnishing Solutions,Bangalore,Brand Capital,Seed / Angel,3450000.0,2018,2018-06,True,False
2018-06-14,Network Intelligence,Technology,Cybersecurity Specialist,Mumbai,Helix Investments,Private Equity,4800000.0,2018,2018-06,True,False
2018-06-18,Tynor Othontics,Healthcare,Prosthetics Manufacturers,Chandigarh,Lighthouse Funds & Thuasne Participations,Private Equity,21000000.0,2018,2018-06,True,False
2018-06-18,Elucidata,Technology,Data Analytics (SaaS),Delhi & Cambridge,Hyperplane Venture Capital and several angel investors,Seed / Angel,1700000.0,2018,2018-06,True,False
2018-06-19,Chrysalis,EdTech,Education Services Provider,Pune,Menterra Venture & Artha Initiatives,Seed / Angel,,2018,2018-06,False,False
2018-06-19,RentSher,Consumer Internet,Online Rental Marketplace,Bangalore,"Shorooq Investments, LetsVenture & Others",Seed / Angel,1100000.0,2018,2018-06,True,False
2018-06-20,Drip capital,FinTech,Trade Finance Firm,Mumbai,"Accel Partners, Sequoia India, Y Combinator and others.",Private Equity,15000000.0,2018,2018-06,True,False
2018-06-22,WickedRide,Consumer Internet,Online Motorbike And Scooter Rental Platforms,Bangalore,"Sequoia Capital, Accel Partners & Raghunandan Gangappa",Private Equity,9100000.0,2018,2018-06,True,False
2018-06-25,PolicyBazaar,Consumer Internet,Online Insurance Selling Platform,Gurgaon,SoftBank Vision Fund & Info Edge (India) Ltd,Private Equity,200000000.0,2018,2018-06,True,False
2018-06-25,HipBar,Consumer Internet,Digital Payment Platform For Beverage Delivery,Bangalore,Diageo India,Private Equity,4000000.0,2018,2018-06,True,False
2018-06-25,Sqqrl,FinTech,App-based investment platform,Gurgaon,Equanimity Venture Fund,Seed / Angel,1000000.0,2018,2018-06,True,False
2018-06-26,Paytm,Technology,Digital Payment Platform,Noida,One 97 Communications,Private Equity,8950000.0,2018,2018-06,True,False
2018-06-26,Sigtuple,Healthcare,Data Driven Intelligence Solutions Platform,Bangalore,"Accel Partners, IDG Venture, Endiya Partners, pi Ventures, VH Capital, Axilor Ventures and Binny Bansal",Private Equity,19000000.0,2018,2018-06,True,False
2018-06-27,Wow Express,Technology,E-commerce Logistics Platform,Mumbai,Undisclosed Existing Investors As Well As The Tamarind Family Trust,Private Equity,4500000.0,2018,2018-06,True,False
2018-06-28,Front Desk AI,Technology,An AI Platform Offering Automated Customer Service Software,Bangalore,Speciale Invest & Others,Seed / Angel,1100000.0,2018,2018-06,True,False
2018-06-28,Edureka,EdTech,Online Education Platform,Bangalore,Leo Capital,Seed / Angel,2000000.0,2018,2018-06,True,False
2018-06-29,Numeroseven,Technology,An Artificial Intelligence-Based Recruitment Platform,Kolkata,Shiva Gunapu & Others,Seed / Angel,,2018,2018-06,False,False
2018-05-02,OpenTap,FinTech,Online Lending Platform,Chennai,Unknown High Net-Worth Individuals,Seed / Angel,450000.0,2018,2018-05,True,False
2018-05-02,Bizongo,Consumer Internet,Aggregator For Packaging Material,Mumbai,"B Capital, International Finance Corporation (IFC), Accel Partners and IDG Ventures",Private Equity,22000000.0,2018,2018-05,True,False
2018-05-03,Disprz,Technology,SaaS,Chennai,"IL&FS Private Equity, Kae Capital & Others",Seed / Angel,2500000.0,2018,2018-05,True,False
2018-05-07,PaisaDukan,Consumer Internet,P2P Lending Platform,Mumbai,Unknown,Seed / Angel,225000.0,2018,2018-05,True,False
2018-05-09,i3sysytems,Technology,AI product company For Health and Life Insurane Companies,Mumbai,"Unitus Ventures, Behram Vakil and Jerxis Vandrevala",Seed / Angel,1000000.0,2018,2018-05,True,False
2018-05-11,Earth Food,Consumer Internet,Agri-tech,Pune,Rairah Corporation,Seed / Angel,949000.0,2018,2018-05,True,False
2018-05-14,Nykaa,Consumer Internet,Beauty e-tailer,Mumbai,"Sunil Munjal, Harsh Mariwala, Dalip Pathak and Others",Private Equity,24000000.0,2018,2018-05,True,False
2018-05-16,mfine,Healthcare,Doctor-Consultation App,Bangalore,"Prime Venture Partners, Stellaris Venture Partners and Mayur Abhaya Srisrimal",Private Equity,4200000.0,2018,2018-05,True,False
2018-05-21,Rocketium,Technology,Online Video Creation Platform,Bangalore,Blume ventures,Seed / Angel,300000.0,2018,2018-05,True,False
2018-05-21,MilkBasket,Technology,Micro-Delivery Grocery Startup,Gurgaon,"Kalaari Capital, Unilever Ventures and Blume Ventures",Private Equity,7000000.0,2018,2018-05,True,False
2018-05-22,Vola,FinTech,Micro Lending Platform,Bangalore,Credika and unnamed angel investors,Seed / Angel,500000.0,2018,2018-05,True,False
2018-05-22,Cashkumar,Consumer Internet,P2P Lending Platform,Bangalore,LetsVenture,Seed / Angel,735000.0,2018,2018-05,True,False
2018-05-23,Edyoo,E-Commerce,Products For Shoolgoing Children,Bangalore,RS Shanbag,Seed / Angel,735000.0,2018,2018-05,True,False
2018-05-23,Aashiyaan,FinTech,Housing Finance For Low-Income Families,Kolkata,"Insistor, Oikocredit",Seed / Angel,2000000.0,2018,2018-05,True,False
2018-05-24,Smartivity,EdTech,Designer Of Toys and Learning Projects For Kids,New Delhi,"Ashish Kacholi, S Chand Group",Seed / Angel,2000000.0,2018,2018-05,True,False
2018-05-24,Bonphulapl,Clean-tech,Oxygen Optimiser Manufacturer,New Delhi,Atul Gupta and Saurabh Rastogi,Seed / Angel,293000.0,2018,2018-05,True,False
2018-05-27,Acko,Consumer Internet,Online Insurance Platform,Mumbai,"Amazon, Ashish Dhawan, Catamaran Ventures, NR Narayana Murthy.",Seed / Angel,12000000.0,2018,2018-05,True,False
2018-05-28,HWell24,Healthcare,Home Healthcare Aggregator,Mumbai,"Prashant Mehta, Mitali Pawar, Nikhil G and Bhavesh P, R Ranganathan, ONCOTRUST and Medintel Services Pvt. Ltd",Seed / Angel,200000.0,2018,2018-05,True,False
2018-05-29,Toffee,Consumer Internet,Online Insurance Platform,Gurgaon,"Kalaari Capital, Omidyar Network and Accion Venture Labs",Seed / Angel,1500000.0,2018,2018-05,True,False
2018-05-29,Tonetag,Technology,Mobile Payments Technology Platform,Bangalore,Amazon Inc. and Mastercard,Private Equity,8000000.0,2018,2018-05,True,False
2018-05-30,Events High,Consumer Internet,Events and Activities Discovery Platform,Bangalore,Treebo,Private Equity,,2018,2018-05,False,False
2018-05-30,Stellaps,Technology,Iot Application Platform In Agriculture,Bangalore,"IndusAge Partners, Bill & Melinda Gates Foundation, Qualcomm Venture, ABB Technology Ventures, Omnivore, Blume Ventures, Venture Highway and BEENEXT",Private Equity,14000000.0,2018,2018-05,True,False
2018-05-31,Credright,Consumer Internet,Lending Platform For SMEs,Hyderabad,"Accion Venture Lab, YourNest Venture Capital And Other Angel Investors",Seed / Angel,1300000.0,2018,2018-05,True,False
2018-04-02,Fitternity,Consumer Internet,Online Fitness Discovey Platform,Mumbai,"Exfinity Venture, Saha fund Partners, Arihant Patni of Patni Family Office, Anjali Bansal, Shardul Amarchand Mangaldas, Satish Khanna and Taparia family office.",Private Equity,2000000.0,2018,2018-04,True,False
2018-04-02,Synctag,Technology,Social Media Anlaytics Platform,Coimbatore,Subhkam Ventures and Mohit Khadaria,Seed / Angel,307600.0,2018,2018-04,True,False
2018-04-02,Benepik,Technology,Enhanced Employee Engagement Platform,Gurgaon,"Vishal Bali, Yogesh Misra, Thomas Assessments and others",Seed / Angel,,2018,2018-04,False,False
2018-04-02,Finzy,Consumer Internet,Online Loan Matchmaking Platform,Bangalore,Unknown,Seed / Angel,1300000.0,2018,2018-04,True,False
2018-04-04,Varthana,FinTech,Loans and Services To Affordable Private Schools in India,Bangalore,"ChrysCapital, Existing investors, Elevar Equity, LGT Impact, Omidyar Network and Kaizen Private Equity also participated in the round",Private Equity,55000000.0,2018,2018-04,True,False
2018-04-05,IndigoLearn,EdTech,Online Education Platform,Hyderabad,"Maheshwar Peri, founder and chairman of career information portal Careers360, and Jamshed Jeejeebhoy, director at Byramjee Jeejeebhoy Pvt. Ltd were among the angels",Seed / Angel,150000.0,2018,2018-04,True,False
2018-04-05,Vedantu,EdTech,Interactive Online Tutoring Platform,Bangalore,"Accel Partners, Tiger Global And Others",Private Equity,10000000.0,2018,2018-04,True,False
2018-04-09,Kaleidofin,Fiinance,Digital Financial Services Platform,Chennai,Omidyar Network. Blume Ventures and Professor Shlomo Ben-Haim,Seed / Angel,2800000.0,2018,2018-04,True,False
2018-04-09,Pipabella,Consumer Internet,Fashion Accessories Etailer,Mumbai,Fireside Ventures,Seed / Angel,1000000.0,2018,2018-04,True,False
2018-04-09,Elemential,Technology,Blockchain Platform,Mumbai,"Matrix Partner, Amrish Rau, Investopad, Digital Currency Group, Hinduja Group, Lightspeed India, Eight Innovate, Amit Ranjan, Prashant Malik and others",Seed / Angel,,2018,2018-04,False,False
2018-04-09,Kriger Campus,EdTech,Mobile-Based Education Network,New Delhi,Unknown,Seed / Angel,46140.0,2018,2018-04,True,False
2018-04-10,Loanzen,FinTech,Digital Lending Platform In Logistics,Bangalore,Kae Capital Management,Seed / Angel,,2018,2018-04,False,False
2018-04-10,TravelTriangle,Consumer Internet,Online Travel Marketplace,Gurgaon,"Fundamentum, SAIF Partners, Bessemer Venture Partners, RB investments & Others",Private Equity,12000000.0,2018,2018-04,True,False
2018-04-12,Letsmd,Healthcare,Platform To Discover Healthcare Financing Options,New Delhi,"SRI Capital, Waterbridge Ventures and ThinKuvate",Seed / Angel,1000000.0,2018,2018-04,True,False
2018-04-12,AyeFinance,FinTech,Online Lending Platform,Gurgaon,"BlueOrchard Finance Ltd, Hinduja Leyland Finance and IntelleGrow",Debt,4600000.0,2018,2018-04,True,False
2018-04-13,mintifi,FinTech,Online Lending Platform,Mumbai,Lok Capital,Seed / Angel,2000000.0,2018,2018-04,True,False
2018-04-16,icanstay,Consumer Internet,Online Platform For Luxury Hotel Stay For Business Travelers,New Delhi,Mr. Manoj Prasad,Seed / Angel,500000.0,2018,2018-04,True,False
2018-04-16,Pregbuddy,Healthcare,Connected Care App For Pregnant Women,Bangalore,"Rajan Anandan, Madhusudhan Kannan, Jayant Kadambi, Puneet Gupta and Pradeep K Jaisingh",Seed / Angel,,2018,2018-04,False,False
2018-04-18,Coverfox,Consumer Internet,Online Insurance Aggregator,Mumbai,"International Finance Corporation, Transamerica and others.",Private Equity,22000000.0,2018,2018-04,True,False
2018-04-19,Lenskart,Consumer Internet,Online Eyewear Retailer,Faridabad,TR Capital,Private Equity,,2018,2018-04,False,False
2018-04-19,mamaearth,Healthcare,Online Baby care Products,Gurgaon,Shilpa Shetty Kundra,Private Equity,,2018,2018-04,False,False
2018-04-19,Fyle Technologies,Technology,AI Based Expense Management Platform,Bangalore,Pravega Ventures and Beenext,Seed / Angel,1100000.0,2018,2018-04,True,False
2018-04-19,True Balance,Technology,Mobile Balance Checking App,Gurgaon,"Line Ventures Corporation, Line Corp, Naver, Shinhan Bank and TS Investment",Private Equity,23000000.0,2018,2018-04,True,False
2018-04-22,Visit,Healthcare,AI Driven Health tech Platform,New Delhi,"Biz Stone, Kunal Bahl, Rohit Bansal, Alagu Periyannan and Karthee Madasamy",Private Equity,,2018,2018-04,False,False
2018-04-22,Doxper,Healthcare,Digitized Health-Tech Solutions For Practitioners,Mumbai,Vidal Healthcare,Seed / Angel,1900000.0,2018,2018-04,True,False
2018-04-22,Nykaa,Consumer Internet,Beauty e-tailer,Mumbai,"Sunil Munjal, Harsh Mariwala, Dalip Pathak and Others",Private Equity,11000000.0,2018,2018-04,True,False
2018-04-23,Mihuru,FinTech,Online Platform Providing Micro Loans For Air Travel,Mumbai,Unknown,Seed / Angel,150000.0,2018,2018-04,True,False
2018-04-23,Capital Float,FinTech,Online Lending Platform,Bangalore,Amazon,Private Equity,22000000.0,2018,2018-04,True,False
2018-04-25,Trip shelf,Consumer Internet,Online Travel Marketplace,New Delhi,"GEMS Advisory, Alok Mittal and Sachin Bhatia",Seed / Angel,246000.0,2018,2018-04,True,False
2018-04-26,POPxo,Technology,Women Focussed Digital Media Platform,New Delhi,"Neoplux, OPPO, IDG Ventures India, Kalaari Capital, GREE Ventures and Summit Media",Private Equity,5500000.0,2018,2018-04,True,False
2018-04-26,RailYatri,Consumer Internet,Online Travel Ticketing Platform,Noida,"Omidyar Network, Nandan Nilekani, Blume Ventures, Helion Venture Partners",Private Equity,,2018,2018-04,False,False
2018-04-27,1mg,Consumer Internet,Online Pharmacy Store,Gurgaon,"Sequoia Capital, Maverick Capital Ltd and HBM Healthcare Investments Ltd",Private Equity,10000000.0,2018,2018-04,True,False
2018-04-29,Rubique,Consumer Internet,Online Lending MarketPlace,Mumbai,"Emery Capital, Blacksoil and Kalaari Capital",Private Equity,,2018,2018-04,False,False
2018-04-30,Samco,Consumer Internet,Online Stock Broker,Mumbai,Bay Capital Investments and Others,Private Equity,7500000.0,2018,2018-04,True,False
2018-04-30,MyLoanCare,FinTech,B2C Online Loans Marketplace,Gurgaon,SAR Group,Seed / Angel,978000.0,2018,2018-04,True,False
2018-03-01,PharmEasy,Consumer Internet,Online Pharmacy Store,Mumbai,"Bessemer Venture Partners and Orios Venture Partners, JM Financials and MEMG",Private Equity,,2018,2018-03,False,False
2018-03-01,Buddy4studdy,Consumer Internet,Online Scholarship Portal,Noida,CBA Capital and others,Private Equity,3000000.0,2018,2018-03,True,False
2018-03-01,Urban Ladder,E-Commerce,Online Furniture Store,Bangalore,"Sequoia Capital, SAIF Partners and Kalaari capital",Private Equity,12000000.0,2018,2018-03,True,False
2018-03-03,Kuvera,Consumer Internet,Online Financial Planning,Bangalore,"Baskar Subramanian, Saket Kumar, Gaurav Suri and Ankit Kesarwani",Seed / Angel,250000.0,2018,2018-03,True,False
2018-03-04,Gramophone,Technology,Agri-tech,Indore,InfoEdge,Seed / Angel,1000000.0,2018,2018-03,True,False
2018-03-05,Wellthy,Healthcare,Therapeutics,Mumbai,"Ranjan Pai, Apoorva Patni, Beenext Ventures,GrowX Ventures",Private Equity,2100000.0,2018,2018-03,True,False
2018-03-05,MedGenome,Healthcare,"Genetic Screening, DNA Diagnostics Labs & Research Centers",Bangalore,"HDFC Life, HDFC Asset Management",Private Equity,10000000.0,2018,2018-03,True,False
2018-03-05,Finova Capital,Consumer Internet,Online Lending,Jaipur,Sequoia Capital,Private Equity,6000000.0,2018,2018-03,True,False
2018-03-05,Hotelogix,Technology,Cloud based Online Hotel Management Software,Noida,"Vertex Ventures, Accel Partners and Saama Capital",Private Equity,5000000.0,2018,2018-03,True,False
2018-03-04,Livehealth,Consumer Internet,Health Service Aggregator Platform,Pune,Nexus Venture Partners,Seed / Angel,1100000.0,2018,2018-03,True,False
2018-03-06,Ad2pro,Technology,"Creative Design, Brand, Media and Technology Platform Solutions",Chennai,Avendus Finance Pvt. Ltd,Debt,9700000.0,2018,2018-03,True,False
2018-03-06,Coverfox,Consumer Internet,Online Insurance Aggregator,Mumbai,Aegon NV,Private Equity,7600000.0,2018,2018-03,True,False
2018-03-08,Pepperfry,Consumer Internet,Online Furniture Shopping Store,Mumbai,State Street Global Advisors,Private Equity,38400000.0,2018,2018-03,True,False
2018-03-08,Magicpin,Consumer Internet,Hyperlocal Discovery,Gurgaon,Trifecta Capital,Debt,1000000.0,2018,2018-03,True,False
2018-03-12,HealthCare,Consumer Internet,Healthcare Aggregator,Mumbai,HR Fund,Seed / Angel,1000000.0,2018,2018-03,True,False
2018-03-13,PineLabs,Technology,Digital Payment Platform,Mumbai,"Actis, Altimeter Capital",Private Equity,82000000.0,2018,2018-03,True,False
2018-03-14,Stumagz,Consumer Internet,Online Communication and Collaboration Platform For Educational Institutions,Hyderabad,"Venkat Subramanian, Sudhakar Pennam, and other tech investors from Silicon Valley",Seed / Angel,,2018,2018-03,False,False
2018-03-14,AvailFinance,Consumer Internet,Online Lending Platform,Bangalore,"Matrix Partners, Bhavish Aggarwal, Ankit Bhati, Binny Bansal, Kunal Shah and Manish Patel.",Private Equity,17200000.0,2018,2018-03,True,False
2018-03-15,Grofers,Consumer Internet,Online Grocery Shop,Gurgaon,"SoftBank, Tiger Global and Apoletto Managers.",Private Equity,62000000.0,2018,2018-03,True,False
2018-03-19,Fingerlix,Consumer Internet,Ready To cook Food Solution,Mumbai,Alteria Capital,Debt,1310000.0,2018,2018-03,True,False
2018-03-19,Karma Healthcare,Healthcare,Technology enabled equitable healthcare for India,Udaipur,"1Crowd, Ankur Capital",Seed / Angel,500000.0,2018,2018-03,True,False
2018-03-19,Zappfresh,Food & Beverages,Online Raw Meat E-tailer,Gurgaon,"Amit Burman, SIDBI Venture Capital",Seed / Angel,3000000.0,2018,2018-03,True,False
2018-03-19,CustomerSucessBox,Technology,Customer Success Software for B2B SaaS,Gurgaon,"Pi Ventures, Axilor Ventures",Seed / Angel,1000000.0,2018,2018-03,True,False
2018-03-20,One Labs,Consumer Internet,Consumer Technology and Artificial Intelligence Based Aggregator App,Unknown,Micromax Informatics Ltd,Private Equity,,2018,2018-03,False,False
2018-03-21,GigIndia,Consumer Internet,Micro Jobs Provider For Students,Pune,"Jessica Wong, Hiro Mashita, Xue Manzi and Yiyun Zhang.",Seed / Angel,,2018,2018-03,False,False
2018-03-22,Chargebee,Technology,Subscription Billing & Recurring Payments Software,Chennai,"Insight Venture Partners, Accel Partners and Tiger Global Management.",Private Equity,18000000.0,2018,2018-03,True,False
2018-03-22,i2i Funding,Consumer Internet,Online loan platform,Noida,SucSEED Venture Partners,Seed / Angel,768000.0,2018,2018-03,True,False
2018-03-22,Slang Labs,Technology,Voice-based assistant platform,Bangalore,Endiya Partners,Seed / Angel,1240000.0,2018,2018-03,True,False
2018-03-22,UrbanPiper,Technology,Online ordering solution for restaurants and food chains,Bangalore,"Kumar Vembu, Axilor Ventures",Seed / Angel,,2018,2018-03,False,False
2018-03-26,Cash Suvidha,Consumer Internet,Online loan platform,New Delhi,"Initia Holdings,Vipin Agarwal and others.",Seed / Angel,1000000.0,2018,2018-03,True,False
2018-03-28,Roadcast,Technology,Fleet management and asset monitoring platform,New Delhi,Unknown,Private Equity,250000.0,2018,2018-03,True,False
2018-03-28,Smartcoin,FinTech,Micro lending company,Bangalore,"Accion Venture Lab, Unicorn India Ventures and ISME ACE.",Seed / Angel,2000000.0,2018,2018-03,True,False
2018-03-27,The Print,Media,News portal,New Delhi,Ratan Tata,Seed / Angel,535000.0,2018,2018-03,True,False
2018-03-27,DriveU,Technology,Professional Car Drivers Hiring App,Bangalore,Amit Singhal and Unitus Seed Fund,Private Equity,3000000.0,2018,2018-03,True,False
2018-03-29,Fynd,Consumer Internet,O2O fashion ecommerce platform,Mumbai,"Google, Kae Capital, IIFL, Singularity Ventures, GrowX, Tracxn Labs, Venture Catalyst, Patni family office and Axis Capital.",Seed / Angel,,2018,2018-03,False,False
2018-02-01,BigBasket,Consumer Internet,Online Grocery & Food Store,Bangalore,"Alibaba, Helion Venture Partners, Bessemer Venture Partners, Ascent Capital",Private Equity,300000000.0,2018,2018-02,True,False
2018-02-01,Zomato,Food and Beverages,Food Ordering and Restaurant Discovery,Gurgaon,Ant Financials,Private Equity,200000000.0,2018,2018-02,True,False
2018-02-05,Pratilipi,Publishing,E-Publishing,Bangalore,Omidyar Network,Private Equity,4300000.0,2018,2018-02,True,False
2018-02-05,Asia Institute Of Medical Science,Healthcare,Super-specialty Hospital,Faridabad,CDC Group Plc,Private Equity,21000000.0,2018,2018-02,True,False
2018-02-05,CollegeDekho,Consumer Internet,Online platform for Higher Education Services,Gurgaon,"Man Capital LLP, Girnar Software, Others",Private Equity,2000000.0,2018,2018-02,True,False
2018-02-06,Foodmemories,Consumer Internet,Online Food Marketplace,Ahmedabad,"Bhavesh Manglani, Suraj Saharan, Darshan Upadhyay, Sanjay Notani & Others",Seed / Angel,,2018,2018-02,False,False
2018-02-06,Healthi,Healthcare,Preventive Health Checkup,Bangalore,Montane Ventures,Private Equity,3100000.0,2018,2018-02,True,False
2018-02-07,Swiggy,Food and Beverages,Online Food Delivery,Bangalore,Naspers,Private Equity,100000000.0,2018,2018-02,True,False
2018-02-08,Shape,Healthcare,"Online Portal for Diet,fitness and Beauty",Pune,Sandeep Mathur,Seed / Angel,100000000.0,2018,2018-02,True,False
2018-02-08,Icertis,Consumer Internet,Enterprise Contract Management Platform,Pune,Meritech Capital Partners,Private Equity,50000000.0,2018,2018-02,True,False
2018-02-09,healthifyme,Healthcare,Mobile Weight Loss Coach,Bangalore,Sistema Asia Fund,Private Equity,12000000.0,2018,2018-02,True,False
2018-02-09,MedTel,Healthcare,Virtual health clinics,Bhubaneswar,British and Indian Governments,Private Equity,,2018,2018-02,False,False
2018-02-09,Rupeek,Consumer Internet,Online Gold Loan,Bangalore,"Accel Partners, Sequoia Capital",Private Equity,6830000.0,2018,2018-02,True,False
2018-02-09,WebEngage,Technology,Marketing Cloud for consumer businesses,Mumbai,Social Capital,Private Equity,,2018,2018-02,False,False
2018-02-12,Lendingkart,FinTech,Online Lending Platform,Bangalore,Fullerton Financial Holdings Pte Ltd & Others,Private Equity,87000000.0,2018,2018-02,True,False
2018-02-12,Wydr,Consumer Internet,B2B Marketplace,Gurgaon,"Bessemer Venture Partners, Stellaris Venture Partners, Axis Capital, Singapore, Jungle Venture Partners",Private Equity,,2018,2018-02,False,False
2018-02-12,Cashify,E-Commerce,Online Selling,Gurgaon,Trifecta Capital,Debt,935089.0,2018,2018-02,True,False
2018-02-13,holachef,Food and Beverages,Online Food Delivery,Mumbai,Ashok Kumar Gajera,Seed / Angel,311200.0,2018,2018-02,True,False
2018-02-13,Awaaz De,Technology,Mobile Solutions for Social Impact,Ahmedabad,Tribe Impact Capital LLP,Seed / Angel,,2018,2018-02,False,False
2018-02-13,IMAX Program,EdTech,Individualised Progressive Learning Program,Bangalore,"Michael & Susan Dell Foundation, LGT Impact Ventures",Private Equity,13500000.0,2018,2018-02,True,False
2018-02-14,Littlemore,EdTech,Online Education Platform,Chennai,Kalpavriksh,Private Equity,3000000.0,2018,2018-02,True,False
2018-02-14,Toppr,EdTech,Online Education Platform,Mumbai,Axis Capital Partners,Private Equity,100000.0,2018,2018-02,True,False
2018-02-14,Shirsa Labs,EdTech,Integrated Kids Engagement Company,Mumbai,"Dewang Neralla, Mahesh Kothurkar,Atul Agarwal",Private Equity,500000.0,2018,2018-02,True,False
2018-02-14,MoneyOnMobile,Technology,mobile payment platform,Mumbai,S7 Group,Private Equity,5000000.0,2018,2018-02,True,False
2018-02-15,PetSutra,Consumer Internet,Online Pet Care Products,Gurgaon,Michael Patrick Hickey,Seed / Angel,148434.0,2018,2018-02,True,False
2018-02-15,Infibeam,E-Commerce,Online Retailing,Ahmedabad,Network 18,Private Equity,6230000.0,2018,2018-02,True,False
2018-02-16,happay,FinTech,Expense Management,Bangalore,Sequoia and Jerry Yang,Seed / Angel,250000.0,2018,2018-02,True,False
2018-02-16,Fincash,FinTech,Fin-Tech,Mumbai,"Mohammed Khan, Sameer Narayan & Others",Seed / Angel,150000.0,2018,2018-02,True,False
2018-02-19,AyeFinance,FinTech,Online Lending,Gurgaon,"Hinduja Leyland Finance, IntelleGrow",Private Equity,3800000.0,2018,2018-02,True,False
2018-02-20,Agricxlab,Agriculture,Agri-tech,Mumbai,Ankur Capital,Seed / Angel,500000.0,2018,2018-02,True,False
2018-02-21,Udaan,E-Commerce,B2B Marketplace,Bangalore,Lightspeed & Yuri Milner,Private Equity,50000000.0,2018,2018-02,True,False
2018-02-21,Capillary,Technology,SaaS,Bangalore,"Wargburg Pincus, Sequoia",Private Equity,20000000.0,2018,2018-02,True,False
2018-02-21,The Healthy Billions,Healthcare,Analytics,Gurgaon,"Blume Ventures, HealthQuad and Fireside Ventures",Private Equity,2100000.0,2018,2018-02,True,False
2018-02-21,HighRadius,Technology,Cloud-based Software,Hyderabad,"PNC, Citi Ventures",Private Equity,,2018,2018-02,False,False
2018-02-26,Avishkaar Box,EdTech,Education,New Delhi,Auxano Deals,Private Equity,772500.0,2018,2018-02,True,False
2018-02-26,Planys Technologies,Technology,Robotic InspectionStartup,Chennai,"Kris Gopalakrishnan, Pratithi Investment Trust, MEMG Family Office, S Gopal",Private Equity,1040000.0,2018,2018-02,True,False
2018-02-27,Lollypop,Technology,Digital Design,Bangalore,Dr Devi Shetty,Seed / Angel,,2018,2018-02,False,False
2018-02-27,Trilyo,Technology,AI platform for hospitality industry,Mumbai,"Startup Buddy,Amit Manocha and others",Seed / Angel,250000.0,2018,2018-02,True,False
2018-02-28,Gaana,Technology,Online Music Streaming,Gurgaon,"Tencent Holdings Ltd, Times Internet",Private Equity,115000000.0,2018,2018-02,True,False
2018-02-28,Credy,Technology,SaaS,Bangalore,"Y Combinator, Khosla Ventures, Vy Capital and others",Seed / Angel,1400000.0,2018,2018-02,True,False
2018-02-28,Predible Health,Healthcare,Cancer radiology,Bangalore,Unitus Seed Fund,Seed / Angel,,2018,2018-02,False,False
2018-01-02,CleverTap,Technology,Mobile App Analytics,Mumbai,"Recruit Holdings, Sequoia Capital India, Accel Partners",Seed / Angel,,2018,2018-01,False,False
2018-01-04,EarlySalary,FinTech,Online Lending,Pune,Eight Roads Ventures India,Other,15700000.0,2018,2018-01,True,False
2018-01-05,WOTU,E-Commerce,Food and Beverages,Bangalore,"Claris Capital, Mumbai Angels Network",Seed / Angel,,2018,2018-01,False,False
2018-01-08,DAAKI,E-Commerce,Sports Nutrition Supplement etailer,Bangalore,Rohan Agila,Seed / Angel,,2018,2018-01,False,False
2018-01-09,Lendingkart,FinTech,Online Lending,Ahmedabad,Nederlandse Financierings-Maatschappij voor Ontwikkelingslanden N.V.,Debt,4700000.0,2018,2018-01,True,False
2018-01-09,Kinsane Entertainment Inc,Entertainment,Digital Entertainment for Children,Mumbai,Unknown,Seed / Angel,2500000.0,2018,2018-01,True,False
2018-01-10,Tapzo,Technology,Personal Assistant,Bangalore,RuNet & Other,Private Equity,1930000.0,2018,2018-01,True,False
2018-01-10,Appario Retail Pvt Ltd.,E-Commerce,Retail,New Delhi,Amazon-Patni JV,Private Equity,18840000.0,2018,2018-01,True,False
2018-01-10,Samunnati,FinTech,Agricultural Loan,Chennai,"responsAbility, Elevar Equity and Accel Partners",Private Equity,23500000.0,2018,2018-01,True,False
2018-01-10,Sahajanand Medical Technologies,Technology,Medical Devices,Surat,Morgan Stanley Private Equity Asia,Private Equity,36230000.0,2018,2018-01,True,False
2018-01-12,Kuants,Technology,Algorithmic Trading,Gurgaon,"Pankaj Chopra, Ankush Gupta",Seed / Angel,80000.0,2018,2018-01,True,False
2018-01-12,Razorpay,Technology,Payment Gateway,Bangalore,"Tiger Global, Y Combinator",Private Equity,20000000.0,2018,2018-01,True,False
2018-01-15,Streak,Technology,Algorithmic Trading,Bangalore,"Indian fintech fund, Rainmatter",Seed / Angel,354600.0,2018,2018-01,True,False
2018-01-15,pi Ventures,FinTech,Venture Capital,Bangalore,"Sunil Kant Munjal, Hero Electronix\\xe2\\x80\\x99s corporate financing arm, Electronic Development Fund",Private Equity,25000000.0,2018,2018-01,True,False
2018-01-15,Newgen Software,Technology,IT,New Delhi,"Goldman Sachs, hedge fund & Others",Private Equity,20000000.0,2018,2018-01,True,False
2018-01-17,Rubix,Technology,Education,Pune,Polaris Fund,Private Equity,1000000.0,2018,2018-01,True,False
2018-01-18,ShareChat,Technology,Social,Bangalore,"Xiaomi Singapore, Shunwei Capital",Private Equity,18200000.0,2018,2018-01,True,False
2018-01-22,Paperflite,Technology,IT,Chennai,The Chennai Angels,Seed / Angel,400000.0,2018,2018-01,True,False
2018-01-22,HungerBox,Consumer Internet,Food and Beverages,Bangalore,Lionrock Capital,Private Equity,2500000.0,2018,2018-01,True,False
2018-01-22,Skillate,Technology,Artificial Intellegence,Bangalore,"Incubate Fund India, Anuj Agrawal",Private Equity,,2018,2018-01,False,False
2018-01-22,OptaCredit,FinTech,Alternative Lending,Chennai,DMI Finance,Private Equity,4000000.0,2018,2018-01,True,False
2018-01-22,AEON Learning,Technology,Education,Bangalore,Dr. Ranjan Pai,Private Equity,3200000.0,2018,2018-01,True,False
2018-01-23,Milkbasket,E-Commerce,Online Grocery,Gurgaon,Unilever Ventures,Private Equity,3000000.0,2018,2018-01,True,False
2018-01-24,NeoGrowth Credit,FinTech,Digital Lending,Mumbai,"LeapFrog Investments, Aspada Investment, Quona Capital",Private Equity,47000000.0,2018,2018-01,True,False
2018-01-24,Rao IIT Academy,EdTech,Coaching Services,Mumbai,Avendus Finance,Debt,8600000.0,2018,2018-01,True,False
2018-01-24,Aye Finance,FinTech,Online Lending,Gurgaon,IFMR Capital,Other,6240000.0,2018,2018-01,True,False
2018-01-25,Glassic,E-Commerce,Eyewear,Bangalore,"Chennai Angels, Lead Angels, LetsVenture",Seed / Angel,,2018,2018-01,False,False
2018-01-25,GreyAtom,Technology,Education,Mumbai,Pravega Ventures,Private Equity,1000000.0,2018,2018-01,True,False
2018-01-26,Axio,Healthcare,Hemostatic Dressing Solutions,Bangalore,RNT Capital,Private Equity,7400000.0,2018,2018-01,True,False
2018-01-29,eKincare,Healthcare,Technology,Hyderabad,"Ventureast, Endiya Partners, Eight Roads Ventures, Touchstone Equities, BVR Mohan Reddy",Private Equity,1500000.0,2018,2018-01,True,False
2018-01-29,The Wedding Brigade,Consumer Internet,Online Services,Mumbai,Blume Ventures,Private Equity,1000000.0,2018,2018-01,True,False
2018-01-30,PeeSafe,Healthcare,Hygiene,Gurgaon,"Shivani Singh, Rahul Maroli, Mitesh Shah, Venture Catalysts, Alfa Capital, Green Shots Capital, Real Time Ventures.",Private Equity,1000000.0,2018,2018-01,True,False
2018-01-30,BrowserStack,Technology,Browser Testing,Mumbai,Accel Partners,Private Equity,50000000.0,2018,2018-01,True,False
2018-01-30,Scapic,Technology,Virtual Reality,Bangalore,"Axilor Ventures, Newfort Capital",Seed / Angel,500000.0,2018,2018-01,True,False
2018-01-30,MoneyOnMobile,Technology,Mobile Payment Platform,Mumbai,Undisclosed,Private Equity,7600000.0,2018,2018-01,True,False
2018-01-30,CureFit,Healthcare,Fitness,Bangalore,"HDFC Bank, Axis Bank",Debt,10000000.0,2018,2018-01,True,False
2018-01-31,iNurture,Technology,Education Solutions,Bangalore,Ventureast,Private Equity,4400000.0,2018,2018-01,True,False
2017-12-01,Strata Enviro,Technology,IoT based air pollution controller,Mumbai,Scale Minds,Private Equity,,2017,2017-12,False,False
2017-12-05,Dunzo,Technology,Daily Task Management Mobile App,Bangalore,Google,Private Equity,12300000.0,2017,2017-12,True,False
2017-12-05,Tata Housing,Real Estate,Residential Project,Mumbai,Hines,Private Equity,23000000.0,2017,2017-12,True,False
2017-12-05,HandyTrain,Technology,Mobile Learning Management Platform,Goa,NB Ventures,Private Equity,1000000.0,2017,2017-12,True,False
2017-12-05,Mobycy,Technology,Bicycle sharing Platform,Gurgaon,Undisclosed,Seed / Angel,500000.0,2017,2017-12,True,False
2017-12-06,Greenlight Planet,Technology,Off-grid solar products platform,Mumbai,"Apis Partner, Eight Roads Ventures, Bamboo Capital Partners",Private Equity,60000000.0,2017,2017-12,True,False
2017-12-06,Fintobox,Technology,Child Learning & Development Platform,Chennai,Lightbox,Private Equity,7000000.0,2017,2017-12,True,False
2017-12-07,Mswipe,Technology,Mobile point of sale services provider,Mumbai,Eduardo Saverin,Private Equity,10000000.0,2017,2017-12,True,False
2017-12-07,The Label Life,E-Commerce,Home Decor and Online Fashion Portal,Mumbai,Kalpvriksh,Private Equity,3100000.0,2017,2017-12,True,False
2017-12-07,Cygnus Hospitals,Healthcare,Super speciality Hospitals,Gurgaon,Somerset Indus Capital Ventures,Seed / Angel,750000.0,2017,2017-12,True,False
2017-12-07,eShakti,E-Commerce,"""Women\\'s Fashion Clothing Online Platform""",Chennai,IDG Ventures,Debt,2300000.0,2017,2017-12,True,False
2017-12-08,Inshorts,Technology,Mobile News Curation App,Noida,Tiger Global,Private Equity,5000000.0,2017,2017-12,True,False
2017-12-11,Vahdam Tea,E-Commerce,Online Platform Selling Indian Tea Globally,New Delhi,"Singapore Angel Network, Mumbai Angel",Private Equity,1500000.0,2017,2017-12,True,False
2017-12-11,Logic Roots,Technology,Educational Platform to Learn Mathematics,Mumbai,Village Capital,Seed / Angel,50000.0,2017,2017-12,True,False
2017-12-11,Project Mudra,Technology,Assisting Visually Impaired to learn through Braille,Bangalore,Village Capital,Seed / Angel,50000.0,2017,2017-12,True,False
2017-12-11,Furlenco,Technology,Furniture Rental Platform,Bangalore,Aamir Khan,Debt,1200000.0,2017,2017-12,True,False
2017-12-12,I Can Stay,Technology,Hotel Aggregator Platform,New Delhi,HT Media,Private Equity,1800000.0,2017,2017-12,True,False
2017-12-12,Fracktal Works,Technology,Platform based on 3D printing and Digital Manufacturing,Bangalore,Hyderabad Angels,Seed / Angel,,2017,2017-12,False,False
2017-12-12,Simility,Technology,Adaptive Fraud Intelligence Platform,Hyderabad,Accel Partners,Private Equity,17500000.0,2017,2017-12,True,False
2017-12-12,Shopholix,E-Commerce,Fashion and Lifestyle Coupon Platform,Gurgaon,Munesh Khanna,Seed / Angel,233000.0,2017,2017-12,True,False
2017-12-13,MindTickle,Technology,Gamification Platform to train Sales People,Pune,Canaan Partners,Private Equity,27000000.0,2017,2017-12,True,False
2017-12-13,Nazara Technologies,Technology,Mobile Games Development Firm,Mumbai,Rakesh Jhunjhunwala,Private Equity,27000000.0,2017,2017-12,True,False
2017-12-13,DocsApp,Technology,Mobile Application for Doctor Consultation,Bangalore,Bessemer Venture Partners,Private Equity,7200000.0,2017,2017-12,True,False
2017-12-13,Capita World,Technology,Artificial Intelligence Platform to Raise Funds,Mumbai,"Mohan Tanksale, Kiran Shetty, Darshak Shah, Mandar Mhatre",Private Equity,,2017,2017-12,False,False
2017-12-14,Tea Box,E-Commerce,Fresh Indian Tea Selling Platform across 112 countries,Bangalore,RB Investments,Private Equity,7000000.0,2017,2017-12,True,False
2017-12-14,Transversal Technologies,Technology,Hyperlocal Video Information Sharing Platform,Bangalore,Matrix Partners,Private Equity,6000000.0,2017,2017-12,True,False
2017-12-14,Curofy,Technology,Mobile App for Network of Doctors,Gurgaon,RoundGlass Partners LLC,Seed / Angel,250000.0,2017,2017-12,True,False
2017-12-14,HomeLane,E-Commerce,Online Furniture Marketplace,Bangalore,"Accel Partners, Sequoia Capital, RB Investments",Private Equity,10000000.0,2017,2017-12,True,False
2017-12-14,WeDoSky,Technology,Provides Business Insights using Drone Imaginary,New Delhi,Mumbai Angels Network,Private Equity,,2017,2017-12,False,False
2017-12-15,Purplle,E-Commerce,Beauty Products Online Marketplace,Mumbai,"Mountain Pain Capital, Suncoast Investments",Seed / Angel,537000.0,2017,2017-12,True,False
2017-12-15,Cash Suvidha,E-Commerce,Online Micro-Lending Platform,New Delhi,Unknown,Debt,2700000.0,2017,2017-12,True,False
2017-12-18,Sky Met Weather,Technology,Weather Forecast Platform,Noida,InsuResillience Investment Fund,Private Equity,,2017,2017-12,False,False
2017-12-19,Springboard,Technology,Online Courses and Mentoring from Experts,Bangalore,"Costanoa, Learn Capital, Jyoti Bansal",Private Equity,9500000.0,2017,2017-12,True,False
2017-12-19,Peel Works,Technology,SaaS based Big Data Analytics Platform,Mumbai,Unilever Ventures,Private Equity,,2017,2017-12,False,False
2017-12-19,9Stacks,Technology,Online Poker Platform,New Delhi,"Swati Gupta, Purnima Khandelwal, Maheshwar Peri, Sanjay Singh",Private Equity,1500000.0,2017,2017-12,True,False
2017-12-20,Your Quote,Technology,Vernacular and Video Content Platform,Bangalore,"Axilor Ventures, E-City VEntures Atul Goel",Private Equity,1000000.0,2017,2017-12,True,False
2017-12-20,Spandana Sphoorty,FinTech,Micro finance institution providing small ticket unsecured loans to women,Hyderabad,"""Kedaraa Capital, Ontario Teachers\\'""",Private Equity,19500000.0,2017,2017-12,True,False
2017-12-21,Indus OS,Technology,Regional Operating System for Smartphones,Mumbai,Omidyar Network,Private Equity,4000000.0,2017,2017-12,True,False
2017-12-21,EasyEcom,E-Commerce,Ecommerce enabler platform,Bangalore,"Ambarish Gupta, Aneesh Reddy, Bold Ventures, Vona Investments",Seed / Angel,150000.0,2017,2017-12,True,False
2017-12-21,IGP,E-Commerce,Online Gifting Platform,Uttar Pradesh,Venture Catalysts,Private Equity,,2017,2017-12,False,False
2017-12-26,Specsmakers,E-Commerce,Online Spects Platform for Men and Women,Chennai,Eight Roads Ventures India,Private Equity,10000000.0,2017,2017-12,True,False
2017-12-27,Garage On Road,E-Commerce,Online vehicle service booking platform,Noida,Gaurav Gupta,Private Equity,,2017,2017-12,False,False
2017-12-27,Foyr,Technology,Realty Tech Startup solving real life Interior Designing problems,Hyderabad,Jones Lang LaSalle,Private Equity,3800000.0,2017,2017-12,True,False
2017-11-02,Prest Loans,FinTech,Business & SME Loans provider,New Delhi,"Manish Poddar, Arun Garg, Parmeshwar Sharma",Seed / Angel,570000.0,2017,2017-11,True,False
2017-11-02,AadharAPI,Technology,Aadhaar-based API provider,Pune,CIO Angel Network,Seed / Angel,,2017,2017-11,False,False
2017-11-02,FreshBoxx,E-Commerce,Online Grocery Store,Bangalore,Jayant Humbarwadi,Seed / Angel,,2017,2017-11,False,False
2017-11-03,Vagupu,Technology,Online Tutorial Marketplace,Bangalore,Undisclosed,Seed / Angel,1000000.0,2017,2017-11,True,False
2017-11-03,HalaPlay,Consumer Internet,Online Fantasy Games,Mumbai,"Kae Capital Management, Nazara Technologies",Seed / Angel,,2017,2017-11,False,False
2017-11-03,Kalpnik Technologies,Technology,VR based Spiritual platform,Bangalore,Venture Catalysts,Seed / Angel,500000.0,2017,2017-11,True,False
2017-11-04,Hevo Data,Technology,Real time data analytics & reporting,Bangalore,IDG Ventures India,Private Equity,1000000.0,2017,2017-11,True,False
2017-11-06,Smart Karma,Technology,Financial Technology Research Platform,Bangalore,IDG Ventures India,Private Equity,,2017,2017-11,False,False
2017-11-06,Leverage Edu,E-Commerce,Online platform for Higher Education Services,New Delhi,"Alok Mittal, Deepak Jain, Ritesh Malik, Jim Schimdktke",Seed / Angel,,2017,2017-11,False,False
2017-11-07,Crayon Data,Technology,Customer Engagement Platform,New Delhi,Infosys co-founder Kris Gopalakrishnan,Seed / Angel,,2017,2017-11,False,False
2017-11-07,DocTalk,Technology,Doctor Patient Communication platform,Mumbai,"Matrix Partners India, Khosla Ventures",Private Equity,5000000.0,2017,2017-11,True,False
2017-11-07,CoveIoT,Technology,Wearable tech and Internet of Things platform,Bangalore,"Titan Co Ltd, Tata Group\\xe2\\x80\\x99s watch and jewellery retailing firm",Private Equity,5000000.0,2017,2017-11,True,False
2017-11-08,TalentEdge,Technology,Distance Education Learning Platform,Bangalore,Lumis Partners,Private Equity,7600000.0,2017,2017-11,True,False
2017-11-08,Fisdom,FinTech,Mutual Fund Investment App,Bangalore,Quona Capital Management,Private Equity,3000000.0,2017,2017-11,True,False
2017-11-08,FarmLink,E-Commerce,Online platform for Agricultural products,Mumbai,"Pioneering Ventures, Syngenta AG",Private Equity,3000000.0,2017,2017-11,True,False
2017-11-08,OpenApp,Technology,IoT based Tech Startup,Bangalore,"Axilor Ventures, Kumar Vembu",Private Equity,3600000.0,2017,2017-11,True,False
2017-11-09,NoPaperForms,Technology,Enrolment Management Platform,New Delhi,Info Edge,Seed / Angel,872000.0,2017,2017-11,True,False
2017-11-09,Tilite Technologies Pvt. Ltd,Technology,Saas based Corporate Travel Management Solution,Bangalore,Matrix Partners,Seed / Angel,,2017,2017-11,False,False
2017-11-09,Mobiliz AR,Technology,Augmented Reality based Tech platform,Bangalore,"IDG Ventures, IDFC-Parampara Fund",Private Equity,,2017,2017-11,False,False
2017-11-10,Qubole,Technology,Big Data based analytics platform,Bangalore,"Singtel, Innov8, Harmony Partners",Private Equity,25000000.0,2017,2017-11,True,False
2017-11-10,Happily Unmarried,E-Commerce,Online Gifting platform,New Delhi,Wipro Consumer Care,Private Equity,,2017,2017-11,False,False
2017-11-13,Universal Sportsbiz Pvt. Ltd,E-Commerce,Celebrity fashion accessories and merchandise,Mumbai,Accel Partners,Other,15000000.0,2017,2017-11,True,False
2017-11-14,Hungry Foal,E-Commerce,Healthy & Nutrition based snacks online platform,Gurgaon,GAIL India Ltd,Seed / Angel,,2017,2017-11,False,False
2017-11-14,Active AI,Technology,AI based FinTech platform,Bangalore,Vertex Ventures,Private Equity,8250000.0,2017,2017-11,True,False
2017-11-15,Sumeru,Technology,Banking Software License Platform,Bangalore,Undisclosed,Seed / Angel,900000.0,2017,2017-11,True,False
2017-11-15,ElderAid Wellness,Health Care,Social Healthcare Enterprise,Bangalore,Rugmini Menon,Seed / Angel,,2017,2017-11,False,False
2017-11-15,Omnia Information,Technology,WiFi Analytics Platform,New Delhi,Omidyar Network,Private Equity,3000000.0,2017,2017-11,True,False
2017-11-15,Josh Talks,Inspiration,Storytelling platform,Gurgaon,"Girish Mathrubootham, Apurva Chamaria, Rohit Chanana",Private Equity,,2017,2017-11,False,False
2017-11-15,Reniso,Technology,End-to-End property management for landlords living away,New Delhi,"Nishit Sharma, Alok Srivastava",Seed / Angel,,2017,2017-11,False,False
2017-11-17,Kanhaiya,Inspiration,Storytelling platform,Hyderabad,Undisclosed,Seed / Angel,200000.0,2017,2017-11,True,False
2017-11-17,Perspectico,Technology,Placement preparation and career growth training platform,New Delhi,"SSCBS Innovation, Incubation Foundation (SIIF)",Seed / Angel,,2017,2017-11,False,False
2017-11-20,ONN Bikes,Technology,Self riding bike rental program,Mumbai,Z Nation Lab,Seed / Angel,692000.0,2017,2017-11,True,False
2017-11-21,Rapido,Technology,Bike and Taxi pooling online platform,Hyderabad,"Skycatcher Fund, Aravind Sanka",Seed / Angel,329230.0,2017,2017-11,True,False
2017-11-21,Heckyl,Technology,Big Data Analytics Platform,Mumbai,"Notion Capital, IDG Ventures",Private Equity,2700000.0,2017,2017-11,True,False
2017-11-21,Nuvepro,Technology,Managed Cloud Environment Solutions,Mumbai,1Crowd,Seed / Angel,400000.0,2017,2017-11,True,False
2017-11-21,RedBook,Technology,AI based pharmacy drugs insights platform,Mumbai,"Vida Ventures, Dr. Aniruddha Malpani",Seed / Angel,250000.0,2017,2017-11,True,False
2017-11-21,Portea,Healthcare,Healthcare facilities at doorstep,Bangalore,"Sabre Partners, MEMG CDC",Private Equity,26000000.0,2017,2017-11,True,False
2017-11-21,Credit Mate,Technology,Vehicle loan approval platform,Mumbai,Paytm,Private Equity,,2017,2017-11,False,False
2017-11-21,Epiq Capital,FinTech,Tech based investor firm,Mumbai,Global Institutional Investors,Private Equity,200000000.0,2017,2017-11,True,False
2017-11-22,MiStay,Technology,Online Hotel Reservation Platform,Bangalore,Axilor Ventures,Seed / Angel,,2017,2017-11,False,False
2017-11-23,WittyFeed,Storytelling,Viral Content and storytelling platform,Indore,Sandeep Aggarwal,Seed / Angel,,2017,2017-11,False,False
2017-11-24,IDG Ventures,FinTech,Venture Capitalist,Bangalore,Uniliver Ventures,Private Equity,10000000.0,2017,2017-11,True,False
2017-11-24,TempGo,Technology,IoT and SaaS based transportation platform,Goa,Javelin StartupO Victory Fund,Seed / Angel,250000.0,2017,2017-11,True,False
2017-11-27,Edelweiss,FinTech,Diversified Financial,Mumbai,Undisclosed,Private Equity,270000000.0,2017,2017-11,True,False
2017-11-27,ERA,Technology,Identity management platform,Mumbai,Amit Patni,Seed / Angel,39000.0,2017,2017-11,True,False
2017-11-27,Smaaash,Technology,Virtual Reality based gaming platform,Mumbai,Sixth Sense Ventures,Private Equity,3800000.0,2017,2017-11,True,False
2017-11-28,Chumbak,Lifestyle,Designer-led consumer products,Bangalore,Gaja Capital,Private Equity,13000000.0,2017,2017-11,True,False
2017-11-28,FR8,Technology,Online Truck aggregator platform,Chennai,IFMR Capital,Debt,1500000.0,2017,2017-11,True,False
2017-11-28,MobieFit,Healthcare,Health and fitness based mobile App,Goa,"NB Ventures, MediAssist",Seed / Angel,1350000.0,2017,2017-11,True,False
2017-11-28,Stanza Living,Technology,Student accommodation platform,New Delhi,"Matrix PArtners, Accel",Private Equity,2000000.0,2017,2017-11,True,False
2017-10-03,ChqBook,Consumer Internet,Home Loans Aggregation platform,Gurgaon,"Startup Buddy, Apurva Chamaria,Sachin Arora, Bharat Gupta, Amit Manocha",Seed / Angel,,2017,2017-10,False,False
2017-10-03,HomeCapital,Consumer Internet,Home Loan Down payment assistance program,Mumbai,Venture Catalysts,Seed / Angel,,2017,2017-10,False,False
2017-10-03,Ola,Consumer Internet,App based cab hailing services,Bangalore,"Tencent, Softbank Group",Private Equity,110000000.0,2017,2017-10,True,False
2017-10-04,Elanic,Consumer Internet,P2P platform for Fashion sales,Bangalore,Digital Garage,Seed / Angel,,2017,2017-10,False,False
2017-10-04,CollPoll,Consumer Internet,Education collaboration platform,Bangalore,Sprout Angels,Seed / Angel,306000.0,2017,2017-10,True,False
2017-10-04,PhonePe,Consumer Internet,Digital Wallet,Bangalore,Flipkart,Private Equity,38700000.0,2017,2017-10,True,False
2017-10-05,Little Black Book,Consumer Internet,Local Recommendations and Discoveries Platform,New Delhi,"Blume Ventures, IDG Ventures & Indian Angel Network",Private Equity,1000000.0,2017,2017-10,True,False
2017-10-05,Oorjan,Technology,rooftop solar platform,Mumbai,Globevestor,Seed / Angel,450000.0,2017,2017-10,True,False
2017-10-05,Zefo,E-Commerce,Ecommerce Portal for Used Goods,Bangalore,"Sequoia India, Helion Venture Partners, Beenext",Private Equity,9200000.0,2017,2017-10,True,False
2017-10-06,Yaantra,E-Commerce,Mobile repair and Refurbishment platform,New Delhi,Carpediem Capital,Private Equity,3100000.0,2017,2017-10,True,False
2017-10-06,Farm Taaza,Technology,Fresh Produce SCM company,Bangalore,"Epsilon Venture Partners, Tara India Fund IV and others",Private Equity,8000000.0,2017,2017-10,True,False
2017-10-06,Drivezy,Consumer Internet,Self Drive car and bike rental platform,Bangalore,"Das Capital, Axan Partners, Das Capital and IT Farm",Private Equity,10000000.0,2017,2017-10,True,False
2017-10-06,Slice Pay,Consumer Internet,Student Micro-financing platform,Bangalore,"Das Capital, Simile Ventures",Private Equity,2000000.0,2017,2017-10,True,False
2017-10-09,Agrowave,Technology,Agriculture Supply Chain management solutions,Gurgaon,Daffodil Software,Seed / Angel,,2017,2017-10,False,False
2017-10-09,MyGubbi,E-Commerce,Home Interior Designing Seller,Bangalore,"Firoze Irani, Vipul Parekh, Ananda Kallugadde, Rajesh K Murthy",Private Equity,2700000.0,2017,2017-10,True,False
2017-10-09,IBSFintech,Technology,Treasury Risk Management Solution,Bangalore,Shailesh Haribhakti,Seed / Angel,,2017,2017-10,False,False
2017-10-09,Letsservice,Consumer Internet,Auto Service Logistics & SAAS platform,Bangalore,Aequs Group,Private Equity,,2017,2017-10,False,False
2017-10-09,OneStepUp,Technology,Education Technology platform,New Delhi,Orient BlackSwan,Seed / Angel,336000.0,2017,2017-10,True,False
2017-10-09,ThirdWatch,Technology,AI-powered anti-fraud solutions,Gurgaon,"Rahul Agarwalla, Keshav Sanghi, Batlivala & Karani Securities",Seed / Angel,,2017,2017-10,False,False
2017-10-10,Parallel Dots,Technology,AI-powered deep learning solutions,Gurgaon,"Multipoint Capital,",Private Equity,1400000.0,2017,2017-10,True,False
2017-10-10,Easy Diner,Consumer Internet,online restaurant reservation platform,Gurgaon,Saama Capital and DSG Consumer Partners,Private Equity,4500000.0,2017,2017-10,True,False
2017-10-11,Meesho,E-Commerce,Online Reseller Network,Bangalore,"SAIF Partners, YCombinator, Venture Highway",Private Equity,3100000.0,2017,2017-10,True,False
2017-10-11,StanPlus,Logistics,Medical Transportation Services,Hyderabad,KStart Capital,Private Equity,1100000.0,2017,2017-10,True,False
2017-10-12,UCLID,Technology,"Education Network for Institutions, teachers & Students",Hyderabad,Undisclosed,Seed / Angel,235000.0,2017,2017-10,True,False
2017-10-13,Policy Bazaar,Consumer Internet,Online insurance policy aggregator,Gurgaon,"Wellington Management, DG Ventures India, True North",Private Equity,77000000.0,2017,2017-10,True,False
2017-10-13,Gapoon,Consumer Internet,home maintenance services platform,Bangalore,"Vida Ventures, Snehal Mantri, Anshu Bahadur",Seed / Angel,250000.0,2017,2017-10,True,False
2017-10-13,Chaayos,E-Commerce,Online Chai ordering platform,Gurgaon,Tiger Global Management,Private Equity,2000000.0,2017,2017-10,True,False
2017-10-16,KrazyBee,Consumer Internet,Micro-lending platform,Bangalore,"Xiaomi Technologies, Shunwei Capital",Private Equity,8000000.0,2017,2017-10,True,False
2017-10-16,Renew Buy,Consumer Internet,Online Insurance Aggregator,New Delhi,Amicus Capital,Private Equity,9200000.0,2017,2017-10,True,False
2017-10-17,Fingerlix,Consumer Internet,Food Ordering Portal,Bangalore,"Accel Partners, Zephyr Peacock",Private Equity,7000000.0,2017,2017-10,True,False
2017-10-18,Bank Bazaar,Consumer Internet,Online Financial Marketplace,Chennai,Experian,Private Equity,7000000.0,2017,2017-10,True,False
2017-10-18,Hasura,Technology,App building platform,Chennai,"Nexus, GREE Ventures",Private Equity,,2017,2017-10,False,False
2017-10-18,BlackBuck,Logistics,B2B Logistics provider,Bangalore,Innoven Capital,Private Equity,7700000.0,2017,2017-10,True,False
2017-10-18,LenDen Club,Consumer Internet,Online peer-to-peer lending platform,Mumbai,Undisclosed Investor,Seed / Angel,500000.0,2017,2017-10,True,False
2017-10-23,Toppr,Consumer Internet,Mobile based learning app,Mumbai,"SAIF Partners, Helion Ventures, FIL Capital Management",Private Equity,7000000.0,2017,2017-10,True,False
2017-10-23,RAW Pressery,Food & Beverage,Cold pressed Juice maker,Mumbai,"DSG Consumer Partners, Sequoia Capital, Saama Capital",Private Equity,6000000.0,2017,2017-10,True,False
2017-10-23,Cashe,Consumer Internet,app-only lending platform,Mumbai,IFMR Capital,Debt,3100000.0,2017,2017-10,True,False
2017-10-23,Park Easy,Consumer Internet,Machine learning based parking discovery,Kolkata,Rockstart Accelerator,Seed / Angel,118000.0,2017,2017-10,True,False
2017-10-24,TagBox,Technology,Cold Chain monitoring solution,Bangalore,"Indian Angel network, IAN Fund",Seed / Angel,,2017,2017-10,False,False
2017-10-24,FYRE,Food & Beverage,Herbal energy shot maker,Mumbai,Venture Catalysts,Seed / Angel,500000.0,2017,2017-10,True,False
2017-10-24,ZipLoan,Consumer Internet,SME lending platform,New Delhi,"Matrix Partners India, WaterBridge Ventures, Whiteboard Capital, Sarbvir Singh",Private Equity,3000000.0,2017,2017-10,True,False
2017-10-24,Skillenza,Consumer Internet,Online Learning Platform,Bangalore,"Blume Ventures, Indian Angel Network",Seed / Angel,722000.0,2017,2017-10,True,False
2017-10-24,Chevon,Food & Beverage,Frozen Meat provider,Mumbai,Greenfield Advisory,Private Equity,,2017,2017-10,False,False
2017-10-25,PropStory,Consumer Internet,Real Estate content portal,Gurgaon,"Abhishek Bhatewara, Vivek Shah, Haitong Securities, Suraj Saharan, Paras Arora",Seed / Angel,,2017,2017-10,False,False
2017-10-25,SpotDraft,Consumer Internet,Contract Automation,Gurgaon,"Hunch Ventures, Spiral Ventures, 500 Startups, Singapore Angel Network, Citrus Payments",Seed / Angel,550000.0,2017,2017-10,True,False
2017-10-26,Big Basket,E-Commerce,Online Grocery portal,Bangalore,Helion Ventures Partners,Private Equity,5000000.0,2017,2017-10,True,False
2017-10-27,OfBusiness,Technology,B2B Finance & Fulfilment Network,Gurgaon,Kotak Mahindra Bank,Debt,3800000.0,2017,2017-10,True,False
2017-10-27,Olly Credit,Technology,Credit + payment mobile app,New Delhi,"Incubate Fund, Sandesh Kirkire, Anand Kumar, Yogesh Chaudhary",Seed / Angel,,2017,2017-10,False,False
2017-10-28,CashFree,Technology,Payments Platform for Marketplaces and Fintechs,New Delhi,Y Combinator,Seed / Angel,120000.0,2017,2017-10,True,False
2017-10-28,Ola,Consumer Internet,App based cab hailing services,Bangalore,ANI Technologies Pvt. Ltd,Private Equity,7700000.0,2017,2017-10,True,False
2017-10-30,GoldFarm,Food & Beverage,Agriculture Technology,Coimbatore,Mahindra & Mahindra and Infuse Ventures,Private Equity,2000000.0,2017,2017-10,True,False
2017-10-31,NetMeds,E-Commerce,Online Pharmacy,Chennai,TannCam Investment & Sistema Asia Fund,Private Equity,14000000.0,2017,2017-10,True,False
2017-10-31,MSE,FinTech,Equity Stock Exchange,Mumbai,"IL&FS, Trust Capital, Rosy Blue Securities, Radhakrishan Damani and Rakesh Jhunjhunwala",Private Equity,32000000.0,2017,2017-10,True,False
2017-09-01,Aahaa Stores,eCommece,Online B2B store for office supplies,Chennai,YourNest Angel Fund,Private Equity,1000000.0,2017,2017-09,True,False
2017-09-01,MFine,Consumer Internet,Online Doctor Discovery platform,Bangalore,"Stellaris Venture Partners, Mayur Abhaya, Rohit MA",Private Equity,1500000.0,2017,2017-09,True,False
2017-09-01,Canvera,Consumer Internet,Online Photography platform,Mumbai,InfoEdge,Private Equity,1300000.0,2017,2017-09,True,False
2017-09-04,PrimaryIO,Technology,Application Performance Acceleration,Pune,"Accel Partners, Exfinity Ventures, Partech Ventures",Private Equity,5600000.0,2017,2017-09,True,False
2017-09-05,Shubh Loans,Consumer Internet,online lending platform,Bangalore,"SRI Capital, BeeNext, Pravega Ventures",Private Equity,1500000.0,2017,2017-09,True,False
2017-09-05,Nest Education,Technology,EduTech Platform,Gurgaon,"Michael and Susan Dell Foundation, Anand Mahindra",Seed / Angel,600000.0,2017,2017-09,True,False
2017-09-06,Lending Kart,Consumer Internet,Online Lending Platform,Ahmedabad,"Bertelsmann India, Mayfield Capital, Saama Capital, Darrin Capital",Private Equity,10750000.0,2017,2017-09,True,False
2017-09-06,GoFro,Consumer Internet,Online travel booking platform,New Delhi,"HIS Co. Ltd, MakeMyTrip",Private Equity,10000000.0,2017,2017-09,True,False
2017-09-06,OncoStem,Healthcare,Medical Diagnostic Solutions,Bangalore,"Sequoia Capital India, Artiman Ventures",Private Equity,6000000.0,2017,2017-09,True,False
2017-09-06,Power2SME,E-Commerce,Buying Club for Small Businesses,Gurgaon,"International Finance Corporation (IFC), Inventus Capital Partners, Accel Partners, Kalaari Capital, and Nandan Nilekani,",Private Equity,26000000.0,2017,2017-09,True,False
2017-09-07,Credit Vidya,Consumer Internet,Online Credit scoring platform,Mumbai,Matrix Partners,Private Equity,5000000.0,2017,2017-09,True,False
2017-09-07,Tails Life,Consumer Internet,Pet care portal & mobile app,Bangalore,V Balakrishnan.,Private Equity,,2017,2017-09,False,False
2017-09-07,OYO,Consumer Internet,Branded budget hotels marketplace,Gurgaon,"SoftBank Group, Sequoia Capital India, Lightspeed Venture Partners, Greenoaks Capital, Hero Enterprise",Private Equity,250000000.0,2017,2017-09,True,False
2017-09-07,Early Salary,Consumer Internet,Online Unsecured Lending platform,Pune,IFMR Capital,Debt,780000.0,2017,2017-09,True,False
2017-09-07,MamaEarth,E-Commerce,online babycare products marketplace,Gurgaon,Fireside Ventures,Seed / Angel,,2017,2017-09,False,False
2017-09-07,Seniority,E-Commerce,Ecommerce portal for senior citizens,Pune,RPG Enterprises,Private Equity,1000000.0,2017,2017-09,True,False
2017-09-08,AYE Finance,Consumer Internet,Micro Lending Platform,New Delhi,"Triodos Investment Management,",Debt,6900000.0,2017,2017-09,True,False
2017-09-08,Farmizen,Technology,Agre-Tech Mobile app,Bangalore,"Venture Highway, Alok Mittal, Mohit Agarwal, Anuj Gupta,",Seed / Angel,,2017,2017-09,False,False
2017-09-11,Ecom Express,Logistics,Logistics Solutions provider,New Delhi,Warburg Pincus,Private Equity,30000000.0,2017,2017-09,True,False
2017-09-11,Call Health,Consumer Internet,Healthcare Services Aggregator,Hyderabad,"Sachin Tendulkar, P.V SIndhu, Pullela Gopichand",Private Equity,6200000.0,2017,2017-09,True,False
2017-09-12,Sattviko,E-Commerce,Health Food etailer,New Delhi,"Raman Roy, Arvind Uppal, Sonu Bhasin, G Ravishankar",Seed / Angel,,2017,2017-09,False,False
2017-09-12,3HCare,Consumer Internet,Healthcare services portal,New Delhi,Undisclosed Investor,Seed / Angel,100000.0,2017,2017-09,True,False
2017-09-12,Tonbo Imaging,Technology,Imaging Technology for Armed Forces,Bangalore,"WRV Capital, Qualcomm Ventures, Edelweiss Private Equity, Artiman Ventures",Private Equity,17000000.0,2017,2017-09,True,False
2017-09-12,Get My Parking,Consumer Internet,Smart Parking Enabler,New Delhi,"IAN Fund, Beenext, Indian Angel Network",Private Equity,3000000.0,2017,2017-09,True,False
2017-09-13,WittyFeed,Technology,Content marketing platform,Indore,"Anand Chandrasekaran, Apurva Chamaria, Ritesh Malik, Ashish Toshniwal, Ajeet Khurana",Seed / Angel,,2017,2017-09,False,False
2017-09-13,Glowroad,Consumer Internet,women focussed customer-to-customer reseller network,Bangalore,"Accel Partners,",Private Equity,2000000.0,2017,2017-09,True,False
2017-09-13,OYO,Consumer Internet,udget hotel marketplace,Gurgaon,China Lodging Group,Private Equity,10000000.0,2017,2017-09,True,False
2017-09-13,Unacademy,Consumer Internet,Online learning platform,Mumbai,"Sequoia Capital India, SAIF Partners, Nexus Venture Partners and Blume Ventures,",Private Equity,11500000.0,2017,2017-09,True,False
2017-09-13,Heterogenous,Technology,Telecom & IoT platform,Chennai,"Chennai Angels, Keiretsu Forum & Others",Seed / Angel,780000.0,2017,2017-09,True,False
2017-09-14,Gurukul,Consumer Internet,co-working space provider,New Delhi,"Rohit Nanda, Rajit Nanda, Smarak Bhuyan, Sashwat Brahma,",Seed / Angel,,2017,2017-09,False,False
2017-09-14,Smaaash,Technology,Virtual Reality gaming and entertainment platform,Mumbai,ECL Finance,Private Equity,44000000.0,2017,2017-09,True,False
2017-09-14,WheelStreet,Consumer Portal,Bike Rental Platform,Bangalore,Y Combinator,Seed / Angel,120000.0,2017,2017-09,True,False
2017-09-14,Xprep,Consumer Internet,Online Tutoring Platform,New Delhi,"Rising Stars, Manish Amin, Pallav Pandey, Chavi Jafa",Private Equity,,2017,2017-09,False,False
2017-09-18,The Moms Co,E-Commerce,Pregnancy & Baby Care product etailer,Gurgaon,"DSG Consumer Partners, Saama Capital",Private Equity,1000000.0,2017,2017-09,True,False
2017-09-19,Noticeboard,Technology,"mobile-first communication platform for on-field staff,",Bangalore,"Shamik Sharma, Aprameya Radhakrishna",Seed / Angel,,2017,2017-09,False,False
2017-09-19,High Radius,Technology,Integrated receivables software solutions,Hyderabad,Susquehanna Growth Equity LLC,Private Equity,50000000.0,2017,2017-09,True,False
2017-09-20,HWell24 Plus,Healthcare,Technology-Empowered Healthcare Solutions,Mumbai,Undisclosed,Seed / Angel,,2017,2017-09,False,False
2017-09-21,SaveBC,FinTech,financial services firm,Gaya,Incofin Investment Management.,Private Equity,6000000.0,2017,2017-09,True,False
2017-09-21,Gaming Monk,Consumer Internet,E-sports platform,New Delhi,AdvantEdge,Private Equity,,2017,2017-09,False,False
2017-09-21,91SpringBoard,Consumer Internet,Co-working spaces,New Delhi,"Sandway Investment Ltd, Pearl Brook Holdings, Silo Holdings and Al Nour",Private Equity,,2017,2017-09,False,False
2017-09-21,Homergize,E-Commerce,Home Furnishing & Building material marketplace,Bangalore,LG Chandrasekhar,Private Equity,1000000.0,2017,2017-09,True,False
2017-09-22,Yatra,E-Commerce,Online Travel Agency,Gurgaon,InnoVen Capital India,Debt,15400000.0,2017,2017-09,True,False
2017-09-22,Ace Turtle,Technology,Omni-channel web commerce solutions provider,Bangalore,InnoVen Capital,Private Equity,,2017,2017-09,False,False
2017-09-25,Vogo,Consumer Internet,Scooter Rental Platform,Bangalore,AV Thomas Group,Seed / Angel,,2017,2017-09,False,False
2017-09-25,Synup,Technology,SME Marketing Management Solution,Bangalore,"Vertex Ventures, Prime Venture Partners.",Private Equity,6000000.0,2017,2017-09,True,False
2017-09-25,Tinmen,Consumer Internet,Food Delivery platform,Hyderabad,Zomato Media Pvt. Ltd,Private Equity,,2017,2017-09,False,False
2017-09-25,Cropin,Technology,Crop Technology Solutions,Bangalore,Beenext,Private Equity,,2017,2017-09,False,False
2017-09-25,Rapido,Consumer Internet,Bike Aggregator Mobile App,Bangalore,Battery Road Digital Holdings LLC,Seed / Angel,422000.0,2017,2017-09,True,False
2017-09-25,Sportobuddy,Consumer Internet,Sports & Sport related equipment portal,Mumbai,Mehul Shah,Seed / Angel,150000.0,2017,2017-09,True,False
2017-09-26,Credifiable,Consumer Internet,Online consumer lending platform,Bangalore,Kae Capital,Private Equity,,2017,2017-09,False,False
2017-09-26,Inclov,Consumer Internet,Matchmaking app for the differently abled,Gurgaon,"Rajan Anandan, Jamil Khatri, Ravi Iyer, Raghav Bahl",Seed / Angel,,2017,2017-09,False,False
2017-09-26,Multibhashi,Consumer Internet,Language learning Mobile App,Bangalore,"Aniruddha Malpani, Startup Oasis",Seed / Angel,,2017,2017-09,False,False
2017-09-27,Transerve,Technology,Geospatial Technology-based SaaS solutions,Mumbai,"IL&FS Investment Managers, Omidyar Network.",Private Equity,1600000.0,2017,2017-09,True,False
2017-09-27,Fashalot,Consumer Internet,O2O fashion discovery platform,Gurgaon,"Capillary Technologies, Whiteboard Capital, YourNest Angel Fund, Rajul Garg",Private Equity,,2017,2017-09,False,False
2017-09-27,Pitstop,Consumer Internet,Car repair and Servicing Platform,Bangalore,"Blume Ventures, Goldbell Group, Anurag Srivastava, Shailesh Rao, Amiya Pathak, Rajesh Yohanan and Rahul Garg",Private Equity,1000000.0,2017,2017-09,True,False
2017-09-27,GoChoppers,Consumer Internet,Luxury Helicopter Tourism Services portal,Gurgaon,"Rivergate Capital,",Seed / Angel,,2017,2017-09,False,False
2017-09-27,MyUpchar,Consumer Internet,Local Language Health Information portal,New Delhi,LetsVenture,Seed / Angel,300000.0,2017,2017-09,True,False
2017-09-28,Aadyah,Technology,Defense Tech & Aerospace startup,Bangalore,Keiretsu Forum,Private Equity,1000000.0,2017,2017-09,True,False
2017-08-01,TouchKin,Technology,Predictive Care Platform,Bangalore,Kae Capital,Private Equity,1300000.0,2017,2017-08,True,False
2017-08-02,Ethinos,Technology,Digital Marketing Agency,Mumbai,Triton Investment Advisors,Private Equity,,2017,2017-08,False,False
2017-08-02,Leverage Edu,Consumer Internet,Online platform for Higher Education Services,New Delhi,"Kashyap Deorah, Anand Sankeshwar, Deepak Jain, Sadashiva NT, Arjun Mehta, Satish Kaul, Anindya Ghose",Seed / Angel,,2017,2017-08,False,False
2017-08-02,Zepo,Consumer Internet,DIY Ecommerce platform,Mumbai,"Kunal Shah, LetsVenture, Anupam Mittal, Hetal Sonpal",Seed / Angel,500000.0,2017,2017-08,True,False
2017-08-02,Click2Clinic,Consumer Internet,healthcare service aggregator,Hyderabad,"Narottam Thudi, Shireesh Palle",Seed / Angel,850000.0,2017,2017-08,True,False
2017-08-03,SpeedBox,Logistics,On-Demand Logistics Service provider,Mumbai,Cismat Cargo Services Pvt. Ltd.,Seed / Angel,300000.0,2017,2017-08,True,False
2017-08-03,Skill Connect,Consumer Internet,Recruitment Portal,Jaipur,Rajasthan Angel Investor Network,Seed / Angel,,2017,2017-08,False,False
2017-08-03,Chai Point,Consumer Internet,Tea Delivery Portal & offline stores,Bangalore,"DSG Consumer Partners, Eight Roads Ventures India",Private Equity,,2017,2017-08,False,False
2017-08-03,Zoctr,Consumer Internet,Health Products & Services Aggregator,Mumbai,SIDBI,Private Equity,,2017,2017-08,False,False
2017-08-04,Lime Tray,Technology,Restaurant Management Solutions,New Delhi,JSW Ventures,Private Equity,,2017,2017-08,False,False
2017-08-04,CoutLoot,E-Commerce,Fashion Resale Marketplace,Mumbai,"Anuj Puri, Redcliffe Capital, Artha India Ventures, Siddharth Kothari, Apoorv Ranjan Sharma,",Seed / Angel,,2017,2017-08,False,False
2017-08-04,Box My Space,Logistics,Warehouse Aggregator,Mumbai,"R. Jayakumar, Vaibhav Vohra, Aditya Vazirani, Rhea Vazirani, AVN Business Solutions, Dreamweaver Investments",Seed / Angel,,2017,2017-08,False,False
2017-08-05,Curatio,Healthcare,Skincare Speciality services,Chennai,Anicut Capital,Private Equity,,2017,2017-08,False,False
2017-08-08,New Castle Technologies,Technology,Hospital Management Software,Chennai,Undisclosed,Seed / Angel,243000.0,2017,2017-08,True,False
2017-08-08,My Forex Eye,Consumer Internet,foreign exchange services,New Delhi,"Rahul Dev Kumar, Rajesh Mahajan, Ankit Sharma and others",Seed / Angel,220000.0,2017,2017-08,True,False
2017-08-09,TruxApp,Logistics,Mobile based Logistics Service,New Delhi,"Venugopal Dhoot, Ajay Bhatia, Tarun Khandelwal, Ganpat Singhvi, Mandhian family & Others",Seed / Angel,3100000.0,2017,2017-08,True,False
2017-08-09,CroFarm,Technology,Agriculture Supply Chain solutions,Gurgaon,Factor[e] Ventures,Seed / Angel,783000.0,2017,2017-08,True,False
2017-08-09,DoodhWala,Consumer Internet,Online milk delivery,Bangalore,Tom Varkey,Seed / Angel,,2017,2017-08,False,False
2017-08-10,Stayabode,Consumer Internet,Co-Living space aggregator,Bangalore,"Incubate Fund, Sanjay Shenoy, Mridul Upreti,",Private Equity,,2017,2017-08,False,False
2017-08-11,Flipkart,E-Commerce,Online Marketplace,Bangalore,Softbank,Private Equity,2500000000.0,2017,2017-08,True,True
2017-08-11,Moong Labs,Technology,Mobile games developer,New Delhi,Nazara Games,Private Equity,,2017,2017-08,False,False
2017-08-11,Ola,Consumer Internet,App based cab aggregation Service,Gurgaon,Tekne Capital Management,Private Equity,36000000.0,2017,2017-08,True,False
2017-08-14,Sports Flashes,Consumer Internet,Sports Content Mobile App,New Delhi,"Bennett, Coleman and Company Ltd (BCCL),",Private Equity,,2017,2017-08,False,False
2017-08-14,Digilend,Technology,Personal Loans & EMI solutions platform,Mumbai,"InCred Finance, Fullerton India Credit Company Ltd",Seed / Angel,312000.0,2017,2017-08,True,False
2017-08-15,KNAB Finance,Consumer Internet,Unsecured Small Business Loans,Bangalore,"InCred, Krishnakumar Natarajan, Ravi Bhardwaj",Seed / Angel,385000.0,2017,2017-08,True,False
2017-08-17,Get Simpl,Consumer Internet,Payment Solution Mobile app,Mumbai,"Green Visor Capital LP II, IA Venture Strategies Fund II LP, Boillot Family Trust, Russell M Byrne, The Oliver R. Grace, Jr. Millennium Trust, SF Capital Investments LP",Seed / Angel,,2017,2017-08,False,False
2017-08-20,Rootefy,E-Commerce,Building material online store,New Delhi,"Abhinav Gupta,",Seed / Angel,187000.0,2017,2017-08,True,False
2017-08-21,Uniphore,Technology,speech recognition startup,Chennai,IDG Ventures,Private Equity,6800000.0,2017,2017-08,True,False
2017-08-21,Cerebroz,Consumer Internet,E-Tech platform,Vadodara,Undisclosed HNI\\xe2\\x80\\x99s,Seed / Angel,734000.0,2017,2017-08,True,False
2017-08-22,Flochat,Consumer Internet,instant messaging platform,Mumbai,"iSquare Global,",Seed / Angel,,2017,2017-08,False,False
2017-08-22,EasyGov,Consumer Internet,Govt service application portal,Noida,"Social Alpha, Rajan Anandan, Rajeev Ahuja, Kshitij Arora",Seed / Angel,,2017,2017-08,False,False
2017-08-23,Milk Basket,Consumer Internet,Online Grocery platform,Gurgaon,Blume Ventures. Lenovo Capital and Incubator Group (LCIG),Seed / Angel,,2017,2017-08,False,False
2017-08-23,Dhruva,Technology,Cloud data protection and management solutions,Pune,"Riverwood Capital, Sequoia Capital India, Nexus Venture Partners, Tenaya Capital",Private Equity,80000000.0,2017,2017-08,True,False
2017-08-23,Bombay Shaving Company,E-Commerce,Men Grooming product etailer,New Delhi,Fireside Ventures,Private Equity,2300000.0,2017,2017-08,True,False
2017-08-23,Awign,Technology,Operations and manpower outsourcing,Bangalore,"IIT Ropar, Imanpreet Singh Arora, Sidharth Rozario, Saurabh Abichandani, Shikhar Gupta,",Seed / Angel,,2017,2017-08,False,False
2017-08-23,Indiez,Technology,Software & Mobile app development platform,Bangalore,Haresh Chawla,Seed / Angel,500000.0,2017,2017-08,True,False
2017-08-24,Ezetap,Technology,mPOS solutions provider,Bangalore,"JS Capital Management, Social Capital, Horizons Ventures,",Private Equity,16000000.0,2017,2017-08,True,False
2017-08-25,Ink Monk,Consumer Internet,Online printing marketplace,Chennai,"VAMM Ventures, Raksul, Dena",Seed / Angel,750000.0,2017,2017-08,True,False
2017-08-25,Medinfi,Consumer Internet,Online Doctor Discovery Platform,Bangalore,"PBS Srinivas, Vinod Martin,",Seed / Angel,125000.0,2017,2017-08,True,False
2017-08-28,Mobikon,Technology,Restaurant & Hotel CRM platform,Pune,"Sistema Asia Fund, C31 Ventures, Qualgro.",Private Equity,7000000.0,2017,2017-08,True,False
2017-08-29,CureFit,Consumer Internet,End to End health and wellness platform.,Bangalore,"Accel Partners, IDG Ventures, Kalaari Capital, UC-RNT fund",Private Equity,25000000.0,2017,2017-08,True,False
2017-08-29,Doxper,Technology,Healthtech IoT platform,Mumbai,"idal Health, growx ventures, Capier Investments, Globevestor & others",Seed / Angel,750000.0,2017,2017-08,True,False
2017-08-29,Fieldassist,Technology,SAAS based sales force automation services,Gurgaon,Small Industries Development Bank of India (SIDBI),Debt,,2017,2017-08,False,False
2017-08-30,Treebo,Consumer Internet,Budget Hotel Aggregator platform,Bangalore,"Ward Ferry Management and Karst Peak Capital,",Private Equity,34000000.0,2017,2017-08,True,False
2017-08-30,MedGenome,Technology,Genomics Research and Diagnostics Solutions,Bangalore,"Sequoia India, Sofina s.a., Zodius Capital, Kris Gopalakrishnan, Lakshmi Narayanan,",Private Equity,30000000.0,2017,2017-08,True,False
2017-07-01,Billion Loans,Consumer Internet,Peer to Peer Lending platform,Bangalore,Reliance Corporate Advisory Services Ltd,Seed / Angel,1000000.0,2017,2017-07,True,False
2017-07-03,Ecolibriumenergy,Technology,Energy management solutions provider,Ahmedabad,"Infuse Ventures, JLL",Private Equity,2600000.0,2017,2017-07,True,False
2017-07-04,Droom,E-Commerce,Online marketplace for automobiles,Gurgaon,"Asset Management (Asia) Ltd, Digital Garage Inc",Private Equity,20000000.0,2017,2017-07,True,False
2017-07-05,Jumbotail,E-Commerce,online marketplace for food and grocery,Bangalore,"Kalaari Capital, Nexus India Capital Advisors",Private Equity,8500000.0,2017,2017-07,True,False
2017-07-05,Moglix,E-Commerce,B2B marketplace for Industrial products,Noida,"International Finance Corporation, Rocketship, Accel Partners, Jungle Ventures, Shailesh Rao, Venture Highway",Private Equity,12000000.0,2017,2017-07,True,False
2017-07-05,Timesaverz,Consumer Internet,Hyperlocal home services provider,Mumbai,BCCL,Private Equity,1000000.0,2017,2017-07,True,False
2017-07-06,Minjar,Technology,Cloud Solutions provider,Bangalore,"Blume Ventures, Contrarian Capital India Partners, Emergent Ventures India, Pallav Nadhani, Ashish Gupta, Sharad Sharma, Sirion Labs",Seed / Angel,,2017,2017-07,False,False
2017-07-06,MyCity4kids,Consumer Internet,parenting blog and kids\\xe2\\x80\\x99 events discovery platform,Gurgaon,Unknown,Seed / Angel,,2017,2017-07,False,False
2017-07-07,Clip App,Consumer Internet,Digital Media Video platform,Bangalore,"India Quotient, Shunwei Capital",Seed / Angel,1000000.0,2017,2017-07,True,False
2017-07-07,Upwardly,Consumer Internet,MF investment platform,Bangalore,"Sreeram Iyer, Suvo Sarkar, Anita Gupta, Likemind Ventures",Seed / Angel,,2017,2017-07,False,False
2017-07-10,Autorox.co,Technology,Workshop Management Software Platform,Hyderabad,Mitsui & Co.,Private Equity,3000000.0,2017,2017-07,True,False
2017-07-11,Fabogo,Consumer Internet,Salon & Spa Aggregation & Discovery platform,Pune,Dunamis Ventures Pte Ltd,Private Equity,2250000.0,2017,2017-07,True,False
2017-07-11,Flickstree,Consumer Internet,Video Content Discovery Platform,Mumbai,"Venture Catalysts, Sourav Ganguly, Ankit Aditya, Moksh Sports Ventures",Seed / Angel,464000.0,2017,2017-07,True,False
2017-07-11,Design Cafe,Consumer Internet,Online Interior Design platform,Bangalore,"Fireside Ventures, Apurva Salarpuria, Sidharth Pansari, Sprout Capital",Seed / Angel,,2017,2017-07,False,False
2017-07-12,Innoviti,Technology,Digital payments solutions,Bangalore,"SBI-FMO Fund, Bessemer Venture Partners, Catamaran Ventures",Private Equity,18500000.0,2017,2017-07,True,False
2017-07-12,VDeliver,Logistics,Door Step Delivery platform,Hyderabad,"Corvus Ventures, MAPE Advisory Group",Private Equity,,2017,2017-07,False,False
2017-07-12,Bottr.me,Technology,Chatbot creation tool,Bangalore,"500 Startups, Purvi Capital, Rajan Anandan, Abhishek Gupta",Seed / Angel,,2017,2017-07,False,False
2017-07-12,Arcatron,Technology,Next Gen Mobility device manufacturer,Pune,Indian Angel Network,Seed / Angel,,2017,2017-07,False,False
2017-07-14,QwikSpec,Technology,Construction site operations and analytics platform,Bangalore,"Brigade Innovations LLP, TV Mohandas Pai, Suhail Rahman, Bobby Reddy, M George Oommen",Seed / Angel,540000.0,2017,2017-07,True,False
2017-07-14,Chumbak,E-Commerce,Designer consumer products Marketplace,Bangalore,Blacksoil Capital Pvt. Ltd,Private Equity,1700000.0,2017,2017-07,True,False
2017-07-17,Increff,Technology,Sales Solutions for Fashion Brands,Bangalore,"Sequoia Capital, Grey Orange, Rajesh Ramaiah, Anshuman Das, Rishi Das",Seed / Angel,2000000.0,2017,2017-07,True,False
2017-07-17,Vayana,Technology,Enterprise Banking Solutions,Pune,"IDG Ventures India Advisors, Jungle Ventures",Private Equity,4000000.0,2017,2017-07,True,False
2017-07-18,MObiquest,Technology,Mobile Services & Solutions,Noida,One97 Communication Ltd,Private Equity,,2017,2017-07,False,False
2017-07-18,Ambee,Consumer Internet,Ambulance Aggregation Services,Hyderabad,"Uber Technologies Inc, Amaya Capital LLP",Seed / Angel,,2017,2017-07,False,False
2017-07-18,Ideal Insurance,Consumer Internet,Online Insurance platform,Kolkata,Xelpmoc,Seed / Angel,,2017,2017-07,False,False
2017-07-18,Hypernova Interactive,Technology,Mobile games creator,Bangalore,Kae Capital,Seed / Angel,,2017,2017-07,False,False
2017-07-19,Rentomojo,Consumer Internet,Consumer Leasing Platform,Bangalore,"ain Capital Ventures, Renaud Laplanche",Private Equity,10000000.0,2017,2017-07,True,False
2017-07-19,AirCTO,Consumer Internet,AI powered recruitment platform,Bangalore,Francesco Cara,Seed / Angel,,2017,2017-07,False,False
2017-07-19,Playablo,Technology,Gamified Learning App,Bangalore,ABI-Showatech (India) Ltd,Seed / Angel,600000.0,2017,2017-07,True,False
2017-07-20,Trupay,Technology,Online payments platform,Gurgaon,"Kae Capital, M&S Partners,",Seed / Angel,700000.0,2017,2017-07,True,False
2017-07-21,Brick2Wall,E-Commerce,Online Marketplace for Construction Material,Gurgaon,"Subramani Somasundaram, Sundeep Sahni, Mayank Mittal & Others",Seed / Angel,200000.0,2017,2017-07,True,False
2017-07-21,FableStreet,E-Commerce,Women Work wear etailer,New Delhi,"Harmeet Bajaj, Pameela P, Fusiontech Ventures & Others",Seed / Angel,,2017,2017-07,False,False
2017-07-21,Monsoon Fintech,Technology,Machine Learning Access platform,New Delhi,"Sunil Kalra, Aditya Singh, Rishi Srivastava, Rajan Anandan",Seed / Angel,,2017,2017-07,False,False
2017-07-21,MonkeyBox,Consumer Internet,Healthy Food Delivery Platform,Bangalore,"Blume Ventures, NB Ventures, Nspira",Seed / Angel,,2017,2017-07,False,False
2017-07-25,Noticeboard,Consumer Internet,Mobile-first Enterprise communication platform,Bangalore,"Stellaris Venture Partners,",Private Equity,1200000.0,2017,2017-07,True,False
2017-07-25,Byju\\xe2\\x80\\x99s,Consumer Internet,Mobile Learning App,Bangalore,Tencent Holdings,Private Equity,35000000.0,2017,2017-07,True,False
2017-07-26,Creator\\xe2\\x80\\x99s Gurukul,Others,Co-Working Space Provider,New Delhi,Yuvraj Singh,Seed / Angel,,2017,2017-07,False,False
2017-07-26,Fab Hotels,Consumer Internet,Budget hotels brand & Aggregator Platform,New Delhi,Goldman Sachs,Private Equity,25000000.0,2017,2017-07,True,False
2017-07-26,ThinkerBell,Consumer Internet,Assisted Learning Startup,Bangalore,"Indian Angel Network, Anand Mahindra",Seed / Angel,200000.0,2017,2017-07,True,False
2017-07-27,1mg,E-Commerce,Online Pharmacy,Gurgaon,"HBM Healthcare Investments, Maverick Capital Ventures, Sequoia India, Omidyar Network and Kae Capital",Private Equity,15000000.0,2017,2017-07,True,False
2017-07-28,Jhakaas,Consumer Internet,App-based Aggregator of Offline Businesses,Mumbai,Amen Dhyllon,Seed / Angel,,2017,2017-07,False,False
2017-07-28,BigStylist,Consumer Internet,Beauty Services Marketplace,Mumbai,Info Edge (India) Ltd,Private Equity,1250000.0,2017,2017-07,True,False
2017-07-28,Gympik,Consumer Internet,online marketplace for discovering fitness centres,Bangalore,RoundGlass Partners,Seed / Angel,,2017,2017-07,False,False
2017-06-01,Tripeur,Technology,Mobile based travel ERP platform,Bangalore,"Grace Grace Techno Ventures LLP, Rajul Garg & Other undisclosed investors",Seed / Angel,,2017,2017-06,False,False
2017-06-02,RentOnGo,E-Commerce,"Online Marketplace for Renting Bikes, Electronics & Appliances",Bangalore,TVS Motor Company,Seed / Angel,234000.0,2017,2017-06,True,False
2017-06-05,Goomo,Consumer Internet,Online Travel & Holiday Booking platform,Mumbai,Emerging India,Private Equity,50000000.0,2017,2017-06,True,False
2017-06-05,MaxMyWealth,Consumer Internet,Online Wealth Management & Savings platform,Mumbai,"lockchain ecosystem Global Advisors, Horseferry",Private Equity,,2017,2017-06,False,False
2017-06-06,Spinny,E-Commerce,Online Used Car marketplace,Gurgaon,"Blume Ventures, Indian Angel Network, Kunal Shah, Sandeep Tandon",Private Equity,1000000.0,2017,2017-06,True,False
2017-06-06,Healthbuds,Consumer Internet,Healthcare Discovery & booking platform,Kolkata,"Arun Patodia, Bharat Kedia",Seed / Angel,,2017,2017-06,False,False
2017-06-06,Ftcash,Consumer Internet,Mobile Payments platform,Mumbai,"500 Startups, IvyCap Ventures",Private Equity,,2017,2017-06,False,False
2017-06-06,BHIVE Workspace,Consumer Internet,co-working spaces,Bangalore,Blume Ventures,Private Equity,1200000.0,2017,2017-06,True,False
2017-06-06,wayForward,Consumer Internet,Mobile app for Mental Health,New Delhi,"Harsh Mahajan, Farhan Naqvi, Sreepathy Viswanathan",Seed / Angel,1000000.0,2017,2017-06,True,False
2017-06-06,GyanDhan,Consumer Internet,Education Marketplace,New Delhi,Sundaram Finance Holdings,Private Equity,,2017,2017-06,False,False
2017-06-06,Hungry Foal,Consumer Internet,For profit Social Venture,Gurgaon,SBI (Stand Up India Scheme),Private Equity,,2017,2017-06,False,False
2017-06-07,ZipLoan,Consumer Internet,Online lending platform,New Delhi,WaterBridge Ventures,Seed / Angel,650000.0,2017,2017-06,True,False
2017-06-07,GrowFitter,Consumer Internet,health and fitness discovery platform,Mumbai,SQue Capital,Seed / Angel,600000.0,2017,2017-06,True,False
2017-06-08,Stratfit,Consumer Internet,Health coaching programs,Hyderabad,Bodhtree Consulting Limited,Seed / Angel,232000.0,2017,2017-06,True,False
2017-06-08,Multiplier Solutions,Technology,CRM Software for Healthcare space,Hyderabad,Norwest Venture Partners,Private Equity,1500000.0,2017,2017-06,True,False
2017-06-08,ABI Health,Technology,Unified Digital Health Platform,Bangalore,Norwest Venture Partners,Private Equity,1500000.0,2017,2017-06,True,False
2017-06-08,Stockal,Consumer Internet,App-based Investment advisory Services,Bangalore,"Mohan Alexander, R. Natarajan, Vikrant Varshney, Amit Sinha",Seed / Angel,350000.0,2017,2017-06,True,False
2017-06-09,Guidoo,Consumer Internet,Travel & adventure planning platform,Mumbai,"Pawan Borle, Nirmal Singh, Manish Prasad, Vineet Varma, Nick Haulkoury, Abhai S. Rao",Seed / Angel,300000.0,2017,2017-06,True,False
2017-06-09,eSahai,Consumer Internet,ambulance aggregator and medical taxi provider,Hyderabad,"Dr Ramesh Ayyala, Satya Muthyala",Seed / Angel,250000.0,2017,2017-06,True,False
2017-06-12,Loanmeet,Consumer Internet,Online peer-to-peer lending platform,Bangalore,"Cao Yibin, Huang Wei, Madhusudan E,",Seed / Angel,,2017,2017-06,False,False
2017-06-12,LendingKart,Consumer Internet,Online Lending platform,Ahmedabad,Yes Bank,Debt,7800000.0,2017,2017-06,True,False
2017-06-12,Boxx.ai,Technology,Artificial Intelligence,Bangalore,"Unicorn India Ventures, Venky Krishnakumar, Suresh Shankar, Vivek Bhargava",Private Equity,500000.0,2017,2017-06,True,False
2017-06-12,PeeSafe,Healthcare,Hygiene care product manufacturer,New Delhi,"Venture Catalysts, Alfa Capital, Green Shots Capital, Real Time Ventures",Private Equity,1000000.0,2017,2017-06,True,False
2017-06-12,Vista Rooms,Consumer Internet,Online rooms aggregation platform,Mumbai,"Artha India Ventures, Singularity Holdings, Rajan Anandan, Girish Mathrubootham",Seed / Angel,776000.0,2017,2017-06,True,False
2017-06-12,CoverFox,Consumer Internet,Online insurance brokerage platform,Mumbai,Transamerica,Private Equity,15000000.0,2017,2017-06,True,False
2017-06-13,HyperTrack,Technology,Location tracking solutions,New Delhi,"Nexus Venture Partners, Founders Fund",Private Equity,,2017,2017-06,False,False
2017-06-13,Goodera,Technology,CSR and sustainability management platform,Bangalore,"Nexus Venture Partners, Omidyar Network",Private Equity,5500000.0,2017,2017-06,True,False
2017-06-13,Digit,Technology,Tech driven Insurance platform,Bangalore,Fairfax Holdings,Private Equity,,2017,2017-06,False,False
2017-06-14,Ola,Consumer Internet,Cab Aggregation App,Bangalore,Tekne Capital Management LLC,Private Equity,50000000.0,2017,2017-06,True,False
2017-06-14,Vanitycask,Consumer Internet,Beauty products discovery platform,Mumbai,RB Investments,Seed / Angel,,2017,2017-06,False,False
2017-06-14,MrNeeds,Consumer Internet,Micro Food Delivery platform,Noida,undisclosed investors,Seed / Angel,500000.0,2017,2017-06,True,False
2017-06-15,MoneyTap,Consumer Internet,Money Lending platform,Bangalore,"Sequoia India, NEA, Prime Venture Partners",Private Equity,12300000.0,2017,2017-06,True,False
2017-06-16,Goodbox,E-Commerce,Mobile SAAS ECommerce platform for SMEs,Bangalore,"Nexus Venture Partners, Mekin Maheshwari",Private Equity,1000000.0,2017,2017-06,True,False
2017-06-16,Fincash,Consumer Internet,Personal Finance platform,Mumbai,"Mohammed Khan, Sameer Narayan & Others",Seed / Angel,100000.0,2017,2017-06,True,False
2017-06-16,PortDesk,Technology,Maritime Solutions,Noida,Alphard Maritime Group,Seed / Angel,2000000.0,2017,2017-06,True,False
2017-06-16,EdgeFx,E-Commerce,DIY project Kits seller,Hyderabad,"Cross Border Angels & Experts, Rajasthan Angel Innovators Network, The Chennai Angels",Seed / Angel,,2017,2017-06,False,False
2017-06-16,EazyDiner,Consumer Internet,Online Restaurant Reservation Platform,Gurgaon,YouWeCan Ventures,Seed / Angel,,2017,2017-06,False,False
2017-06-16,HealthIntel,Healthcare,Online Pharmacy,New Delhi,BLIP Initiatives,Seed / Angel,,2017,2017-06,False,False
2017-06-19,Unbxd,Technology,Cloud-based product discovery platform,Bangalore,Eight Roads Ventures,Private Equity,12500000.0,2017,2017-06,True,False
2017-06-19,DarwinBox,Technology,Enterprise human resources management platform,Hyderabad,"Lightspeed India Partners, Endiya Partners, 3one4 Capital Advisors LLP, Startupxseed Ventures LLP",Private Equity,4000000.0,2017,2017-06,True,False
2017-06-20,ForeverShop,Consumer Internet,Mobile based ecommerce platform,Bangalore,91maker.com,Seed / Angel,300000.0,2017,2017-06,True,False
2017-06-20,Insider,Consumer Internet,Events Ticketing platform,Mumbai,Paytm,Private Equity,5200000.0,2017,2017-06,True,False
2017-06-21,Fynd,E-Commerce,Fashion etailer,Mumbai,"IIFL Seed Ventures, Kae Capital, FJ Labs, Singularity Ventures, GrowX, Tracxn Labs, Axis Capital",Private Equity,2400000.0,2017,2017-06,True,False
2017-06-21,Grow Fit,Consumer Internet,Health-Tech platform,Bangalore,"Manipal Education and Medical Group (MEMG), SAR Group, The Grover Trust",Private Equity,4500000.0,2017,2017-06,True,False
2017-06-21,Fabulyst,Technology,Artificial Intelligence based platform,Hyderabad,iBhubs,Seed / Angel,215000.0,2017,2017-06,True,False
2017-06-21,mSwipe,Technology,Point-of-Sale services,Mumbai,"UC-RNT Fund, Matrix Partners, alcon Edge Capital, DSG Consumer Partners",Private Equity,31000000.0,2017,2017-06,True,False
2017-06-21,OneAssist,Consumer Internet,Credit card fraud protection,Mumbai,Sequoia Capital,Private Equity,,2017,2017-06,False,False
2017-06-22,Julia Computing,Technology,Open Source Language for Data Science and Machine Learning,Bangalore,"General Catalyst, Founder Collective",Private Equity,4600000.0,2017,2017-06,True,False
2017-06-22,Kissht,Consumer Internet,Consumer Lending platform,Mumbai,"Endiya Partners, Ventureast",Private Equity,2000000.0,2017,2017-06,True,False
2017-06-22,Explore Life traveling,Consumer Internet,Local homes booking platform,Bangalore,"Mekin Maheshwari, Bharat Vijay, Krish Seshadri, Amar Arsikere",Seed / Angel,500000.0,2017,2017-06,True,False
2017-06-23,Loantap,Consumer Internet,Lending platform for salaried professionals,Mumbai,"Kae Capital, India Quotient, IFMR, and MAS Financial Services Ltd",Private Equity,4000000.0,2017,2017-06,True,False
2017-06-23,Voxweb,Consumer Internet,Mobile based social networking platform,Mumbai,Undisclosed,Seed / Angel,1000000.0,2017,2017-06,True,False
2017-06-26,HUG Innovations,Technology,Gesture based Smartwatch manufacturer,Hyderabad,"Mohit Srivastav, Kishore Ganji, Venkat Vallabhaneni, Rajeev Menon",Private Equity,5000000.0,2017,2017-06,True,False
2017-06-26,Flipkart,E-Commerce,Online marketplace,Bangalore,Naspers,Private Equity,71000000.0,2017,2017-06,True,False
2017-06-26,V Resorts,Consumer Internet,Holiday & Vacation resort aggregator,Noida,"Seedfund, RB International",Private Equity,4000000.0,2017,2017-06,True,False
2017-06-27,Stashfin,Consumer Internet,Personal Finance App,New Delhi,"Snow Leopard Ventures, Alto Partners",Private Equity,5000000.0,2017,2017-06,True,False
2017-06-27,Formcept,Consumer Internet,Unified Data Analysis platform,Bangalore,Gujarat Venture Finance Ltd,Private Equity,,2017,2017-06,False,False
2017-06-27,Spares Hub,E-Commerce,Automobile parts marketplace,Pune,"The Chennai Angels, Anthill Scale Ventures, Esvee Technologies Inc, Inc95 Consulting",Seed / Angel,311000.0,2017,2017-06,True,False
2017-06-28,FiTraQ,Consumer Internet,Fitness Centre Discovery Platform,New Delhi,"Aparup Sengupta, Devendra Reddy,",Seed / Angel,,2017,2017-06,False,False
2017-06-28,Rubique,Consumer Internet,Online Marketplace for financial products,Mumbai,"Kalaari Capital, Udayan Goyal",Private Equity,3000000.0,2017,2017-06,True,False
2017-06-28,Niki.ai,Consumer Internet,AI Based Personal Assistant,Bangalore,"SAP.iO, Unilazer Ventures",Private Equity,2000000.0,2017,2017-06,True,False
2017-06-29,Fitpass,Consumer Internet,Online Fitness Marketplace,New Delhi,"Abhinav Bindra, Gaurav Marya",Private Equity,1000000.0,2017,2017-06,True,False
2017-06-29,ZingHR,Technology,"digital employee solutions,",Mumbai,Zeta,Private Equity,,2017,2017-06,False,False
2017-06-30,Tagos Design,Technology,in-video discovery platform,Bangalore,Undisclosed,Private Equity,5000000.0,2017,2017-06,True,False
2017-06-30,UrbanClap,Consumer Internet,Mobile Services Marketplace,Gurgaon,"Vy Capital, SAIF Partners, Accel Partner, Bessemer Venture Partners",Private Equity,21000000.0,2017,2017-06,True,False
2017-05-01,Ace2three,Consumer Internet,Online Rummy playing Website,Hyderabad,Clairvest Group,Private Equity,73700000.0,2017,2017-05,True,False
2017-05-01,Power2SME,E-Commerce,Buying portal for SMEs,Gurgaon,International Finance Corporation,Private Equity,10000000.0,2017,2017-05,True,False
2017-05-02,Innovapptive,Technology,Enterprise Mobility Solutions,Hyderabad,Hyderabad Angels,Seed / Angel,1500000.0,2017,2017-05,True,False
2017-05-02,4tigo,Logistics,Truck Network company,Bangalore,"Accel Partners, Nandan Nilekani,",Private Equity,10000000.0,2017,2017-05,True,False
2017-05-02,SMECorner,Consumer Internet,Online Platform for small business loans,Mumbai,Dutch government fund,Private Equity,,2017,2017-05,False,False
2017-05-02,ZippServe,Consumer Internet,Real estate risk assessment platform,Bangalore,undisclosed investors,Seed / Angel,390000.0,2017,2017-05,True,False
2017-05-03,Ola,Consumer Internet,Cab Aggregation App,Bangalore,"Falcon Edge Capital, Capital Advisers",Private Equity,104500000.0,2017,2017-05,True,False
2017-05-03,Sumeru,Technology,Software & Mobile development services,Bangalore,undisclosed investors,Seed / Angel,1000000.0,2017,2017-05,True,False
2017-05-04,Healthians,Consumer Internet,Online Diagnostics and wellness platform,New Delhi,"Asuka Holdings, YouWeCan Ventures, Beenext, Beenos, M&S Partners",Private Equity,,2017,2017-05,False,False
2017-05-05,HealthMir,Consumer Internet,AI-based health content platform,New Delhi,Nimit Panigrahi,Seed / Angel,,2017,2017-05,False,False
2017-05-05,Uactive,Consumer Internet,Health-based social networking & discovery App,Mumbai,Hinduja family,Seed / Angel,,2017,2017-05,False,False
2017-05-05,i-lend,Consumer Internet,Peer-to-peer lending platform,Hyderabad,50K Ventures,Seed / Angel,,2017,2017-05,False,False
2017-05-05,Good Methods Global,Technology,Cloud Based Practice Management Software,Trivandrum,Accel Partners,Private Equity,,2017,2017-05,False,False
2017-05-05,Balance App,Consumer Internet,Money Savings & Management App,Bangalore,Rainmatter,Seed / Angel,233000.0,2017,2017-05,True,False
2017-05-08,YepMe,E-Commerce,Private Label Fashion etailer,Gurgaon,"Rainbow Digital Services Pvt. Ltd, ILearnFinance Academy Pvt. Ltd.",Private Equity,700000.0,2017,2017-05,True,False
2017-05-08,Nightstay,Consumer Internet,Last minute hotel booking mobile app,New Delhi,"Indian Angels Network, LetsVenture",Seed / Angel,,2017,2017-05,False,False
2017-05-08,Devourin,Technology,Restaurant Automation Solution,Pune,Deepak Nathani,Seed / Angel,,2017,2017-05,False,False
2017-05-08,MyGreens,Food & Beverage,Cold-press Juices manufacturer,New Delhi,"Ajay Relan, LetsVenture",Seed / Angel,1000000.0,2017,2017-05,True,False
2017-05-08,Ace Turtle,Technology,Omni-Channel Platform,Bangalore,"Vertex Ventures, C31 Ventures",Private Equity,5000000.0,2017,2017-05,True,False
2017-05-08,CureFit,Technology,Health-Tech Platform,Bangalore,"Trifecta Capital Advisors LLP, Prathithi Investment Trust, RNT Capital, Gokul Rajaram, Aditya Agarwal, Ruchi Sanghvi & others",Private Equity,3200000.0,2017,2017-05,True,False
2017-05-09,Curie Labs,Technology,Energy Analytics startup,New Delhi,Satoshi Studios,Seed / Angel,50000.0,2017,2017-05,True,False
2017-05-09,Uncanny Vision,Technology,Computer Vision on Embedded Systems,Bangalore,Anand Chandrasekaran,Seed / Angel,,2017,2017-05,False,False
2017-05-09,Anchanto,Technology,Ecommerce Fulfilment and Technology Platform,Pune,Luxasia Group,Private Equity,,2017,2017-05,False,False
2017-05-09,Sequretek,Technology,IT Security & Data Management Services,Mumbai,"GVFL, Unicorn India Ventures",Private Equity,,2017,2017-05,False,False
2017-05-10,Lucideus,Technology,Cyber Security Startup,New Delhi,"Vellayan Subbiah, Jonathan Boutelle, Rajan Anandan, Rahul Chawla, Salil Donde, Amit Ranjan, Govind Rajan & Others",Seed / Angel,,2017,2017-05,False,False
2017-05-10,Vidooly,Consumer Internet,Video Intelligence platform,Noida,"Times Internet, GVFL",Private Equity,1400000.0,2017,2017-05,True,False
2017-05-10,Shopclues,E-Commerce,Online marketplace,Gurgaon,InnoVen Capital,Private Equity,7700000.0,2017,2017-05,True,False
2017-05-10,Fourth Ambit,Consumer Internet,Community Building platform,Bangalore,1Crowd,Seed / Angel,600000.0,2017,2017-05,True,False
2017-05-10,Chymera VR,Technology,Advertising Platform for Virtual Reality,Bangalore,"Varsha Rao, Surojit Chatterjee, Nirav Choksi & Others",Seed / Angel,,2017,2017-05,False,False
2017-05-11,Early Salary,Consumer Internet,Online lending platform,Pune,"DG Ventures India, Dewan Housing Finance Corp",Private Equity,4000000.0,2017,2017-05,True,False
2017-05-11,Book My Diamond,E-Commerce,Diamond B2B eTailer,Mumbai,Chirag Nikunj Sheth & Others,Seed / Angel,,2017,2017-05,False,False
2017-05-11,ION Energy,Technology,Clean Tech Startup,Mumbai,"Aakrit Vaish, Swapan Rajdev, Sushill Jiwarajka",Seed / Angel,,2017,2017-05,False,False
2017-05-12,Legal Raasta,Consumer Internet,Legal Services to SMEs & Individuals,New Delhi,Impanix Capital,Private Equity,5000000.0,2017,2017-05,True,False
2017-05-12,Log 9 Materials,Technology,NanoTech product developer,Bangalore,GEMs,Seed / Angel,,2017,2017-05,False,False
2017-05-12,Remit Guru,Consumer Internet,Digital money transfer platform,Mumbai,"Infibeam, CCavenue",Private Equity,466000.0,2017,2017-05,True,False
2017-05-12,Aequm,E-Commerce,Cloud ECommerce platform,Bangalore,undisclosed investors,Seed / Angel,1000000.0,2017,2017-05,True,False
2017-05-15,Zapty,Technology,Project Management tool,Bangalore,IdeaSpring Capital,Seed / Angel,500000.0,2017,2017-05,True,False
2017-05-15,Vernacular.ai,Technology,Multi-lingual AI Platform for Businesses,Bangalore,Kstart Capital,Seed / Angel,,2017,2017-05,False,False
2017-05-16,Niki.ai,Technology,AI-based chatbot,Bangalore,SAP,Private Equity,,2017,2017-05,False,False
2017-05-16,Telr,Technology,Online Payment Gateway,Mumbai,Innovations East,Private Equity,3000000.0,2017,2017-05,True,False
2017-05-16,Fynd,E-Commerce,Fashion ECommerce Portal,Mumbai,Rocketship,Private Equity,500000.0,2017,2017-05,True,False
2017-05-17,Genie,Consumer Internet,hyperlocal delivery and logistics mobile app,Chennai,undisclosed investors,Seed / Angel,250000.0,2017,2017-05,True,False
2017-05-17,Paysense,Consumer Internet,Online Lending platform,Mumbai,Jungle Ventures,Private Equity,5300000.0,2017,2017-05,True,False
2017-05-18,The Good Life,E-Commerce,Online Luxury Tea etailer,Mumbai,"Ayesha Takia Azmi, Abu Farhan Azmi",Seed / Angel,1000000.0,2017,2017-05,True,False
2017-05-18,PumpKart,E-Commerce,Online Water Pumps etailer,Chandigarh,Dr. Ritesh Malik,Seed / Angel,,2017,2017-05,False,False
2017-05-18,Paytm,E-Commerce,Mobile Wallet & ECommerce platform,Bangalore,SoftBank Group,Private Equity,1400000000.0,2017,2017-05,True,True
2017-05-19,EzCred,Consumer Internet,Consumer Lending Platform,Bangalore,"Dheeraj Pandey, Rajesh Yohannan, Akash Garg",Seed / Angel,1000000.0,2017,2017-05,True,False
2017-05-19,HealthSutra,Food & Beverage,Health Food Maker,Hyderabad,"Ankur Capital, Hyderabad Angels",Seed / Angel,,2017,2017-05,False,False
2017-05-20,YepMe,E-Commerce,Private Fashion Brand etailer,New Delhi,Gokaldas Exports Ltd,Private Equity,,2017,2017-05,False,False
2017-05-22,Delhivery,Logistics,ECommerce Logistics provider,New Delhi,Fosun International,Private Equity,30000000.0,2017,2017-05,True,False
2017-05-22,ZipGrid,Consumer Internet,"Cashless, paperless solutions for Housing societies",Mumbai,"JLL, 1Crowd",Seed / Angel,500000.0,2017,2017-05,True,False
2017-05-23,TravelSpice,E-Commerce,Travel ECommerce portal,Hyderabad,Eagle10 Ventures,Seed / Angel,,2017,2017-05,False,False
2017-05-23,Magicpin,Consumer Internet,Hyperlocal discovery platform,Gurgaon,"Lightspeed Venture Partners, Vy Capital,",Private Equity,6600000.0,2017,2017-05,True,False
2017-05-23,The Print,Consumer Internet,News Portal,New Delhi,"Ratan Tata, Nandan Nilekani, Uday Kotak, Vijay Shekhar Sharma, Kiran Mazumdar-Shaw, Rajiv C Mody",Seed / Angel,,2017,2017-05,False,False
2017-05-23,Box8,Consumer Internet,Food Delivery Platform,Mumbai,Trifecta Capital,Private Equity,1000000.0,2017,2017-05,True,False
2017-05-24,GenNext Students,Consumer Internet,Online Tutoring Services,Mumbai,Undisclosed,Seed / Angel,580000.0,2017,2017-05,True,False
2017-05-25,Aye Finance,FinTech,Non-Banking Financial Company,Gurgaon,Blue Orchard,Private Equity,8000000.0,2017,2017-05,True,False
2017-05-26,WhatsLoan,Consumer Internet,Online Lending mobile app,Bangalore,Lahiri Music\\xe2\\x80\\x99s family office,Seed / Angel,,2017,2017-05,False,False
2017-05-29,Cube Consumer Services,Consumer Internet,Finance management Mobile app,Mumbai,Unknown,Seed / Angel,,2017,2017-05,False,False
2017-05-29,Nivesh,Consumer Internet,Online MF investment platform,Noida,"PV Sahad, Sandeep Shroff, Rahul Gupta",Seed / Angel,,2017,2017-05,False,False
2017-05-29,Wowflux,Technology,image Processing solution,New Delhi,Undisclosed,Seed / Angel,,2017,2017-05,False,False
2017-05-29,Collateral Medical,E-Commerce,Online Medical equipment supplier,Mumbai,Carpediem Capital,Private Equity,3500000.0,2017,2017-05,True,False
2017-05-30,Loadshare,Logistics,Express Logistics Network,Bangalore,Matrix Partners,Seed / Angel,,2017,2017-05,False,False
2017-05-30,SimpliLend,Consumer Internet,Online lending platform,New Delhi,Undisclosed,Seed / Angel,,2017,2017-05,False,False
2017-05-30,Supr Daily,Consumer Internet,Subscription based delivery platform,Mumbai,"Soma Capital, Great Oaks Ventures, 122 West Ventures",Private Equity,1500000.0,2017,2017-05,True,False
2017-05-30,Swiggy,Consumer Internet,Online food delivery platform,Bangalore,"Nasper, Accel India, SAIF Partners, Bessemer Venture Partners, Harmony Partners, Norwest Venture Partners",Private Equity,80000000.0,2017,2017-05,True,False
2017-05-31,SastaSundar,E-Commerce,Online Pharmacy,Kolkata,Rohto Pharmaceutical,Private Equity,5000000.0,2017,2017-05,True,False
2017-05-31,Magicpin,Consumer Internet,Hyperlocal Discovery & Rewards platform,Gurgaon,"Lightspeed India Partners, Waterbridge Ventures",Private Equity,7000000.0,2017,2017-05,True,False
2017-04-01,Cashe,Consumer Internet,Online & Mobile based Lending platform,Mumbai,"Mathew Cyriac, Florintree Advisors,",Private Equity,3800000.0,2017,2017-04,True,False
2017-04-03,Eruditus,EdTech,Executive Education Provider,Mumbai,Bertelsmann India,Private Equity,8200000.0,2017,2017-04,True,False
2017-04-03,TestBook,Consumer Internet,Online Test Preparation Platform,Mumbai,Matrix Partners India,Private Equity,,2017,2017-04,False,False
2017-04-03,Healthcare at Home,Healthcare,Home Healthcare Provider,Noida,Quadria Capital Advisors,Private Equity,40000000.0,2017,2017-04,True,False
2017-04-03,Tyre Express,Technology,Enterprise IoT solutions For Tyre Performance,Mumbai,Rohitash Gupta,Seed / Angel,,2017,2017-04,False,False
2017-04-03,SmartCoin,Consumer Internet,Micro Lending platform,Bangalore,Unicorn India Ventures & Others,Private Equity,,2017,2017-04,False,False
2017-04-04,WayCool,Food & Beverage,Fresh-Produce Distribution Platform,Chennai,Aspada Investments,Private Equity,2700000.0,2017,2017-04,True,False
2017-04-04,Perfios,Technology,Fin-Tech Solutions,Bangalore,Bessemer Venture Partners,Private Equity,6100000.0,2017,2017-04,True,False
2017-04-04,Whatfix,Technology,Interactive Tech-Support Guides,Bangalore,"Stellaris Venture Partners, Helion Venture Partners, Powerhouse Ventures, Gokul Rajaram, Girish Mathrubootham, Aneesh Reddy, Vispi Daver",Private Equity,3690000.0,2017,2017-04,True,False
2017-04-04,ElastiRun,Technology,App based Logistics & Distribution platform,Pune,"Kalaari Capital, Norwest Venture Partners",Private Equity,7000000.0,2017,2017-04,True,False
2017-04-04,Trukky,Consumer Internet,Online Truck Aggregator & Booking platform,Ahmedabad,"Keyur Joshi, Pavan Bakeri",Seed / Angel,500000.0,2017,2017-04,True,False
2017-04-04,Konsult App,Consumer Internet,App based Doctor Consulting platform,New Delhi,"Koen Bouwers, Lomesh Agarwal, Jeroen Mensen, Pablo van den Bosch & Others",Seed / Angel,500000.0,2017,2017-04,True,False
2017-04-05,Credit Sudhaar,Consumer Internet,Credit Score Improvement platform,Mumbai,"Deepak Kulkarni, Sandeep Pangal",Seed / Angel,,2017,2017-04,False,False
2017-04-05,Fingerlix,Consumer Internet,Food Delivery Platform,Mumbai,Zephyr Peacock India,Private Equity,3000000.0,2017,2017-04,True,False
2017-04-05,DataWeave,Technology,Business Intelligence Solutions,Bangalore,"FreakOut Group, Blume Ventures, Herb Madan, WaterBridge Ventures",Private Equity,,2017,2017-04,False,False
2017-04-06,Medwell Ventures,Healthcare,Home-Based Healthcare provider,Bangalore,"Mahindra Partners, Eight Roads Ventures, F-Prime Capital Partners",Private Equity,21000000.0,2017,2017-04,True,False
2017-04-06,Mech Mocha,Consumer Internet,Mobile gaming startup,Bangalore,"Accel Partners, Shunwei Capital",Private Equity,5000000.0,2017,2017-04,True,False
2017-04-07,Startup Buddy,Consumer Internet,Startup Support Platform,Gurgaon,"YouWeCan Ventures,",Seed / Angel,,2017,2017-04,False,False
2017-04-07,QorQI,Healthcare,Online Healthcare provider,Noida,Paytm,Seed / Angel,,2017,2017-04,False,False
2017-04-07,Twenty Two Motors,Technology,Smart Scooter manufacturer,Gurgaon,"Ishwar Singh,Farhaan Shabbir",Seed / Angel,,2017,2017-04,False,False
2017-04-07,PharmEasy,E-Commerce,Online Pharmacy,Mumbai,"Bessemer Venture Partners, Orios Venture Partners, Trifecta Capital,",Private Equity,18000000.0,2017,2017-04,True,False
2017-04-08,WonderChef,E-Commerce,Online marketplace for kitchen products,Mumbai,Labruyere Eberl\\xc3\\xa9,Private Equity,,2017,2017-04,False,False
2017-04-08,FastFox,Consumer Internet,Online rental discovery platform,Gurgaon,"Lightspeed India Partners, Blume Ventures, CyberAgent Ventures, GrowX Ventures, IMJ Investment Partners",Private Equity,4600000.0,2017,2017-04,True,False
2017-04-10,Omnify,Technology,SaaS platform for SMEs,Bangalore,"Rajan Anandan, L.D Sharma, Saurabh Arora",Seed / Angel,150000.0,2017,2017-04,True,False
2017-04-10,Capital Float,Consumer Internet,Online Lending Platform for SME,Bangalore,Mahindra and Mahindra Financial Services,Private Equity,2300000.0,2017,2017-04,True,False
2017-04-11,Ninjacart,E-Commerce,B2B agri-marketing platform,Bangalore,"Accel Partners, Nandan Nilekani\\xe2\\x80\\x99s NRJN Trust, Mistletoe, Qualcomm Ventures, M&S Partners",Private Equity,5500000.0,2017,2017-04,True,False
2017-04-11,MergerWare,Technology,Software solutions for M&As,Bangalore,Philippe Bouchet,Seed / Angel,100000.0,2017,2017-04,True,False
2017-04-11,Sports Flashes,Consumer Internet,Online Sports portal & Mobile app,New Delhi,"Sushil Kumar, Sandeep Singh",Seed / Angel,,2017,2017-04,False,False
2017-04-12,Clovia,E-Commerce,Online lingerie & Sleepwear etailer,New Delhi,"Ivycap Ventures Advisors, Singularity Ventures and Ravi Dhariwal",Private Equity,4000000.0,2017,2017-04,True,False
2017-04-12,Emiza,Logistics,Third Party Logistics provider,Mumbai,"Mayfield, Nishant Rao, Dileep Nath",Private Equity,4500000.0,2017,2017-04,True,False
2017-04-12,HackerEarth,Consumer Internet,Online Skill Assessment Platform,Bangalore,"DHI Group Inc, Prime Venture Partners, Beenext, Beenos, Digital Garage, BizReach",Private Equity,4500000.0,2017,2017-04,True,False
2017-04-12,Squadrun,Technology,Software-As-a-Service Platform,Noida,"Blume Ventures, Contrarian Capital, 91springboard, Emergent Ventures, Abstract Ventures, Anthill Ventures, Axilor Ventures",Private Equity,2100000.0,2017,2017-04,True,False
2017-04-12,Tinmen,Consumer Internet,Food Delivery Platform,Hyderabad,"MAPE Advisory Group, R Ramaraj, Corvus Ventures",Seed / Angel,,2017,2017-04,False,False
2017-04-12,ScoutMyTrip,Consumer Internet,Online Travel planner,Mumbai,Z Nation Lab,Seed / Angel,,2017,2017-04,False,False
2017-04-13,SafetyKart,E-Commerce,Safety & Hygiene Products etailer,Gurgaon,Redcliffe Capital,Private Equity,,2017,2017-04,False,False
2017-04-13,WeAreHolidays,Consumer Internet,Travel Packages & Planner marketplace,Gurgaon,"Urrshila Kerkar,",Private Equity,7700000.0,2017,2017-04,True,False
2017-04-14,Ola,Consumer Internet,Cab Aggregator App,Bangalore,SIMI Pacific Pte,Private Equity,260000000.0,2017,2017-04,True,False
2017-04-15,Myly,Consumer Internet,Mobile App for Schools,Jaipur,mall Industries Development Bank of India (SIDBI),Seed / Angel,310000.0,2017,2017-04,True,False
2017-04-17,CrediHealth,Consumer Internet,Online Medical Assistance platform,Gurgaon,"Tolaram Inc, Mountain Pine Capital",Private Equity,1500000.0,2017,2017-04,True,False
2017-04-17,Navia Life Care,Technology,Health Technology platform,New Delhi,Benori Ventures LLP,Seed / Angel,,2017,2017-04,False,False
2017-04-17,Raw Pressery,Food & Beverages,Raw Pressed Juices manufacturer,Mumbai,Jacqueline Fernandez,Seed / Angel,,2017,2017-04,False,False
2017-04-17,Snackible,Food & Beverages,Healthy Snacks manufacturer,Mumbai,"Nibhrant Shah, Anandbir Singh, Anirudh Sheth, Pratik Singhi, Vikram Mehta, Murali Nair",Seed / Angel,175000.0,2017,2017-04,True,False
2017-04-17,Be U Salons,Consumer Internet,Online Salon discovery & Booking Services,New Delhi,"Gaurav Kachru, Sundeep Singh Sahni, Jatin Aneja, Arun Malhotra",Seed / Angel,620000.0,2017,2017-04,True,False
2017-04-17,Simulanis,Consumer Internet,eLearning & Skills Development plat,New Delhi,Village Capital,Seed / Angel,,2017,2017-04,False,False
2017-04-17,LendingKart,Consumer Internet,Lending platform for small businesses,Ahmedabad,Anicut Capital,Private Equity,4650000.0,2017,2017-04,True,False
2017-04-18,Innefu Security Consulting,Technology,Cyber Security solutions using AI,New Delhi,IndiaNivesh Venture Capital Fund,Private Equity,2000000.0,2017,2017-04,True,False
2017-04-18,Whodat,Technology,Markerless AR platform,Bangalore,Ideaspring Capital,Private Equity,600000.0,2017,2017-04,True,False
2017-04-18,Absentia VR,Technology,Virtual Reality Startup,Bangalore,Exfinity Venture Partners,Private Equity,1250000.0,2017,2017-04,True,False
2017-04-19,IOTrek,Technology,IoT Platform for Bus,New Delhi,Undisclosed Investor,Seed / Angel,155000.0,2017,2017-04,True,False
2017-04-20,HolaChef,Consumer Internet,Online Food Delivery,Mumbai,"SIDBI Venture Capital Ltd, Kalaari Capital",Private Equity,3000000.0,2017,2017-04,True,False
2017-04-20,Wooplr,E-Commerce,Social Commerce Fashion platform,Bangalore,Ankit Nagori,Private Equity,,2017,2017-04,False,False
2017-04-21,Video Ken,Consumer Internet,Video Based Collaborative Learning,Bangalore,"Ravi Garikipati, Surot Chatterjee, Ashish Agrawal, LG Chandrasekhar, Sashi Reddi",Seed / Angel,1000000.0,2017,2017-04,True,False
2017-04-24,Faasos,Food & Beverage,QSR chain and online food delivery,Pune,"Ligthbox Ventures II, Lightbox Expansion Fund, Sequoia Capital India, RuNet South Asia, RB Investments",Private Equity,6300000.0,2017,2017-04,True,False
2017-04-24,OYO,Consumer Internet,Branded Budget Hotels Aggregator,Gurgaon,"SoftBank Vision Fund, Lightspeed Venture Partners, Sequoia Capital India Advisors, Greenoaks Capital Partners",Private Equity,250000000.0,2017,2017-04,True,False
2017-04-24,Toppr,Consumer Internet,Learning mobile app for students,Mumbai,WGG International,Private Equity,3200000.0,2017,2017-04,True,False
2017-04-24,Niramai,Healthcare,Breast Cancer Screening Solutions,Bangalore,"pi Ventures, Axilor Ventures, 500 Startups, Binny Bansal",Seed / Angel,,2017,2017-04,False,False
2017-04-25,The Office Pass,Consumer Internet,CoWorking Spaces booking platform,Gurgaon,"Arun Tadanki, Aditya Verma",Seed / Angel,245000.0,2017,2017-04,True,False
2017-04-25,UrbanClap,Consumer Internet,Mobile Services Marketplace,Gurgaon,Trifecta Capital,Private Equity,3100000.0,2017,2017-04,True,False
2017-04-26,Awfis,Consumer Internet,Collaborative co-Working Spaces,Mumbai,Sequoia India,Private Equity,20000000.0,2017,2017-04,True,False
2017-04-26,Myra,Consumer Internet,Online Pharmacy,Bangalore,"Times Internet,Matrix Partners",Private Equity,,2017,2017-04,False,False
2017-04-26,Flytxt,Technology,Customer data analytics software,Mumbai,DAH Beteiligungs GmbH,Private Equity,11000000.0,2017,2017-04,True,False
2017-04-26,Howdy Ventures,Consumer Internet,Public and Private Events creation app,Chennai,S. Xavier Britto,Seed / Angel,1500000.0,2017,2017-04,True,False
2017-04-26,StalkBuyLove,E-Commerce,Online fashion marketplace,New Delhi,Trifecta Capital,Private Equity,1000000.0,2017,2017-04,True,False
2017-04-26,ZipGo,Consumer Internet,Bus Pooling services platform,Bangalore,"Orios Ventures Partners, Team Builder Ventures, Omidyar Networks",Private Equity,,2017,2017-04,False,False
2017-04-27,Scootsy,Consumer Internet,On-Demand Food Delivery,Mumbai,"Agnus Capital, Khattar Holdings",Private Equity,3600000.0,2017,2017-04,True,False
2017-04-27,Autobix,Technology,Software Solutions for Auto Dealership,Pune,GardX International,Seed / Angel,,2017,2017-04,False,False
2017-04-27,eShiksha,Technology,Education Institution Management Solutions,Jaipur,Cross Border Angels & Experts,Seed / Angel,,2017,2017-04,False,False
2017-04-27,iNurture,Consumer Internet,Online Educational courses,Bangalore,BlackSoil Capital Pvt. Ltd,Private Equity,1500000.0,2017,2017-04,True,False
2017-04-28,Sepalika,Consumer Internet,Healthcare related content platform,New Delhi,Accel Partners,Seed / Angel,750000.0,2017,2017-04,True,False
2017-04-28,Mintwalk,Consumer Internet,Financial advisory mobile app,Mumbai,Poshika Financial Ecosystem,Seed / Angel,,2017,2017-04,False,False
2017-04-29,Qriyo,Consumer Internet,Tutor Discovery & Booking platform,Jaipur,NB Ventures,Private Equity,,2017,2017-04,False,False
2017-03-01,Ola,Consumer Internet,App based cab aggregator,Bangalore,SoftBank Group Corp,Private Equity,330000000.0,2017,2017-03,True,False
2017-03-01,Belong,Consumer Internet,Online Jon Portal,Bangalore,Sequoia Capital India,Private Equity,10000000.0,2017,2017-03,True,False
2017-03-01,Seenit,Consumer Internet,AI based Fashion Search Portal,Kolkata,"Calcutta Angels Network (CAN), Augment Ventures",Seed / Angel,,2017,2017-03,False,False
2017-03-01,Paalak,E-Commerce,Fresh Produce Selling portal,New Delhi,"Vishwadeep Bajaj, Harsh Kundra, Nandkumar Rane, LN Buddharaju, Anupam Tyagi",Seed / Angel,,2017,2017-03,False,False
2017-03-02,Celes Care,Consumer Internet,Women Healthcare & Information portal,Hyderabad,"Ventureast, Endiya Partners, Eight Roads Ventures, F-Prime Capital Partners",Private Equity,1500000.0,2017,2017-03,True,False
2017-03-02,Karomi,Technology,Packaging Artwork Management software,Chennai,Ideaspring Capital,Seed / Angel,500000.0,2017,2017-03,True,False
2017-03-02,Red Carpet,Consumer Internet,Micro Lending platform,Gurgaon,Lightspeed Venture Partners,Private Equity,2500000.0,2017,2017-03,True,False
2017-03-02,Kreate Konnect,Technology,End-to-End Seller e-commerce solutions Provider,Vadodara,Langoor,Seed / Angel,,2017,2017-03,False,False
2017-03-02,CreditMantri,Consumer Internet,Online Credit score & lending platform,Chennai,Quona Capital,Private Equity,7600000.0,2017,2017-03,True,False
2017-03-03,Lets Endorse,Consumer Internet,Online Ecosystem of social innovators,Bangalore,"Chandigarh Angels Network, Social Alpha and other unnamed angel investors",Seed / Angel,,2017,2017-03,False,False
2017-03-03,Tydy,Technology,Employee Onboarding and Engagement platform,Bangalore,"Bhupen Shah, Jayesh Parekh, Sanjay Sathe",Seed / Angel,275000.0,2017,2017-03,True,False
2017-03-03,Nactus,Consumer Internet,Professional Tutors discovery & booking mobile app,Jaipur,"Sandeep Aggarwal, Gautam Chhaochharia, R Balachandar",Seed / Angel,,2017,2017-03,False,False
2017-03-03,Oho Shop,Technology,eCommerce Mobile App Builder,Ahmedabad,"Bennett, Coleman and Company Ltd",Private Equity,6700000.0,2017,2017-03,True,False
2017-03-03,Emojifi,Consumer Internet,Mobile App for live emoji,Hyderabad,Undisclosed angel investors,Seed / Angel,,2017,2017-03,False,False
2017-03-03,Paytm,E-Commerce,ECommerce Marketplace,Bangalore,Alibaba,Private Equity,200000000.0,2017,2017-03,True,False
2017-03-04,iGenetics,Healthcare,Health Diagnostic Solutions,Mumbai,CDC Group Plc,Private Equity,19500000.0,2017,2017-03,True,False
2017-03-06,Juno Clinic,Consumer Internet,Online Counseling Platform,Mumbai,Atul Nishar,Seed / Angel,1200000.0,2017,2017-03,True,False
2017-03-06,Summerlabel,Consumer Internet,Fashion and Lifestyle discovery platform,Gurgaon,"Aneesh Seth, Tushar Mittal",Seed / Angel,150000.0,2017,2017-03,True,False
2017-03-06,PickMe,Consumer Internet,Gadget Insurance & Repair Services platform,Mumbai,SIDBI Venture Capital Fund,Private Equity,1790000.0,2017,2017-03,True,False
2017-03-07,Agrostar,Technology,Direct-to-Farmer Mobile-Based Retail platform,Pune,Accel Partners,Private Equity,10000000.0,2017,2017-03,True,False
2017-03-07,Zapr,Technology,"DSP, TV Analytics & Cross-Platform advertising",Bangalore,Star India Pvt Ltd,Private Equity,10000000.0,2017,2017-03,True,False
2017-03-07,Data Resolve,Technology,Cyber Security Solutions,Noida,IDFC Parampara Early Stage Opportunities Fund,Private Equity,1000000.0,2017,2017-03,True,False
2017-03-07,Book Servicing,Consumer Internet,Online Vehicle Services Booking platform,New Delhi,National Science and Technology Entrepreneurship Development Board,Seed / Angel,30000.0,2017,2017-03,True,False
2017-03-07,Blowhorn,Consumer Internet,Intra-City Logistics provider,Bangalore,"IDG Ventures India, Michael & Susan Dell Foundation, Draper Associates, Unitus Seed Fund",Private Equity,3650000.0,2017,2017-03,True,False
2017-03-08,Rivigo,Logistics,Technology Enabled Logistics Company,Gurgaon,Private Sector Banks (Debt Funding),Private Equity,15000000.0,2017,2017-03,True,False
2017-03-08,PipeCandy,Technology,Intelligent Sales Prospecting Platform,Chennai,"IDG ventures, Axilor Ventures, Emergent Ventures, Indian Angel Network",Seed / Angel,1100000.0,2017,2017-03,True,False
2017-03-08,Supr Daily,Consumer Internet,Subscription based Home Delivery Platform,Mumbai,Y Combinator,Seed / Angel,120000.0,2017,2017-03,True,False
2017-03-08,Parentune,Consumer Internet,Online Community for Parents,Gurgaon,"Kae Capital, SEGNEL Ventures",Private Equity,,2017,2017-03,False,False
2017-03-09,AppBrowzer,Consumer Internet,Instant Mobile Apps Store,Bangalore,Deepak Gurnani,Seed / Angel,500000.0,2017,2017-03,True,False
2017-03-09,MagicBricks,Consumer Internet,Online Real Estate Portal,Mumbai,Times Internet Ltd,Private Equity,4500000.0,2017,2017-03,True,False
2017-03-10,PeeBuddy,Healthcare,Female Hygiene product manufacturer,New Delhi,Indian Angel Network,Seed / Angel,443000.0,2017,2017-03,True,False
2017-03-10,iOrderFresh,E-Commerce,Online fresh fruits and grocery store,New Delhi,Singapore Angel Network,Seed / Angel,,2017,2017-03,False,False
2017-03-10,Lavelle Networks,Technology,SDN Solutions,Bangalore,Ideaspring Capital,Seed / Angel,600000.0,2017,2017-03,True,False
2017-03-10,PropertyShare,Consumer Internet,Fractional Proerty Ownership & Rental platform,Bangalore,"Asuka, Pravega Ventures, BEENEXT",Seed / Angel,,2017,2017-03,False,False
2017-03-14,MyDermacy,Consumer Internet,Online Dermatology consultation platform,New Delhi,Cyber Carrier,Private Equity,,2017,2017-03,False,False
2017-03-15,LatestOne,E-Commerce,Tech Accessories e-tailer,Hyderabad,"Florintree, Mathew Cyriac, Chidambaram Palaniappan, Bharat Sheth",Private Equity,3350000.0,2017,2017-03,True,False
2017-03-15,Frapperz,Consumer Internet,On-demand home services provider,Kolkata,Undisclosed Investor,Seed / Angel,100000.0,2017,2017-03,True,False
2017-03-16,mPaani,Consumer Internet,Loyalty rewards app,Mumbai,"IDG Ventures, Blume Ventures, Saha Fund,",Private Equity,1350000.0,2017,2017-03,True,False
2017-03-16,ShilpMIS,Technology,Virtual Reality platform,Surat,"Puneet Gupta, Nimitt Desai & Others",Seed / Angel,,2017,2017-03,False,False
2017-03-16,POPxo,Consumer Internet,Digital Media publication for women,New Delhi,"GREE Ventures, Kalaari Capital and IDG Ventures India, Summit Media, Atul Goel, and Gurpreet Singh",Private Equity,3100000.0,2017,2017-03,True,False
2017-03-16,Fitso,Consumer Internet,Fitness Mobile App,Gurgaon,"Sujeet Kumar, Bhupender Singh, Yashish Dhaiya",Seed / Angel,200000.0,2017,2017-03,True,False
2017-03-17,FarMart,Technology,Farming rental equipment provider,Gurgaon,Indian Angel Network,Seed / Angel,,2017,2017-03,False,False
2017-03-21,Flipkart,E-Commerce,ECommerce Marketplace,Bangalore,"Microsoft, eBay, Tencent Holdings",Private Equity,1400000000.0,2017,2017-03,True,True
2017-03-21,Airpay,Technology,Online payment Gateway,Mumbai,"Kalaari Capital, Rakesh and Rajesh Jhunjhunwala",Private Equity,3670000.0,2017,2017-03,True,False
2017-03-21,MyGlamm,Consumer Internet,On-Demand Beauty Services,Mumbai,L\\xe2\\x80\\x99Occitane,Private Equity,5300000.0,2017,2017-03,True,False
2017-03-22,The Mons Co.,E-Commerce,Pregnancy & Baby Care etailer,New Delhi,"Shripad Nadkarni, Nandu Nandkishore",Seed / Angel,,2017,2017-03,False,False
2017-03-22,Haqdarshak,Consumer Internet,Tech-Enabled Social Enterprise,Bangalore,"Ravi Saxena, Sandeep Raju,",Seed / Angel,191000.0,2017,2017-03,True,False
2017-03-23,Ixigo,Consumer Internet,Online Travel Search Engine,Gurgaon,"Sequoia Capital, Kinzon Capital",Private Equity,15000000.0,2017,2017-03,True,False
2017-03-23,Markets and Markets,Technology,Marketing Research Company,Pune,"FTV Capital, Zodius Capital",Private Equity,56000000.0,2017,2017-03,True,False
2017-03-24,Bizom,Technology,supply chain automation platform,Bangalore,Ojas Ventures,Seed / Angel,382000.0,2017,2017-03,True,False
2017-03-24,BabyonBoard,Consumer Internet,Parenting Mobile App,Bangalore,"Mahavir Sharma, Vishal Jain, Rohit Sethi, Gaurav Luniya",Seed / Angel,,2017,2017-03,False,False
2017-03-24,Delhivery,Technology,Tech enabled Fulfilment & Logistics Solutions,New Delhi,"Carlyle Group, Tiger Global",Private Equity,100000000.0,2017,2017-03,True,False
2017-03-27,Sport Flashes,Consumer Internet,Sports Based Online Media portal,New Delhi,"Vikas Bajaj, Amit Kharbanda,",Seed / Angel,,2017,2017-03,False,False
2017-03-28,Fynd,E-Commerce,Online fashion marketplace,Mumbai,Venture Catalysts,Private Equity,500000.0,2017,2017-03,True,False
2017-03-28,Wigzo,Technology,Enterprise Automation suite,New Delhi,3one4 capital,Private Equity,,2017,2017-03,False,False
2017-03-28,DoneThing,Consumer Internet,On-demand Personal Assistant service,Gurgaon,Brand Capital,Private Equity,300000.0,2017,2017-03,True,False
2017-03-29,Zapyle,E-Commerce,Luxury Fashion Marketplace,Bangalore,Undisclosed,Seed / Angel,,2017,2017-03,False,False
2017-03-29,Ithaka,Consumer Internet,Vacation Trip Planning platform,Mumbai,"Ankit Gupta, Puneet Motihar",Seed / Angel,325000.0,2017,2017-03,True,False
2017-03-29,perpule,E-Commerce,Self-Checkout ECommerce App,Bangalore,KStart Capital,Seed / Angel,650000.0,2017,2017-03,True,False
2017-03-29,Byju\\xe2\\x80\\x99s,Consumer Internet,Online Education Platform,Bangalore,Verlinvest,Private Equity,,2017,2017-03,False,False
2017-03-29,Licious,E-Commerce,Online Meat Ordering platform,Bangalore,"Mayfield India, 3one4 Capital, Sistema Asia Fund, Neoplux Technology Fund",Private Equity,10000000.0,2017,2017-03,True,False
2017-03-29,Medinfi,Consumer Internet,Doctor & Hospital search Platform,Bangalore,"Vinod Martin, Hemant Kaul, Prof. Ram Kumar Kakani & Others",Seed / Angel,50000.0,2017,2017-03,True,False
2017-03-30,Indus OS,Technology,Mobile OS creator,Mumbai,"JSW Ventures, VenturEast",Private Equity,,2017,2017-03,False,False
2017-03-30,Emflux Motors,Technology,Electric Motorcycle manufacturer,Bangalore,"Meher Roy, Nikhil Arora, Meet Kanodia, Krit Sankalp, Nitish Singh, Risabh Gupta",Seed / Angel,,2017,2017-03,False,False
2017-03-30,Klinic App,Consumer Internet,Pathology & Diagnostic Tests Portal,Gurgaon,Om Chaudhry,Seed / Angel,,2017,2017-03,False,False
2017-03-31,Jhakaas,Consumer Internet,Offline Business Aggregator App,Mumbai,"Malini Patel, Stelcore Management Services, Anjani Prasad",Seed / Angel,155000.0,2017,2017-03,True,False
2017-03-31,Oriano Solar,Technology,Turnkey Solar Solutions,Mumbai,Samridhi Fund,Private Equity,3000000.0,2017,2017-03,True,False
2017-03-31,BigBasket,E-Commerce,Online Grocer,Bangalore,Trifecta Capital,Private Equity,7000000.0,2017,2017-03,True,False
2017-03-31,Rooter,Consumer Internet,Sports engagement platform,New Delhi,Intex Technologies,Private Equity,,2017,2017-03,False,False
2017-03-31,FalconBrick,Technology,Real-Estate Workflow mobile app,Bangalore,"Satveer Thakral, LetsVenture, Mumbai Angels",Seed / Angel,,2017,2017-03,False,False
2017-03-31,Icertis,Technology,ERP solutions provider,Pune,"B Capital Group, Ignition Partners, Greycroft, e.ventures, Eight Roads Ventures",Private Equity,25000000.0,2017,2017-03,True,False
2017-02-02,Clodura,Technology,Intelligent Sales Assistant,Pune,Undisclosed,Seed / Angel,,2017,2017-02,False,False
2017-02-03,Stockroom.io,Consumer Internet,Curated Platform for Developers,Hyderabad,"Satya D Sinha, Gyanendra Singh",Seed / Angel,,2017,2017-02,False,False
2017-02-06,Capital Float,Consumer Internet,Online lending platform,Bangalore,IFMR Capital Finance,Private Equity,2500000.0,2017,2017-02,True,False
2017-02-06,iManageMyHotel,Technology,Hotel Management Solution,Kolkata,Jaarvis Accelerator,Seed / Angel,,2017,2017-02,False,False
2017-02-07,Inner Hour,Consumer Internet,Online Counselling Platform,Mumbai,"Batlivala & Karani Securities, Venture Works",Seed / Angel,450000.0,2017,2017-02,True,False
2017-02-07,Travel Triangle,Consumer Internet,Online travel agent marketplace,Noida,"RB Investments, SAIF Partners, Bessemer Venture Partners",Private Equity,10000000.0,2017,2017-02,True,False
2017-02-08,Wandertrails,Consumer Internet,"Online Travel, Adventure & Activities Portal",Bangalore,Earlsfield Capital,Seed / Angel,1000000.0,2017,2017-02,True,False
2017-02-08,Zenatix,Technology,IoT Based Energy Monitoring & Control,Gurgaon,"pi Ventures, Blume Ventures",Private Equity,1200000.0,2017,2017-02,True,False
2017-02-08,Cartrade,Consumer Internet,Automobile Classifieds Portal,Mumbai,Temasek Holdings,Private Equity,55000000.0,2017,2017-02,True,False
2017-02-08,MindYourFleet,Technology,Car Rental Software Solutions,Noida,"Japan Vyas, Tarun Adlakha",Seed / Angel,,2017,2017-02,False,False
2017-02-08,Edurev,Consumer Internet,Online Education Portal,Gurgaon,Facebook FB Start programme,Seed / Angel,40000.0,2017,2017-02,True,False
2017-02-09,Voonik,E-Commerce,Women Apparel & Lifestyle etailer,Bangalore,"RB Investments, Sequoia Capital",Private Equity,6000000.0,2017,2017-02,True,False
2017-02-09,1Crowd,FinTech,Startup Crowd-funding platform,Mumbai,Ganesh Natarajan,Seed / Angel,,2017,2017-02,False,False
2017-02-09,Wooplr,E-Commerce,Women Fashion Portal,Bangalore,"Sistema Asia Fund, Amereus Group, Helion Ventures",Private Equity,8000000.0,2017,2017-02,True,False
2017-02-10,48East,E-Commerce,Online Food Delivery Platform,Bangalore,Al Dhaheri family,Private Equity,500000.0,2017,2017-02,True,False
2017-02-10,Redesyn,Consumer Internet,Tech Enabler for Artists,Mumbai,ThinQbate,Seed / Angel,,2017,2017-02,False,False
2017-02-13,Sigtuple,Technology,Medical Automation platform,Bangalore,"Accel Partners, IDG Ventures, Endiya Partners, pi Ventures, VH Capital, Axilor Partners",Private Equity,5800000.0,2017,2017-02,True,False
2017-02-13,Flutura,Technology,Decision Sciences Analytics Solutions,Bangalore,"Vertex Ventures, Lumis Partners",Private Equity,7500000.0,2017,2017-02,True,False
2017-02-13,Wassup,Consumer Internet,On Demand Laundry & Dry Cleaning Services,Chennai,Anil Jain & other HNIs,Private Equity,3200000.0,2017,2017-02,True,False
2017-02-13,Better Mortgage,Consumer Internet,Mortgage Offering Platform,Gurgaon,"Kleiner Perkins, Goldman Sachs, Pine Brook",Private Equity,15000000.0,2017,2017-02,True,False
2017-02-13,Nurturey,Consumer Internet,Parenting Mobile App,New Delhi,Mohit Joshi & Others,Seed / Angel,330000.0,2017,2017-02,True,False
2017-02-13,Fyle,Technology,Expense Management Solution,Bangalore,Pravega Ventures,Seed / Angel,400000.0,2017,2017-02,True,False
2017-02-14,GoBumpr,Consumer Internet,Online Bike & Car Services provider,Chennai,"Mahalingam K, Girish Mathrubootham",Seed / Angel,300000.0,2017,2017-02,True,False
2017-02-14,CCAvenue,Consumer Internet,Online Payment Gateway,Mumbai,Infibeam,Private Equity,22400000.0,2017,2017-02,True,False
2017-02-14,Connaizen,Technology,Data Analytics platform,New Delhi,Vikram Sud,Seed / Angel,,2017,2017-02,False,False
2017-02-15,Innov8,Consumer Internet,Co-Working Space Platform,New Delhi,"Vijay Shekhar Sharma, Rajan Anandan, Kunal Shah, Girish Mathrubootham, Punit Soni, Anand Chandrasekaran, Sunil Kalra, Utsav Somani, Vishal Gondal, Vikram Limaye",Seed / Angel,,2017,2017-02,False,False
2017-02-15,ZestMoney,Consumer Internet,Online Consumer Lending platform,Bangalore,"PayU, Ribbit Capital, Omidyar Network",Private Equity,6500000.0,2017,2017-02,True,False
2017-02-15,AirZaar,Technology,Drone operations management platform,Missourie,Quake Capital,Seed / Angel,350000.0,2017,2017-02,True,False
2017-02-16,Truebil,Consumer Internet,Online Marketplace for Used Cars,Mumbai,Shunwei Capital,Private Equity,3000000.0,2017,2017-02,True,False
2017-02-16,YourStory,Consumer Internet,Online Media,Bangalore,"Kalaari Capital Partners, Qualcomm, 3ONE4 Capital Advisors, UC-RNT",Private Equity,3000000.0,2017,2017-02,True,False
2017-02-17,Imaginate,Technology,AR & VR platform,Hyderabad,SRI Capital,Seed / Angel,500000.0,2017,2017-02,True,False
2017-02-17,The Ken,Consumer Internet,Online Media Platform,Bangalore,"Aprameya Radhakrishna, Deepak Natraj, Girish Mathrubootham, Mahesh Murthy, Pallav Nadhani, Pavan Ongole, Sandeep Mathur, Vijay Shekhar Sharma & Others",Seed / Angel,400000.0,2017,2017-02,True,False
2017-02-17,Urban Ladder,E-Commerce,Online Furniture Store,Bangalore,"Kalaari Capital, SAIF Partners, Steadview Capital, Sequoia Capital",Private Equity,15200000.0,2017,2017-02,True,False
2017-02-17,Aisle,Consumer Internet,Online match-making app,Bangalore,"Konglo Ventures, White Unicorn Ventures, LetsVenture",Seed / Angel,,2017,2017-02,False,False
2017-02-17,TownScript,Consumer Internet,DIY event registration and ticketing portal,Pune,BookMyShow,Private Equity,,2017,2017-02,False,False
2017-02-17,Leopetra,E-Commerce,Solution provider for pet needs,Mumbai,Facebook FBStart,Seed / Angel,40000.0,2017,2017-02,True,False
2017-02-18,Blood n Care,Consumer Internet,First Aid care app,Gurgaon,Facebook FBStart,Seed / Angel,40000.0,2017,2017-02,True,False
2017-02-20,Flipkart,E-Commerce,Online Marketplace,Bangalore,"Bennett, Coleman and Co. Ltd (BCCL)",Private Equity,38700000.0,2017,2017-02,True,False
2017-02-21,True Balance,Consumer Internet,Mobile balance Checking App,Gurgaon,"Softbank Ventures Korea, IMM Investment",Private Equity,15000000.0,2017,2017-02,True,False
2017-02-22,Vebbler,Consumer Internet,Photo Sharing for Groups,Bangalore,Facebook FBStart,Seed / Angel,40000.0,2017,2017-02,True,False
2017-02-23,Get My Parking,Consumer Internet,Smart Parking Platform,New Delhi,"Indian Angel Network (IAN), BEENEXT, The Chennai Angels, Sunil Munjal",Private Equity,1100000.0,2017,2017-02,True,False
2017-02-23,Lets Reap,Consumer Internet,B2B Mobile App for Pharmacies,Mumbai,"Kunal Shah, Sandeep Tandon, Nitin Saluja, Gagan Goyal",Seed / Angel,,2017,2017-02,False,False
2017-02-24,Oglas,Consumer Internet,Mobile Advertising App,Noida,"Pankaj Rungta, Yogesh Agarwal",Seed / Angel,,2017,2017-02,False,False
2017-02-27,Staydobe,Consumer Internet,Co-Living Spaces Aggregator,Bangalore,Ishan Manaktala,Seed / Angel,,2017,2017-02,False,False
2017-02-27,Biryani By Kilo,Consumer Internet,Online Food Ordering & Delivery Portal,Gurgaon,"Chandigarh Angels, Ashish Gupta, Rohit, Ashish Chand, Sunil Singh & Others",Seed / Angel,375000.0,2017,2017-02,True,False
2017-02-27,Johari Shop,E-Commerce,Online Jewellery etailer,Bangalore,Undisclosed,Seed / Angel,94000.0,2017,2017-02,True,False
2017-02-28,NeoStencil,Consumer Internet,Live Online Coaching Classes,New Delhi,"Brand Capital, Paragon Trust",Private Equity,1000000.0,2017,2017-02,True,False
2017-02-28,Blackbuck,Logistics,Online freight aggregator,Bangalore,"Sands Capital, IFC, Accel Partners, Flipkart, Sanjiv Rangrass",Private Equity,70000000.0,2017,2017-02,True,False
2017-01-02,TaxSutra,Consumer Internet,Online Tax Filing platform,Pune,"TV Mohandas Pai, V Balakrishnan, PV Srinivasan",Seed / Angel,366000.0,2017,2017-01,True,False
2017-01-03,TempoGo,Technology,IoT & SAAS Solutions for Transportation Industry,Panaji,K2 Capital,Seed / Angel,825000.0,2017,2017-01,True,False
2017-01-03,GoFynd,E-Commerce,Fashion ecommerce portal,Mumbai,"Anand Chandrasekaran, Rajiv Mehta, Ramakant Sharma",Seed / Angel,,2017,2017-01,False,False
2017-01-03,Vow Car Clinic,Consumer Internet,Online/App Based Car cleaning service provider,Gurgaon,Vishal Malik,Seed / Angel,,2017,2017-01,False,False
2017-01-04,LearnTron,Technology,Blended Learning Delivery App for Schools & Corporates,Chennai,Kae Capital,Seed / Angel,,2017,2017-01,False,False
2017-01-05,MobiDent,Consumer Internet,Dentist Appointments booking platform,Bangalore,DanGold Investment Corp,Private Equity,,2017,2017-01,False,False
2017-01-05,Yostra,Technology,Healthcare Technology Solutions,Bangalore,"Marico Innovation Foundation (MIF), Villgro",Private Equity,,2017,2017-01,False,False
2017-01-06,Leap India,Logistics,Supply Chain Solutions Provider,Mumbai,"India Nivesh Growth Fund, Sixth Sense, TCI Ventures",Private Equity,13000000.0,2017,2017-01,True,False
2017-01-07,FreeCharge,Consumer Internet,Mobile Wallet,Mumbai,Jasper Infotech Pvt Ltd,Private Equity,57000000.0,2017,2017-01,True,False
2017-01-09,TicketNew,Consumer Internet,Movie Ticket Booking platform,Chennai,Alibaba Pictures,Private Equity,35000000.0,2017,2017-01,True,False
2017-01-10,Intelligence Node,Technology,SAAS Based Retail Analytics Solutions,Mumbai,BlackSoil Capital Pvt Ltd,Private Equity,800000.0,2017,2017-01,True,False
2017-01-10,Securens,Technology,e-surveillance services provider,Mumbai,"Mayfield India, Trifecta Capital",Private Equity,5000000.0,2017,2017-01,True,False
2017-01-10,Loan Frame,Consumer Internet,Small Business Loans Marketplace platform,Gurgaon,"Vedanta Capital, William Campbell, Toos N Daruvala",Private Equity,2250000.0,2017,2017-01,True,False
2017-01-10,DriveSkool,Consumer Internet,online marketplace for driving schools,Bangalore,Aavya Ventures,Seed / Angel,,2017,2017-01,False,False
2017-01-10,Medinfi,Consumer Internet,Doctor & Clinic Discovery portal,Bangalore,"Vinod Martin, Evan Lim, Kanchan Ghoshal, Ram Kumar Kakani",Seed / Angel,100000.0,2017,2017-01,True,False
2017-01-10,LensKart,E-Commerce,Online eyewear retailer,Bangalore,Ronnie Screwvala,Private Equity,3500000.0,2017,2017-01,True,False
2017-01-11,InstaOffice,Consumer Internet,CoWorking Spaces booking platform,Gurgaon,"Zishaan Hayath, Karan Chellani, Mohit Satyan",Seed / Angel,,2017,2017-01,False,False
2017-01-12,Hansel.io,Consumer Internet,Real-time Mobile App Management Platform,Bangalore,"IDG Ventures, Endiya Partners",Private Equity,1350000.0,2017,2017-01,True,False
2017-01-12,Square Yards,Consumer Internet,Property Search Aggregator platform,Gurgaon,"Lohia Group, Andre Hoffman",Private Equity,10000000.0,2017,2017-01,True,False
2017-01-13,Roambee,Technology,IoT smart Logistics and Asset Management Company,Mumbai,Deutsche Telekom Strategic Investments & Others,Private Equity,4100000.0,2017,2017-01,True,False
2017-01-13,PaisaWapas,Consumer Internet,Cashback & Coupons platform,Bangalore,Vividhity Ventures,Seed / Angel,,2017,2017-01,False,False
2017-01-13,iService,Consumer Internet,Gadgets Repair & Service Booking platform,Bangalore,"Blume Ventures, Girish Mathrubootham, Aprameya Radhakrishna",Seed / Angel,440000.0,2017,2017-01,True,False
2017-01-14,Unacademy,Consumer Internet,Online learning platform,Bangalore,"Nexus Venture Partners, Blume Ventures",Private Equity,4500000.0,2017,2017-01,True,False
2017-01-14,SecururAX,Technology,Cloud-based solutions provider,Bangalore,"Axilor Ventures, Parampara Early Stage Opportunities Fund & Others",Private Equity,,2017,2017-01,False,False
2017-01-16,Leadburg,Consumer Internet,Personality Development Mobile App,Bangalore,"Harsh V. Pant, Ratheesh Raveendran",Seed / Angel,,2017,2017-01,False,False
2017-01-16,ZoloStays,Consumer Internet,Branded PG Accomodation booking platform,Bangalore,"Nexus Venture Partners, Innoven Capital",Private Equity,5000000.0,2017,2017-01,True,False
2017-01-16,Oi Media,Technology,SAAS Based Media Marketing platform,New Delhi,Quarizon,Seed / Angel,,2017,2017-01,False,False
2017-01-16,HipCouch,Consumer Internet,Custom & Modular Furniture platform,Mumbai,Undisclosed,Seed / Angel,700000.0,2017,2017-01,True,False
2017-01-17,Curiositi,Consumer Internet,Online Learning Platform,Bangalore,"Menterra Social Impact Fund, Unitus Seed Fund",Private Equity,800000.0,2017,2017-01,True,False
2017-01-17,TinyStep,Consumer Internet,Parenting Info & Social Network,Bangalore,Flipkart,Private Equity,2000000.0,2017,2017-01,True,False
2017-01-17,Practo,Consumer Internet,Online Healthcare platform,Bangalore,"Tencent, ru-Net, RSI Fund, Thrive Capital",Private Equity,55000000.0,2017,2017-01,True,False
2017-01-17,Ketchupp,Consumer Internet,Food Discovery Platform,New Delhi,India Quotient and others,Seed / Angel,441000.0,2017,2017-01,True,False
2017-01-17,Hoopy,Consumer Internet,Online Car Service Platform,Gwalior,undisclosed investors,Seed / Angel,500000.0,2017,2017-01,True,False
2017-01-17,Ezytruk,Consumer Internet,Logistics and truck aggregator platform,Bangalore,"Ajith Nair, Anish K",Seed / Angel,147000.0,2017,2017-01,True,False
2017-01-18,Kratikal,Technology,Cyber Security Solution provider,New Delhi,"Amajit Gupta, Praveen Dubey, J.P. Bhatt",Seed / Angel,,2017,2017-01,False,False
2017-01-18,Direct Create,E-Commerce,B2B Marketplace for Handicrafts,Gurgaon,Rajasthan Venture Capital Fund,Seed / Angel,,2017,2017-01,False,False
2017-01-18,Vahdam Teas,E-Commerce,Online Tea etailer,New Delhi,"Mumbai Angels Network, Fireside Ventures, Singapore Angel Network",Seed / Angel,650000.0,2017,2017-01,True,False
2017-01-18,Qwikspec,Technology,Cloud-based construction,Bangalore,Undisclosed,Seed / Angel,300000.0,2017,2017-01,True,False
2017-01-19,PParke,Consumer Internet,Parking Solutions mobile app,Bangalore,SB Ventures,Seed / Angel,,2017,2017-01,False,False
2017-01-19,Weddingz,Consumer Internet,Online Marketplace for Wedding Venues and vendors,Mumbai,Singularity Ventures,Private Equity,1000000.0,2017,2017-01,True,False
2017-01-19,Native Special,E-Commerce,Indian Sweets & Snacks etailer,Karur,"Indian Angel Network, Native Angels Network",Seed / Angel,,2017,2017-01,False,False
2017-01-19,Fitnapp,Consumer Internet,Fitness Mobile App,Noida,SD Group,Private Equity,,2017,2017-01,False,False
2017-01-20,Ethosh,Technology,Visual and Interactive communications Solutions,Pune,Deepak Nathani,Seed / Angel,,2017,2017-01,False,False
2017-01-20,Wydr,E-Commerce,B2B Wholesale Marketplace in India,Gurgaon,"Bessemer Venture Partners, Stellaris Venture Partners, Jungle Venture Partners, Axis Capital",Private Equity,,2017,2017-01,False,False
2017-01-20,Tyre Express,Technology,IoT platform for Tyre Performance management & tracking,Mumbai,IvyCamp Ventures,Seed / Angel,,2017,2017-01,False,False
2017-01-20,Connaizen,Technology,Data Analytics platform,New Delhi,Umang Moondra,Seed / Angel,,2017,2017-01,False,False
2017-01-22,MessaGif,Consumer Internet,social messaging platform,New Delhi,Undisclosed investor,Seed / Angel,50000.0,2017,2017-01,True,False
2017-01-23,SmartHi,Technology,Audit automation Solutions,Pune,Singapore based investor,Seed / Angel,,2017,2017-01,False,False
2017-01-23,CRON Systems,Technology,Border Intrusion Alert Solutions,New Delhi,YourNest Fund II,Seed / Angel,,2017,2017-01,False,False
2017-01-23,CueMath,Technology,Maths Learning program,New Delhi,"CapitalG, Sequoia India",Private Equity,15000000.0,2017,2017-01,True,False
2017-01-23,ChipperSage,Technology,Online learning platform,Bangalore,India Educational Investment Fund,Seed / Angel,,2017,2017-01,False,False
2017-01-24,SelectJobs,Consumer Internet,Online Job portal,Mumbai,India Educational Investment Fund,Seed / Angel,,2017,2017-01,False,False
2017-01-24,Khel Now,Consumer Internet,Mobile-based Social Platform for Sports,Bangalore,Indochine International,Private Equity,500000.0,2017,2017-01,True,False
2017-01-24,NowFloats,Consumer Internet,Platform to take businesses online,Hyderabad,"Iron Pillar and IIFL, Blume Ventures, Omidyar Network",Private Equity,10000000.0,2017,2017-01,True,False
2017-01-24,Lets Transport,Consumer Internet,Online transport vehicle booking platform,Bangalore,"GMO Japan, Neelesh Bhatnagar",Private Equity,4000000.0,2017,2017-01,True,False
2017-01-24,BetaOut,Technology,ECommerce Marketing Software,Noida,East Ventures & Others,Private Equity,,2017,2017-01,False,False
2017-01-25,Wishberry,Consumer Internet,Crowdfunding Platform,Mumbai,"Sharad Sharma, Rajan Anandan, Amit Ranjan, Alok Mittal & others",Seed / Angel,,2017,2017-01,False,False
2017-01-25,RML Agtech,Technology,Agri Decision Support Solution for farmers,Pune,IvyCap Ventures,Private Equity,4000000.0,2017,2017-01,True,False
2017-01-25,LoyaltyPrime,Technology,Loyalty program management solutions,New Delhi,"Senovo, Unternehmertum Venture Capital, Alexander Bruehl",Private Equity,,2017,2017-01,False,False
2017-01-25,InstaSafe,Technology,Security-as-a-Service solution provider,Bangalore,ABM Knowledgeware,Private Equity,2200000.0,2017,2017-01,True,False
2017-01-25,Infibeam,E-Commerce,eCommerce Marketplace,Ahmedabad,"Bennett, Coleman and Company Ltd",Private Equity,8800000.0,2017,2017-01,True,False
2017-01-02,99Games,Technology,Mobile Game Developer Studio,Udupi,Dream Incubator,Seed / Angel,,2017,2017-01,False,False
2017-01-26,AirMed Labs,Consumer Internet,Health Tests Booking platform & ePharmacy,Ahmedabad,Brand Capital,Private Equity,1400000.0,2017,2017-01,True,False
2017-01-26,99PerHour,Consumer Internet,Hyper-local Handyman Service provider,Chennai,V Aanand R,Seed / Angel,300000.0,2017,2017-01,True,False
2017-01-26,Kochi Post,Consumer Internet,English Online News portal,Kochi,"Rajesh Yohannan, Puthen & Cole",Seed / Angel,,2017,2017-01,False,False
2017-01-30,Intuit Things,Technology,IoT solutions for home automation applications,Mumbai,Sanjay Mehta & Others ( The Ten Minute Million),Seed / Angel,106000.0,2017,2017-01,True,False
2017-01-30,Cloudrino,Technology,Cloud based Virtual Servers,New Delhi,The Ten Minute Million,Seed / Angel,22500.0,2017,2017-01,True,False
2017-01-30,FabX,E-Commerce,Used Furniture Marketplace,Mumbai,The Ten Minute Million,Seed / Angel,68000.0,2017,2017-01,True,False
2017-01-30,Maptags,Consumer Internet,Smart Online address tags,Bangalore,The Ten Minute Million,Seed / Angel,18000.0,2017,2017-01,True,False
2017-01-30,YOLO Health,Consumer Internet,Online Healthcare platform,Mumbai,Chandigarh Angels Network (CAN),Seed / Angel,,2017,2017-01,False,False
2017-01-31,Heads Up For Tails,E-Commerce,Online Pet Products Store,New Delhi,Undisclosed,Private Equity,2000000.0,2017,2017-01,True,False
2017-01-31,Register My Marriage,Consumer Internet,Online Marriage Registration services,New Delhi,Mumbai Angels,Seed / Angel,,2017,2017-01,False,False
2016-12-01,SidQam,Technology,Healthcare Software System,Noida,"SQue Capital, Grace Capital Ventures, Soham Vencaps",Private Equity,1200000.0,2016,2016-12,True,False
2016-12-01,India Lends,Consumer Internet,Online Instant personal Loan provider,New Delhi,"DSG Consumer Partners, American Express Ventures, Cyber Carrier VC, AdvantEdge Partners",Private Equity,4000000.0,2016,2016-12,True,False
2016-12-01,Slide App,Consumer Internet,Lock screen Rewards mobile app,New Delhi,Songhyun Investment,Private Equity,3600000.0,2016,2016-12,True,False
2016-12-02,Badiyajobs,Consumer Internet,Entry-Level job Seekers platform,New Delhi,Undisclosed,Seed / Angel,100000.0,2016,2016-12,True,False
2016-12-02,Streo,Consumer Internet,Live Music Streaming App,Bangalore,"GEMs Advisory, Quarizon",Seed / Angel,,2016,2016-12,False,False
2016-12-02,TYGR,Technology,Transport and logistics mobile App,Mumbai,Franchise India,Private Equity,3000000.0,2016,2016-12,True,False
2016-12-05,Mr Hot Foods,Consumer Internet,Online Food Ordering & Delivery Portal,Indore,IvyCamp Ventures,Seed / Angel,,2016,2016-12,False,False
2016-12-05,UrDoorStep,E-Commerce,Online Grocery Store,Bangalore,Lakshmi Vilas Bank & undisclosed HNIs,Private Equity,1400000.0,2016,2016-12,True,False
2016-12-05,ONN Bikes,E-Commerce,"On-demand, self-drive bike rental platform",Mumbai,Grace Capital Ventures,Seed / Angel,,2016,2016-12,False,False
2016-12-06,Diro Labs,Consumer Internet,Mobile Contacts Management app,New Delhi,Info Edge (India),Seed / Angel,147000.0,2016,2016-12,True,False
2016-12-06,THB,Technology,Clinical research and data analytics,Gurgaon,"Ajith Sukumaran, Currae Healthtech Fund",Seed / Angel,,2016,2016-12,False,False
2016-12-07,LookAtMe,Consumer Internet,Mobile App based Fashion Network,Singapore,Eros Labs,Seed / Angel,,2016,2016-12,False,False
2016-12-07,Netree,E-Commerce,Mobile-only Retailers Engagement Solution,New Delhi,"The Chennai Angels, LetsVenture",Seed / Angel,,2016,2016-12,False,False
2016-12-07,BookEventz,Consumer Internet,"Venue, Events Booking platform",Mumbai,Investors from Mumbai Angels & LetsVenture,Seed / Angel,,2016,2016-12,False,False
2016-12-07,Tailslife,Consumer Internet,Pet Parenting mobile app,Bangalore,"Mohan Kumar, V. Balakrishnan",Seed / Angel,,2016,2016-12,False,False
2016-12-07,Revv,Consumer Internet,Self-Driven Car Services booking portal,New Delhi,Edelweiss Private Equity,Private Equity,9000000.0,2016,2016-12,True,False
2016-12-07,WealthApp,Consumer Internet,Online Investment Advisory platform,Bangalore,"Venk Krishnan, MJ Aravind, Vikram Kotak, Jayant Davar, Ramkumar Nishtal, Arjun Sharmaa",Seed / Angel,440000.0,2016,2016-12,True,False
2016-12-07,Vehico,Technology,Connected Transportation solutions,Bangalore,"Calcutta Angel Network, Appliyifi",Seed / Angel,,2016,2016-12,False,False
2016-12-08,Zest Money,Consumer Internet,Online Consumer Lending platform,Mumbai,PayU,Private Equity,6500000.0,2016,2016-12,True,False
2016-12-08,GoMechanic,Consumer Internet,Online Car servicing Booking platform,Gurgaon,Venture Catalysts,Seed / Angel,250000.0,2016,2016-12,True,False
2016-12-09,Stalk Buy Love,E-Commerce,Fashion Apparel eTailer,New Delhi,Kalaari Capital,Private Equity,6000000.0,2016,2016-12,True,False
2016-12-09,Nykaa,E-Commerce,Beauty Products etailer,Mumbai,Max Ventures and Industries,Private Equity,,2016,2016-12,False,False
2016-12-09,Wittyparot,Technology,Content Management & Productivity platform,Bangalore,Mumbai Angels,Seed / Angel,450000.0,2016,2016-12,True,False
2016-12-09,NeuroEquilibrium,Technology,Health-Tech platform,Jaipur,Unicorn India Ventures,Seed / Angel,250000.0,2016,2016-12,True,False
2016-12-12,Xseed Education,Technology,Education & learning Tech platform,Bangalore,Verlinvest SA,Private Equity,10000000.0,2016,2016-12,True,False
2016-12-12,Rupaiya Exchange,Consumer Internet,P2P Lending platform,New Delhi,Undisclosed,Seed / Angel,200000.0,2016,2016-12,True,False
2016-12-12,Doctor Insta,Consumer Internet,Online Doctor Consulting platform,Gurgaon,RoundGlass Partners,Private Equity,2000000.0,2016,2016-12,True,False
2016-12-12,UrbanPiper,Consumer Internet,Self-Branded Websites & Apps for Ecommerce,Bangalore,"Axilor, undisclosed investors",Seed / Angel,,2016,2016-12,False,False
2016-12-12,Fresh Food Concepts,Food & Beverage,Cold Press Juice manufacturer & seller,New Delhi,"Siddhartha Gupta, Ashvin Chadha",Seed / Angel,2000000.0,2016,2016-12,True,False
2016-12-13,Indifi,Consumer Internet,Online lending platform,Gurgaon,Omidyar Network,Private Equity,10000000.0,2016,2016-12,True,False
2016-12-13,GoComet,Logistics,Marketplace for International Freight,Mumbai,"India Quotient, Rajul Garg, Rajesh Yabaji, Chanakya Hridaya, Ramasubramaniam B, Vishwanathan, Nobel House, Sunstone Capital",Seed / Angel,,2016,2016-12,False,False
2016-12-13,OfBusiness,E-Commerce,Online business-to-business (B2B) marketplace,Gurgaon,"Zodius Technology Opportunities Fund, Matrix Partners",Private Equity,11100000.0,2016,2016-12,True,False
2016-12-14,Fitmein,Consumer Internet,Fitness Discovery & Booking platform,New Delhi,"FiNC, GHV",Seed / Angel,,2016,2016-12,False,False
2016-12-14,Qacco,Consumer Internet,Hotel Booking platform,Gurgaon,"Lead Angels Network, Anbu Pandian, Prabhakar MR & Others",Seed / Angel,150000.0,2016,2016-12,True,False
2016-12-14,Fitpass,Consumer Internet,Fitness center aggregator & Booking mobile app,New Delhi,Mumbai Angels,Seed / Angel,1000000.0,2016,2016-12,True,False
2016-12-14,MoEngage,Technology,User analytics and engagement platform,Bangalore,Anand Chandrasekaran,Seed / Angel,,2016,2016-12,False,False
2016-12-14,Ten3t Health,Technology,medical grade wearable patch maker,Bangalore,"V. Krishna Prasad, Bhupen Shah & Others",Seed / Angel,,2016,2016-12,False,False
2016-12-14,Trading Bells,Consumer Internet,Online Share & Commodity Broking platform,Indore,Swastika Investmart Ltd,Seed / Angel,297000.0,2016,2016-12,True,False
2016-12-15,SERV\\xe2\\x80\\x99D,Consumer Internet,Financial Services For Unorganized Workforce,Pune,Digital Financial Service Lab,Seed / Angel,100000.0,2016,2016-12,True,False
2016-12-15,IdeaForge,Technology,Drone Manufacturing,Mumbai,"WRV Capital and IndusAge Partners, Infosys Innovation Fund",Private Equity,10000000.0,2016,2016-12,True,False
2016-12-15,Amagi Media Labs,Technology,Media Technology Solutions,Mumbai,"Emerald Media, Premji Invest",Private Equity,35000000.0,2016,2016-12,True,False
2016-12-15,Pocket Aces,Technology,Digital Entertainment Company,Mumbai,"Sequoia Capital India, North Base Media, Aarin Capital, 3one4 Capital, Axilor Ventures, Kunal Shah, Sandeep Tandon",Private Equity,3000000.0,2016,2016-12,True,False
2016-12-16,Pi Data Centers,Technology,Cloud Data Center Solutions provider,Hyderabad,Epsilon Venture Partners,Private Equity,23000000.0,2016,2016-12,True,False
2016-12-16,TripShelf,Consumer Internet,Holiday Packages provider,New Delhi,"GEMS Advisory, Quarizon",Seed / Angel,123000.0,2016,2016-12,True,False
2016-12-19,Events High,Consumer Internet,Events & Activities Marketplace,Bangalore,Axilor Ventures,Private Equity,,2016,2016-12,False,False
2016-12-19,NoBroker,Consumer Internet,Rental property search portal,Bangalore,"KTB Network, SAIF Partners, BEENEXT, Digital Garage",Private Equity,7400000.0,2016,2016-12,True,False
2016-12-20,VivoCarat,E-Commerce,Online jewellery marketplace,Mumbai,Undisclosed,Seed / Angel,50000.0,2016,2016-12,True,False
2016-12-20,Tiyo,Consumer Internet,Doctor Search Mobile App,Kolkata,Ajith Nair,Seed / Angel,,2016,2016-12,False,False
2016-12-20,Zoomcar,Consumer Internet,Self-Driven Cab booking platform,Bangalore,Cyber Carrier CL,Private Equity,,2016,2016-12,False,False
2016-12-20,BYJU\\xe2\\x80\\x99s,Consumer Internet,Online Learning platform,Bangalore,International Financial Corporation,Private Equity,15000000.0,2016,2016-12,True,False
2016-12-21,Supr Daily,Consumer Internet,Daily Subscription based Delivery service,Mumbai,"Dr. Apoorv Ranjan Sharma, Anil Jain, Anuj Golecha, Krishna Jhunjhunwala, Anirudh Damani",Seed / Angel,,2016,2016-12,False,False
2016-12-21,The BlueBook,Consumer Internet,online to offline marketing platform,Bangalore,"Indian Angel Network, Let\\xe2\\x80\\x99s Venture",Seed / Angel,500000.0,2016,2016-12,True,False
2016-12-21,MamaEarth,E-Commerce,Babycare Products seller,New Delhi,Fireside Ventures & Others,Seed / Angel,,2016,2016-12,False,False
2016-12-21,Vegetall,E-Commerce,Online Vegetable eTailer,Chennai,The Chennai Angels,Seed / Angel,162000.0,2016,2016-12,True,False
2016-12-22,Innoplexus,Technology,Data as a Service Provider,Pune,HCS Venture capital fund,Private Equity,,2016,2016-12,False,False
2016-12-22,Mindler,Consumer Internet,Career Planning & Assessment platform,New Delhi,Taxmann,Seed / Angel,324000.0,2016,2016-12,True,False
2016-12-22,MCaffeine,E-Commerce,Personal care product etailer,Bangalore,"Kaushal Agarwal, Harminder Sahani, KK Mehra, Pranay Jivrajka, Navjot Saini",Seed / Angel,300000.0,2016,2016-12,True,False
2016-12-23,enKast,Technology,Cloud based CRM for Agencies,Bangalore,Ivy League Alumni Angel Network,Private Equity,2000000.0,2016,2016-12,True,False
2016-12-23,ShopKirana,E-Commerce,B2B platform for Merchants & Retailers,Indore,"Incubate Fund, Lead Angels Group & Others",Private Equity,,2016,2016-12,False,False
2016-12-23,MyAdvo,Consumer Internet,Legal Advice Platform,New Delhi,"Pradyumna Dalmia, S. Somasegar & Others",Seed / Angel,,2016,2016-12,False,False
2016-12-23,Asocon,Technology,Process management startup,Noida,Quarizon,Seed / Angel,,2016,2016-12,False,False
2016-12-23,LexComply,Consumer Internet,Compliance Management Software,New Delhi,Ajay Relan,Seed / Angel,,2016,2016-12,False,False
2016-12-26,The Postbox,E-Commerce,Art & Lifestyle ECommerce Store,Chennai,"The Chennai Angels, Ritesh Mehta, Aruna Ganesh Ram",Seed / Angel,,2016,2016-12,False,False
2016-12-26,Pandorum Technologies,Technology,3D printed experimental Human Liver tissue creator,Bangalore,"Sachin Bansal, Binny Bansal",Seed / Angel,,2016,2016-12,False,False
2016-12-26,Dekkho,Consumer Internet,Video Streaming platform,Mumbai,undisclosed investors,Seed / Angel,1200000.0,2016,2016-12,True,False
2016-12-26,Shadowfox,Logistics,On-Demand Delivery Service,Gurgaon,Eight Roads Ventures,Private Equity,10000000.0,2016,2016-12,True,False
2016-12-27,ShopX,E-Commerce,SAAS ECommerce Retail app,Bangalore,Nandan Nilekani,Private Equity,5000000.0,2016,2016-12,True,False
2016-12-28,BookEventz,Consumer Internet,Online event-booking platform,Mumbai,"Lead Angels, Mumbai Angels, LetsVenture, Girish Mathrubootham, Anbu Pandian",Seed / Angel,,2016,2016-12,False,False
2016-12-29,Healthifyme,Consumer Internet,Fitness Mobile App,Bangalore,NB Ventures,Private Equity,1000000.0,2016,2016-12,True,False
2016-12-29,LetsMD,Consumer Internet,Healthcare plan comparison platform,New Delhi,"WaterBridge Ventures,",Seed / Angel,,2016,2016-12,False,False
2016-12-29,Justbooks,Consumer Internet,Library Chain Aggregator,Bangalore,CoCreate Ventures,Seed / Angel,,2016,2016-12,False,False
2016-12-30,InstantPay,Consumer Internet,Digital payments & recharge platform,New Delhi,"RB Investments, Kaleden Holdings",Private Equity,,2016,2016-12,False,False
2016-11-01,PickMyLaundry,Consumer Internet,On-Demand Washing & Dry Cleaning Services,New Delhi,"Kedar Lele, GHV Accelerator",Seed / Angel,200000.0,2016,2016-11,True,False
2016-11-02,FreshDesk,Consumer Internet,SAAS Based HelpDesk Services,Chennai,"Sequoia Capital India, Accel Partners",Private Equity,55000000.0,2016,2016-11,True,False
2016-11-02,LaundryAnna,Consumer Internet,On-Demand Washing & Dry Cleaning Services,Bangalore,Undisclosed,Seed / Angel,150000.0,2016,2016-11,True,False
2016-11-02,LetsMD,Consumer Internet,Healthcare Services Comparison Platform,New Delhi,"Calcutta Angels Network, LetsVenture, Anupam Mittal, Currae Healthtech Fund",Seed / Angel,,2016,2016-11,False,False
2016-11-02,Sattviko,Food & Beverage,Health Food Restaurant Chain,New Delhi,"Raman Roy, Ashish Gupta, Yogesh Andlay, Vaibhav Jain",Seed / Angel,,2016,2016-11,False,False
2016-11-03,Zarget,Technology,SaaS-based web optimisation and marketing platform,Chennai,Sequoia India,Private Equity,6000000.0,2016,2016-11,True,False
2016-11-03,DoSelect,Consumer Internet,Skill Showcasing platform,Bangalore,"3one4 Capital, Mumbai Angels, Aarin Capital",Seed / Angel,,2016,2016-11,False,False
2016-11-03,EasyPolicy,Consumer Internet,Online insurance Portal,Noida,"Unilazer Ventures,",Private Equity,10000000.0,2016,2016-11,True,False
2016-11-04,Browntape,Technology,cloud-based software solutions company,Goa,Gati Ltd,Private Equity,,2016,2016-11,False,False
2016-11-04,Connect India,Logistics,Last mile Delivery Network,Bangalore,Aavishkaar Venture Management,Private Equity,1000000.0,2016,2016-11,True,False
2016-11-04,Corseco,Technology,AI-based Software as a Service Solution provider,New Delhi,"Ameera Shah, Vivek Bhargava",Seed / Angel,150000.0,2016,2016-11,True,False
2016-11-04,vImmune,Consumer Internet,Immunisation Management Platform,Bangalore,Undisclosed investor,Seed / Angel,,2016,2016-11,False,False
2016-11-04,The Gourmet Jar,E-Commerce,Gourmet Food etailer,Noida,Chandigarh Angels Network,Seed / Angel,,2016,2016-11,False,False
2016-11-05,Medzin,E-Commerce,Online ordering & Delivery of medicines,New Delhi,A M Sikander,Seed / Angel,45000.0,2016,2016-11,True,False
2016-11-05,Bizongo,E-Commerce,Packaging Material Marketplace,Mumbai,"IDG Ventures, Accel Partners",Private Equity,3000000.0,2016,2016-11,True,False
2016-11-07,Rivigo,Technology,Technology based Logistics platform,Gurgaon,Warburg Pincus,Private Equity,75000000.0,2016,2016-11,True,False
2016-11-07,JustRide,Consumer Internet,Online Car Sharing platform,Mumbai,"Justin Kan, Qasar Younis, Paul Bucche, Susa Ventures, Kima Ventures, Axan Venture, SCM Holdings",Private Equity,3000000.0,2016,2016-11,True,False
2016-11-09,IIM Jobs,Consumer Internet,Online Job Portal,New Delhi,India Quotient,Private Equity,2000000.0,2016,2016-11,True,False
2016-11-09,Square Yards,Consumer Internet,Online Property Search Portal,Gurgaon,ADAG Reliance Private Equity,Private Equity,12000000.0,2016,2016-11,True,False
2016-11-10,GolfLAN,Consumer Internet,Golf Session Online Bookings platform,New Delhi,"YourNest Angel Fund, iSON",Private Equity,1000000.0,2016,2016-11,True,False
2016-11-10,Yottaasys,Technology,Data Sciences platform,Bangalore,Gleevoaz Ventures,Private Equity,,2016,2016-11,False,False
2016-11-10,Tone Tag,Technology,Contactless Payment Solution,Bangalore,"Arun Seth, T.V. Mohandas Pai, Anand Chandrasekaran, Deepak Ghaisas",Private Equity,,2016,2016-11,False,False
2016-11-11,Life in Control,Consumer Internet,Online Diabetes Management platform,Gurgaon,RoundGlass Partners,Private Equity,,2016,2016-11,False,False
2016-11-14,Active.ai,Technology,Banking & Fintech Platform,Singapore,"Kalaari Capital, IDG Ventures India",Private Equity,3000000.0,2016,2016-11,True,False
2016-11-14,ElasticRun,Technology,Tech driven Logistic & distribution platform,Pune,"Kalaari Capital, Norwest Venture Partners",Private Equity,2000000.0,2016,2016-11,True,False
2016-11-15,NoBroker,Consumer Internet,Online Rental discovery,Bangalore,Vijay Shekhar Sharma,Seed / Angel,,2016,2016-11,False,False
2016-11-15,Zefo,E-Commerce,Used Furniture & Appliances Marketplace,Bangalore,"Sequoia India, BEENEXT, Helion Ventures",Private Equity,6000000.0,2016,2016-11,True,False
2016-11-15,PlaySimple,Technology,Mobile Gaming portal,Bangalore,"SAIF Partners, IDG Ventures India",Private Equity,4000000.0,2016,2016-11,True,False
2016-11-16,Stasis Labs,Technology,Cloud based health monitoring platform,Bangalore,"RTP-HC, Wonder Ventures, Techstars Ventures & Others",Private Equity,5000000.0,2016,2016-11,True,False
2016-11-17,Scienaptic,Technology,Data Analytics platform,Bangalore,Pramod Bhasin,Seed / Angel,,2016,2016-11,False,False
2016-11-17,Koovs,E-Commerce,Fashion eTailer,New Delhi,Times of India Group & Existing investors,Private Equity,13500000.0,2016,2016-11,True,False
2016-11-17,Lawrato,Consumer Internet,Free Legal Advice,New Delhi,Indian Angel Network,Seed / Angel,,2016,2016-11,False,False
2016-11-17,Trip Tap Toe,Consumer Internet,Online Travel Portal,Gurgaon,R.S Sharma,Seed / Angel,,2016,2016-11,False,False
2016-11-17,Pictor Imaging,Consumer Internet,Product Photography Mobile App,Mumbai,Quarizon,Seed / Angel,147000.0,2016,2016-11,True,False
2016-11-18,GramCover,FinTech,Insurance Marketplace for the Rural Sector,New Delhi,Omnivore Capital,Seed / Angel,1000000.0,2016,2016-11,True,False
2016-11-18,AerMed,E-Commerce,Online Pharmacy,Mumbai,Hitesh Windlass,Seed / Angel,,2016,2016-11,False,False
2016-11-18,WorkIndia,Consumer Internet,Job Board for Clue Collar Jobs,Mumbai,Asuka Holdings,Seed / Angel,,2016,2016-11,False,False
2016-11-21,Bats on delivery,Consumer Internet,"Online food, Grocery ordering & Delivery",Gurgaon,Devdeep Singh,Seed / Angel,90000.0,2016,2016-11,True,False
2016-11-21,numberz,Technology,Cash Flow Management Solution for Businesses,Gurgaon,"Kae Capital, Khosla Impact",Seed / Angel,650000.0,2016,2016-11,True,False
2016-11-22,Housing,Consumer Internet,Real Estate Portal,Mumbai,Softbank Group,Private Equity,5000000.0,2016,2016-11,True,False
2016-11-22,Awesummly,Consumer Internet,Short News Mobile App,Bangalore,"Vivek Bhargava, Ameera Shah",Seed / Angel,147000.0,2016,2016-11,True,False
2016-11-22,VoLT,Consumer Internet,Ed-Tech Platform,Mumbai,YMS Mobitech,Seed / Angel,,2016,2016-11,False,False
2016-11-22,Vymo,Technology,SaaS-based predictive analytics platform,Bangalore,Sequoia India,Private Equity,5000000.0,2016,2016-11,True,False
2016-11-22,ShubhLoans,Technology,Consumer Finance & Credit Score platform,Bangalore,"Sanjai Vohra, V. Bunty Bohra",Seed / Angel,,2016,2016-11,False,False
2016-11-22,Noddapp,Consumer Internet,App based networking platform,Mumbai,Undisclosed multiple investors,Seed / Angel,147000.0,2016,2016-11,True,False
2016-11-23,Knowlarity,Consumer Internet,Cloud Telephony Platform,Bangalore,"Delta Partners, Sequoia India, Mayfield, Blacksoil, Trifecta Capital",Private Equity,20000000.0,2016,2016-11,True,False
2016-11-23,Infisecure,Technology,Bot Protection Solutions,Mumbai,"IDG Ventures, Axilor Ventures",Seed / Angel,600000.0,2016,2016-11,True,False
2016-11-23,Udaan,E-Commerce,B2B Marketplace,Bangalore,"Lightspeed Venture Partners India, Lightspeed US",Private Equity,10000000.0,2016,2016-11,True,False
2016-11-24,FroyoFit,Consumer Internet,Fitness Discovery Platform,Indore,Dr. Pooja Gandhi,Seed / Angel,,2016,2016-11,False,False
2016-11-24,Betterplace,Consumer Internet,Background Verification Services,Bangalore,Venture Highway,Seed / Angel,,2016,2016-11,False,False
2016-11-24,ShareChat,Consumer Internet,Local Language Social Networking Platform,Mumbai,"Lightspeed India Partners, SAIF Partners, India Quotient, Venture Highway",Private Equity,4000000.0,2016,2016-11,True,False
2016-11-24,UClean,Consumer Internet,Tech Enabled Laundry Service Provider,Gurgaon,Franchise India,Private Equity,,2016,2016-11,False,False
2016-11-24,Servify,Consumer Internet,Personal Device Assistant App,Mumbai,"Blume Ventures, BEENEXT, Barkawi Holdings GmbH, TM Service Technology Holdings Gmbh, Sreevathsa Prabhakar",Private Equity,,2016,2016-11,False,False
2016-11-25,Hubilo,Consumer Internet,End-to-end Event Organizers Solutions,Ahmedabad,"Girish Mathrubootham, VC Karthic, Miten Mehta, Umasankar Nistala, Rakesh Patel, Akash Bhavsar, Jeevanandhan Rajagopal, Vikas Chadha & Others",Seed / Angel,,2016,2016-11,False,False
2016-11-25,FunOnGo,Consumer Internet,Digital Media Content and Distribution platform,Mumbai,Reliance Entertainment,Private Equity,,2016,2016-11,False,False
2016-11-25,121Policy,Consumer Internet,Online Insurance Platform,Kolkata,Xelpmoc,Seed / Angel,,2016,2016-11,False,False
2016-11-26,TapChief,Consumer Internet,Professional Expert Advice Platform,Bangalore,"Paytm, Aprameya Radhakrishna, Subramanya Venkat, Venk Krishnan",Seed / Angel,,2016,2016-11,False,False
2016-11-28,Kloseby,Consumer Internet,proximity based Rewards platform,Bangalore,Undisclosed Investor,Seed / Angel,100000.0,2016,2016-11,True,False
2016-11-28,WholeSaleBox,E-Commerce,B2B Wholesale Apparel Marketplace,Jaipur,"Manish Maheshwari, Contrarian Vriddhi Fund",Private Equity,2000000.0,2016,2016-11,True,False
2016-11-29,Crossahead,Consumer Internet,Creative Artists Discovery & Booking platform,Noida,Mohit Sharma,Seed / Angel,,2016,2016-11,False,False
2016-11-29,Affordplan,Consumer Internet,Savings platform for Medical Expenses,New Delhi,"Prime Venture Partners, Kalaari Capital",Private Equity,3000000.0,2016,2016-11,True,False
2016-11-30,HandyTrain,Consumer Internet,Mobile App for SAAS based Training,Goa,"Silver Range Investments, Lumina Datamatics, Shun Yoshida & Others",Private Equity,1000000.0,2016,2016-11,True,False
2016-11-30,ShopsUp,E-Commerce,Hyperlocal Shopping App,Bangalore,"Anand Sankeshwar, Yang Shu",Seed / Angel,963000.0,2016,2016-11,True,False
2016-11-30,Indofash,E-Commerce,Ethnic Indian Fashion Marketplace,Bangalore,"Shekhar Sahu, Nitesh Pant",Seed / Angel,150000.0,2016,2016-11,True,False
2016-11-30,Entropika,Technology,"AI, Machine learning Solutions",Bangalore,"Dileep Bhatt, Milind Chaudhary",Seed / Angel,200000.0,2016,2016-11,True,False
2016-11-30,MarianaIQ,Technology,AI-driven B2B marketing platform,Bangalore,Exfinity Venture Partners,Private Equity,2000000.0,2016,2016-11,True,False
2016-11-30,Chai Thela,Food & Beverage,Quick Service Restaurants,Noida,Quarizon,Seed / Angel,218000.0,2016,2016-11,True,False
2016-11-30,Interviewpad,Technology,Engineering Interview facilitation platform,Pune,Krishna Rokhale,Seed / Angel,100000.0,2016,2016-11,True,False
2016-11-30,Math Buddy,Consumer Internet,Online Math Learn,Vadodara,Menterra Social Impact Fund,Seed / Angel,440000.0,2016,2016-11,True,False
2016-11-30,Pulse,Consumer Internet,Campus Social Networking App,Bangalore,SAIF Partners,Private Equity,500000.0,2016,2016-11,True,False
2016-11-30,MonkeyBox,Consumer Internet,Healthy Food Delivery platform,Bangalore,Blume Ventures & Others,Seed / Angel,,2016,2016-11,False,False
2016-11-30,Carcrew,Consumer Internet,Online Car repair Marketplace,Mumbai,TVS Group,Seed / Angel,500000.0,2016,2016-11,True,False
2016-10-03,MeraKisan,E-Commerce,Fruit & vegetable eTailer,Bangalore,Mahindra Univeg,Seed / Angel,,2016,2016-10,False,False
2016-10-03,Mystifly,Consumer Internet,Airline Ticket Aggregator,Bangalore,Recruit Holdings,Private Equity,5000000.0,2016,2016-10,True,False
2016-10-03,HelpChat,Consumer Internet,AI Powered Content & Commerce platform,Bangalore,"American Express Ventures, Sequoia Capital",Private Equity,,2016,2016-10,False,False
2016-10-03,Uniphore,Technology,Speech Recognition Solutions,Chennai,"IDG Ventures, Indian Angel Network (IAN), YourNest Angel Fund",Private Equity,2000000.0,2016,2016-10,True,False
2016-10-03,World Art Community,E-Commerce,Art & Craft Marketplace,Gurgaon,Viraj Tyagi & Others,Seed / Angel,200000.0,2016,2016-10,True,False
2016-10-04,Giftxoxo,E-Commerce,Online Gifting platform,Bangalore,Mahindra Holidays & Resorts India Ltd,Private Equity,450000.0,2016,2016-10,True,False
2016-10-04,Bharat Bazaar,E-Commerce,Online B2B Marketplace,Mumbai,"BeeNext, TV Mohandas Pai, Kunal Shah, Sandeep Tandon",Seed / Angel,,2016,2016-10,False,False
2016-10-04,GOQii,Consumer Internet,Health & Fitness Wearable Device,Mumbai,Ratan Tata,Private Equity,,2016,2016-10,False,False
2016-10-04,India Gifts Portal,E-Commerce,Online Gifting platform,Noida,"Naveen Arya, Tarun Joshi",Private Equity,2000000.0,2016,2016-10,True,False
2016-10-04,Moglix,E-Commerce,Industrial & Home products marketplace,Noida,"Accel Partners, Jungle Ventures, SeedPlus",Private Equity,4200000.0,2016,2016-10,True,False
2016-10-04,NetLinx,Consumer Internet,Internet Service Provider,Hyderabad,"Xchange Investors NV, TransGlobal FZC",Private Equity,3000000.0,2016,2016-10,True,False
2016-10-04,Scandid,Consumer Internet,Product Shopping Comparison App,Pune,3One4 Capital,Private Equity,,2016,2016-10,False,False
2016-10-04,Remitr,Consumer Internet,Foreign Currency Payments Platform,Mumbai,"Vijay Shekhar Sharma, Pravin Gandhi, Smart Start Fund; Kunal Shah, Sandeep Tandon, Vishal Gondal, & Others",Seed / Angel,1000000.0,2016,2016-10,True,False
2016-10-04,InnerChef,Consumer Internet,Online food ordering platform,Gurgaon,"Mistletoe, M&S Partners",Private Equity,2500000.0,2016,2016-10,True,False
2016-10-04,AppsDaily,Consumer Internet,"Mobile Phone Theft, Damage Protection platform",Mumbai,"Zodius Capital, Kalaari Capital, Qualcomm Ventures, Russian venture capital fund Ru-Net, Mumbai Angels",Private Equity,3750000.0,2016,2016-10,True,False
2016-10-05,MuhurtMaza,Consumer Internet,Online Puja Booking Service,Pune,Undisclosed Investor,Seed / Angel,,2016,2016-10,False,False
2016-10-05,Azuro,Consumer Internet,Rental Property Finder platform,Mumbai,"White Unicorn Ventures, Kae Capital, Mumbai Angels",Private Equity,,2016,2016-10,False,False
2016-10-05,NeuroSynaptic,Technology,Remote Healthcare Delivery Solutions,Bangalore,"Indian Angel Network, Healthsquad, Axilor Ventures",Private Equity,,2016,2016-10,False,False
2016-10-05,UE LifeSciences,Technology,Mobile Health Technology Solutions,Mumbai,"Kiran Mazumdar-Shaw, Unitus Seed Fund",Private Equity,1200000.0,2016,2016-10,True,False
2016-10-06,FindmeaShoe,Consumer Internet,Footwear Recommendation App,Bangalore,Ventureast Fund Advisors,Seed / Angel,,2016,2016-10,False,False
2016-10-06,RealBox,Technology,Data Sciences Platform,Noida,Hyderabad Angels,Seed / Angel,300000.0,2016,2016-10,True,False
2016-10-06,Sportido,Consumer Internet,Sports Discovery platform,Noida,Sumpoorna Group,Seed / Angel,,2016,2016-10,False,False
2016-10-06,GoZefo,E-Commerce,Used Furniture & Appliances Marketplace,Bangalore,"Helion Venture Partners, BeeNext",Private Equity,1050000.0,2016,2016-10,True,False
2016-10-07,RayIOT,Technology,Baby Monitoring Devices manufacturer,Bangalore,HAX Accelerator,Seed / Angel,100000.0,2016,2016-10,True,False
2016-10-07,KOOH Sports,Technology,Sports Training & Technology,Mumbai,"HDFC, Faering Capital, Elevate Sports",Private Equity,2200000.0,2016,2016-10,True,False
2016-10-07,Flexiloans,Consumer Internet,Online Funds Raising Platform,Mumbai,"Sanjay Nayar, Vikram Sud, Anil Jaggia, Narayan Seshadri",Private Equity,15000000.0,2016,2016-10,True,False
2016-10-07,Sibia Analytics,Technology,Marketing & Customer Analytics Solutions,Kolkata,Radhakrishnan Natarajan & Others,Seed / Angel,,2016,2016-10,False,False
2016-10-10,Vithi,E-Commerce,Online Hair Extension etailer,New Delhi,undisclosed investor,Seed / Angel,375000.0,2016,2016-10,True,False
2016-10-11,Yupp TV,Consumer Internet,Internet-based TV streaming service provider,Bangalore,Emerald Media,Private Equity,50000000.0,2016,2016-10,True,False
2016-10-11,Deyor Camps,Consumer Internet,Branded Camping location Aggregator,Gurgaon,"Nitin Passi, Manickam Mahalingam, Udaan Angels, Rajesh Arora, Arkas Industries",Seed / Angel,500000.0,2016,2016-10,True,False
2016-10-12,ZipLoan,Consumer Internet,online lending platform,New Delhi,"GrowX Ventures, Sunil Kalra, Arun Venkatachalam, Badal Malick",Seed / Angel,,2016,2016-10,False,False
2016-10-13,FabAlley,E-Commerce,online fashion brand store,Noida,"India Quotient, FAO Ventures, Indian Angel Network, Tushar Singh, Ranjan Sharma",Private Equity,2000000.0,2016,2016-10,True,False
2016-10-13,Shoekonnect,E-Commerce,B2B Marketplace for Shoes,Agra,Indian Angel Network,Seed / Angel,,2016,2016-10,False,False
2016-10-13,Maya,Consumer Internet,Womens Health Tracker App,Bangalore,Rajan Anandan,Seed / Angel,,2016,2016-10,False,False
2016-10-13,RoboVac,Technology,waterless car washing solution,Ahmedabad,Virendra Patel,Seed / Angel,450000.0,2016,2016-10,True,False
2016-10-14,Newspatrolling,Consumer Internet,Online News portal,New Delhi,Undisclosed,Seed / Angel,25000.0,2016,2016-10,True,False
2016-10-14,Postman,Consumer Internet,API Platform,Bangalore,Nexus Venture Partners,Private Equity,7000000.0,2016,2016-10,True,False
2016-10-14,ISFC,FinTech,Education Sector Lending,Hyderabad,Gray Matters Capital,Private Equity,6000000.0,2016,2016-10,True,False
2016-10-14,BeatRoute,Technology,SAAS based mobile application platform,Gurgaon,Quarizon Consultancy Services LLP,Seed / Angel,,2016,2016-10,False,False
2016-10-14,Kidsstoppress,Consumer Internet,Parenting and Baby care Platform,Mumbai,Karan Bhagat,Seed / Angel,,2016,2016-10,False,False
2016-10-14,Innov8,Consumer Internet,Co-Working Spaces aggregator,Bangalore,Punit Soni,Seed / Angel,,2016,2016-10,False,False
2016-10-15,DailyHunt,Consumer Internet,Vernacular content mobile app,Bangalore,"ByteDance, Arun Sarin, Matrix Partners, Sequoia Capital India, Omidyar Network, Falcon Edge",Private Equity,25000000.0,2016,2016-10,True,False
2016-10-15,Tazzo Bikes,Consumer Internet,Motorbike rental platform,Hyderabad,DSG Consumer Partners,Seed / Angel,227000.0,2016,2016-10,True,False
2016-10-15,MyKindofJob,Consumer Internet,Internet & Fresher Job platform,Mumbai,"Mayank Shah, Shreyans Shah",Seed / Angel,1000000.0,2016,2016-10,True,False
2016-10-17,Trilyo,Technology,B2B SAAS based product,Bangalore,"Vishnu Bhat, Rajiv Lunkad, Naresh Ravindranath",Seed / Angel,,2016,2016-10,False,False
2016-10-17,Rooter,Consumer Internet,Sports Social Network mobile app,New Delhi,"Boman Irani, Dhruv Chitgopekar, Prantik Dasgupta",Seed / Angel,,2016,2016-10,False,False
2016-10-17,Yumigo,Consumer Internet,App based Travel Discovery and Transactions platform,Gurgaon,Hemant Sahni,Seed / Angel,300000.0,2016,2016-10,True,False
2016-10-17,Rentalpha,Others,equipment rental and leasing company,Mumbai,Bravia Capital,Private Equity,16000000.0,2016,2016-10,True,False
2016-10-18,3Dexter,Technology,3D Printing Solutions for Edu space,New Delhi,Newbie Promoters,Seed / Angel,150000.0,2016,2016-10,True,False
2016-10-18,BabyChakra,Consumer Internet,Parenting and Child Care portal,Mumbai,RoundGlass Partners,Private Equity,,2016,2016-10,False,False
2016-10-18,Coppre,E-Commerce,Copper based items etailer,Pune,Ganesh Natarajan,Seed / Angel,,2016,2016-10,False,False
2016-10-18,MySUN,Technology,Solar Energy harnessing products marketplace,Noida,General Catalyst Partners,Private Equity,2500000.0,2016,2016-10,True,False
2016-10-18,ePathsala,Technology,Cloud based ERP for Accreditation & ICT,Bangalore,"Hyderabad Angels, TLabs",Seed / Angel,,2016,2016-10,False,False
2016-10-19,Furlenco,Consumer Internet,Online Furniture Rental platform,Bangalore,"Lightbox Ventures, Axis Capital & Others",Private Equity,30000000.0,2016,2016-10,True,False
2016-10-19,Fisdom,Consumer Internet,Personal Wealth Management Platform & App,Bangalore,"Saama Capital, Raghunandan G, Aprameya Radhakrishna",Private Equity,1100000.0,2016,2016-10,True,False
2016-10-19,Actofit,Technology,Wearable Technology platform & devices,Mumbai,Next Orbit Ventures Fund,Private Equity,750000.0,2016,2016-10,True,False
2016-10-20,Stayology,Consumer Internet,Stay & Travel related services,Bangalore,Ranjan Pai,Seed / Angel,,2016,2016-10,False,False
2016-10-20,Hipcask,Consumer Internet,Alcoholic beverage discovery platform,Mumbai,Mobikon,Seed / Angel,,2016,2016-10,False,False
2016-10-20,RailYatri,Consumer Internet,Train Travel Info mobile app,Noida,"Helion Ventures, Blume ventures",Private Equity,,2016,2016-10,False,False
2016-10-21,ChatOnGo,Consumer Internet,Hyperlocal Communication Mobile app,Mumbai,Janak Jain,Seed / Angel,300000.0,2016,2016-10,True,False
2016-10-23,WOTU,E-Commerce,B2B Marketplace for traders,Bangalore,KAE capital,Seed / Angel,,2016,2016-10,False,False
2016-10-24,Healthians,Consumer Internet,Health Test Discovery & Ordering service,Gurgaon,BEENEXT,Private Equity,3000000.0,2016,2016-10,True,False
2016-10-24,Box8,Consumer Internet,Online Food Ordering platform/App,Mumbai,"IIFL Seed Ventures Fund, Mayfield Ventures",Private Equity,7500000.0,2016,2016-10,True,False
2016-10-25,Kredx,E-Commerce,Invoice discounting marketplace,Bangalore,Sequoia Capital,Private Equity,6000000.0,2016,2016-10,True,False
2016-10-25,CreditMate,Consumer Internet,Credit Report Info platform,Mumbai,India Quotient,Seed / Angel,500000.0,2016,2016-10,True,False
2016-10-25,Pickrr,Technology,Courier Logistics & Order management Solutions,New Delhi,Swastika Company Ltd,Seed / Angel,,2016,2016-10,False,False
2016-10-25,SatvaKart,E-Commerce,Online Grocery Etailer,Gurgaon,Nimit Panigrahi,Seed / Angel,,2016,2016-10,False,False
2016-10-25,SooperMO,Technology,Android utility app suite creator,Gurgaon,Lalit Vase,Seed / Angel,100000.0,2016,2016-10,True,False
2016-10-26,OrangeTwig,Consumer Internet,Social Media Marketing platform,New Delhi,Undisclosed investor,Seed / Angel,1000000.0,2016,2016-10,True,False
2016-10-26,Wooplr,Consumer Internet,Fashion Discovery App,Bangalore,"Astarc Ventures, Anand Chandrasekaran",Seed / Angel,,2016,2016-10,False,False
2016-10-26,The Kettlery,E-Commerce,Online Tea Etailer,Ahmedabad,"hooting Starts Sports LLP, Franchise India Brands",Private Equity,1000000.0,2016,2016-10,True,False
2016-10-27,Idea Bubbles,Consumer Internet,Doctor Consulting platform,Bangalore,"1Crowd, Eureka Forbes Ltd, Shapoorji Pallonji & Co. Ltd.",Private Equity,700000.0,2016,2016-10,True,False
2016-10-27,FR8,Technology,Truck Fleet Operation platform,Chennai,Omnivore Partners,Private Equity,971000.0,2016,2016-10,True,False
2016-10-27,Ather Energy,Technology,Electric Vehicle Manufacturer,Bangalore,Hero MotoCorp,Private Equity,27000000.0,2016,2016-10,True,False
2016-10-28,Pikkol,Logistics,Relocation Service provider,Bangalore,"Ajay Nanavati, Afsal Salu",Seed / Angel,,2016,2016-10,False,False
2016-10-29,Velmenni,Technology,LiFi based wireless communication provider,New Delhi,Kalaari Capital,Seed / Angel,100000.0,2016,2016-10,True,False
2016-10-29,Volta Motors,Technology,Electric Bike Manufacturer,Chennai,Kalaari Capital,Seed / Angel,100000.0,2016,2016-10,True,False
2016-10-29,Cyclops,Technology,Clinical and Wearable Diagnostic Product creator,Bangalore,Kalaari Capital,Seed / Angel,100000.0,2016,2016-10,True,False
2016-10-30,Impact Analytics,Technology,Business intelligence and data science Startup,Bangalore,"Aarin Capital, Michael Herzig, Ashish Lakhanpal",Private Equity,750000.0,2016,2016-10,True,False
2016-10-31,Talent Next,Consumer Internet,Talent Discovery & Audition management platform,Mumbai,Karanpal Singh & Others,Seed / Angel,1000000.0,2016,2016-10,True,False
2016-09-01,Mad Street Den,Technology,Artificial Intelligence platform,Chennai,"Sequoia India, Exfinity Ventures, growX ventures,",Private Equity,,2016,2016-09,False,False
2016-09-01,Mihup,Technology,Personal Digital Assistant,Kolkata,Accel Partners,Private Equity,6700000.0,2016,2016-09,True,False
2016-09-01,Renowala,E-Commerce,Home Improvement Marketplace,Hyderabad,Pradeep Dhobale,Seed / Angel,,2016,2016-09,False,False
2016-09-01,Lucideus,Technology,IT Risk Assessment and Digital Security Services provider.,New Delhi,Amit Choudhary,Seed / Angel,,2016,2016-09,False,False
2016-09-04,Trackbizz,Technology,Field Force Automation System,Kochi,Grasshoppers,Private Equity,,2016,2016-09,False,False
2016-09-05,Social Quotient,Technology,Platform for Social Causes,Mumbai,"Anita Dongre, Yash Dongre, Milind Sarwate",Seed / Angel,,2016,2016-09,False,False
2016-09-05,Stalk Buy Love,E-Commerce,Fashion Apparel eTailer,New Delhi,William Bissel,Seed / Angel,,2016,2016-09,False,False
2016-09-06,eShakti,E-Commerce,Women\xe2\x80\x99s Fashion Apparel eTailer,Chennai,"Infina Finance Pvt. Ltd, Uday Kotak",Private Equity,1350000.0,2016,2016-09,True,False
2016-09-06,CheersOye!,Consumer Internet,Online Gift Vouchers platform,Mumbai,Undisclosed,Seed / Angel,500000.0,2016,2016-09,True,False
2016-09-06,Lenskart,E-Commerce,Online Eyewear eTailer,New Delhi,PremjiInvest,Private Equity,,2016,2016-09,False,False
2016-09-06,BigStylist,Consumer Internet,Hyperlocal doorstep Beauty Services provider,Mumbai,Info Edge (India) Ltd,Private Equity,900000.0,2016,2016-09,True,False
2016-09-07,Zilingo,E-Commerce,Online Fashion Retailer,Bangalore,"Venturra Capital, Sequoia India, Susquehanna International Group. Wavemaker Partners, Beenext, Beenos, Digital Garage",Private Equity,8000000.0,2016,2016-09,True,False
2016-09-07,Alternacare,Consumer Internet,Online Doctor Consulting platform,New Delhi,Eros Labs,Seed / Angel,500000.0,2016,2016-09,True,False
2016-09-07,Simplilearn,EdTech,Online Certification programs,Bangalore,InnoVen Capital India,Private Equity,6000000.0,2016,2016-09,True,False
2016-09-07,Prozo,E-Commerce,Study Material Marketplace,Gurgaon,"Earlsfield Capital, Sailender Solanki, Rajiv Solanki",Seed / Angel,315000.0,2016,2016-09,True,False
2016-09-08,TopRankers,EdTech,Online Test Preparation platform,Bangalore,"CareerNet Consulting Pvt. Ltd, Ideation Initiative Pvt. Ltd,",Seed / Angel,670000.0,2016,2016-09,True,False
2016-09-08,BuildTraders,E-Commerce,Online Construction Materials Marketplace,Bangalore,Idein Ventures,Seed / Angel,200000.0,2016,2016-09,True,False
2016-09-09,Byju\\xe2\\x80\\x99s,EdTech,Online Learning App,Bangalore,"Chan Zuckerberg Initiative, Times Internet Ltd, Sequoia Capital, Sofina, Lightspeed Ventures",Private Equity,50000000.0,2016,2016-09,True,False
2016-09-09,NoBroker,Consumer Internet,Online Home Rental platform,Bangalore,Anand Chandrasekaran,Seed / Angel,,2016,2016-09,False,False
2016-09-10,Freshboxx,E-Commerce,Fruits & vegetable eTailer,Hubli,Ravi Linganuri,Seed / Angel,,2016,2016-09,False,False
2016-09-10,CureInstant,Consumer Internet,Social Health Networking Platform,New Delhi,Dr. Rameshwar Kumar,Seed / Angel,150000.0,2016,2016-09,True,False
2016-09-10,Poshtic,Consumer Internet,Online health & Wellness platform,Noida,"havya Sharma, Amit Nagar",Seed / Angel,450000.0,2016,2016-09,True,False
2016-09-10,KarmaCircles,Consumer Internet,Peer-to-peer Social Learning platform,New Delhi,"Harinder Takhar, Zain Raj, Dr. Prasad Kaipa, Abaran Deep, Aseem Sood, Mustafa Patni",Seed / Angel,,2016,2016-09,False,False
2016-09-12,Purple Style Labs,Consumer Internet,Personal Styling Online platform,Mumbai,"Augment Ventures, Rahul Kayan, Nikhil Golcha, Shubham Gupta, Roy Kwan",Seed / Angel,448000.0,2016,2016-09,True,False
2016-09-12,Inuxu,Technology,Online Advertising Solutions,Pune,Fork Media,Private Equity,3000000.0,2016,2016-09,True,False
2016-09-12,Nykaa,E-Commerce,Online Beauty products eTailer,Mumbai,"Sunil Munjal, Mariwala family",Private Equity,12300000.0,2016,2016-09,True,False
2016-09-12,Glam Studios,Consumer Internet,Beauty Salon Aggregator,Noida,"Pradeep Mirani, Aqeel Ahmed, Anand Ladsariya, Nitin Agarwal",Seed / Angel,300000.0,2016,2016-09,True,False
2016-09-13,Findow,Consumer Internet,Fashion Discovery Mobile app,Bangalore,Raj Singh Bhandal,Seed / Angel,,2016,2016-09,False,False
2016-09-13,IdeaChakki,Consumer Internet,Restaurant Menu & Food mobile app,New Delhi,Ratan Tata,Seed / Angel,,2016,2016-09,False,False
2016-09-13,ShoeKonnect,E-Commerce,Footwear & Leather B2B App,Agra,Indian Angels Network,Seed / Angel,,2016,2016-09,False,False
2016-09-13,NearBuy,Consumer Internet,Online Deals & Discount platform,Gurgaon,BlackSoil Capital Pvt. Ltd.,Private Equity,2500000.0,2016,2016-09,True,False
2016-09-14,ZeroInfy,Consumer Internet,Online Video Lectures platform,Kolkata,Calcutta Angels Network,Seed / Angel,,2016,2016-09,False,False
2016-09-14,Flocareer,Consumer Internet,Jobs & Skill Validation platform,Bangalore,"Balasubramanian Krishnamurthy, Sidhartha Hazarika & Others",Seed / Angel,150000.0,2016,2016-09,True,False
2016-09-14,LensPick,E-Commerce,eyewear eTailer,Bangalore,Scadea Solutions Inc,Private Equity,,2016,2016-09,False,False
2016-09-15,infeedo,Consumer Internet,Employee engagement platform,Gurgaon,"Dheeraj Jain, Palash Jain, Anupam Mittal, Ameera Shah, Vivek Bhargava, Rahul Singh, Ambarish Gupta,",Seed / Angel,200000.0,2016,2016-09,True,False
2016-09-15,Furlenco,E-Commerce,Online furniture rental startup,Bangalore,Lightbox Ventures and others,Private Equity,5000000.0,2016,2016-09,True,False
2016-09-15,GoPigeon,Consumer Internet,on-demand logistics service provider,Bangalore,Nexus Venture Partners,Private Equity,1500000.0,2016,2016-09,True,False
2016-09-16,NewsDistill,Consumer Internet,City based News Aggregator App,Hyderabad,"Ganesh Narasimhan, Ramana Thumu, Sudhir Mallem",Seed / Angel,100000.0,2016,2016-09,True,False
2016-09-16,DoctorInsta,Consumer Internet,Online Doctor Consultations,Gurgaon,RoundGlass Partners,Private Equity,1000000.0,2016,2016-09,True,False
2016-09-19,Milofy,Consumer Internet,Couple Socialization App,Bangalore,Accel Partners,Seed / Angel,750000.0,2016,2016-09,True,False
2016-09-19,Liqvid,Technology,Integrated eLearning content solutions,New Delhi,Gray Matters Capital,Private Equity,,2016,2016-09,False,False
2016-09-19,Swiggy,Consumer Internet,Online Food Ordering & Delivery,Bangalore,Bessemer Venture Partners,Private Equity,15000000.0,2016,2016-09,True,False
2016-09-20,Codemojo,Consumer Internet,Customer Engagement Platform,Bangalore,CIO Angel Network,Seed / Angel,,2016,2016-09,False,False
2016-09-20,JustLikeNew,E-Commerce,Online gadget Repair Services Marketplace,Hyderabad,LetsVenture,Seed / Angel,500000.0,2016,2016-09,True,False
2016-09-20,JoeHukum,Technology,Enterprise customer engagement solutions,New Delhi,Sumit Jain,Seed / Angel,,2016,2016-09,False,False
2016-09-21,Co Life,Consumer Internet,shared living and working spaces platform,Bangalore,Undisclosed,Seed / Angel,1000000.0,2016,2016-09,True,False
2016-09-21,PurpleDocs,Consumer Internet,Electronic Health care records platform,Vadodara,"KellyGamma, Lead Angels & Others",Seed / Angel,,2016,2016-09,False,False
2016-09-21,Pepperfry,E-Commerce,Furniture eTailer,Mumbai,"Goldman Sachs Group, Zodius Technology Fund, Norwest Venture Partners, Bertelsmann India",Private Equity,31300000.0,2016,2016-09,True,False
2016-09-21,eQuickies,E-Commerce,Online Book etailer,Ahmedabad,Lothal Angel Ventures,Seed / Angel,298000.0,2016,2016-09,True,False
2016-09-21,Khel Now,Consumer Internet,Mobile-based social networking platform,New Delhi,Anglian Omega Network,Seed / Angel,350000.0,2016,2016-09,True,False
2016-09-22,Gadgetwood,Consumer Internet,On-Demand Gadget repair services platform,New Delhi,Carpediem Capital,Private Equity,6000000.0,2016,2016-09,True,False
2016-09-22,DailyRounds,Consumer Internet,Mobile App for Doctors,Bangalore,"Accel Partners, Beenext, Powerhouse Ventures, Akusa Holdings",Private Equity,,2016,2016-09,False,False
2016-09-22,Flixy Games,Technology,Mobile Game Publisher for Indian audience,Bangalore,Rebright Partners,Seed / Angel,425000.0,2016,2016-09,True,False
2016-09-22,HashTaag,Technology,Mobile App Development company,Bangalore,Undisclosed,Seed / Angel,1000000.0,2016,2016-09,True,False
2016-09-22,PharmaRack,Technology,SAAS application for Pharma Industry,Pune,"Currae Healthtech Fund, Unicorn India Ventures",Private Equity,745000.0,2016,2016-09,True,False
2016-09-23,CloudCherry,Technology,CRM SAAS Platform,Chennai,"Vertex Ventures, Cisco Ventures, IDG Ventures",Private Equity,6000000.0,2016,2016-09,True,False
2016-09-23,Parentlane,Consumer Internet,Social Platform for babycare and parenting,Bangalore,Rohit MA,Seed / Angel,,2016,2016-09,False,False
2016-09-23,First Moms Club,Consumer Internet,Social Network for Mothers,Mumbai,Idea Wave Labs,Seed / Angel,,2016,2016-09,False,False
2016-09-23,inMotion,Technology,Financial platform for daily wage earning communities,Noida,"Prashant Tandon, Gaurav Agarwal, Gaurav Bhogle, Shrishti Sahu, Shantanu Mathur, Prabhat Aggarwal",Seed / Angel,,2016,2016-09,False,False
2016-09-26,Let\xe2\x80\x99s Barter,Consumer Internet,Goods & Services Barter Platform,New Delhi,Scale Ventures Funds,Seed / Angel,,2016,2016-09,False,False
2016-09-26,EvenGini,Consumer Internet,Event Registration and Ticketing platform,Chennai,Procam International Pvt. Ltd,Private Equity,,2016,2016-09,False,False
2016-09-27,TinyStep,Consumer Internet,Parenting Network Platform,Bangalore,Flipkart Logistics Pvt. Ltd,Private Equity,1580000.0,2016,2016-09,True,False
2016-09-27,Canvs,Consumer Internet,Community Platform for Artists and Designers,Mumbai,Pratik Seal,Seed / Angel,,2016,2016-09,False,False
2016-09-28,Beardo,E-Commerce,Mens Grooming products etailer,Ahmedabad,Venture Catalysts,Seed / Angel,500000.0,2016,2016-09,True,False
2016-09-28,Instacar,Consumer Internet,Out-Station Taxi Rental Platform,Indore,Swastika Co Ltd.,Seed / Angel,1000000.0,2016,2016-09,True,False
2016-09-28,Celes Care,Consumer Internet,Virtual Health Clinic for Women,Hyderabad,Endiya Partners,Seed / Angel,1000000.0,2016,2016-09,True,False
2016-09-28,Druva,Technology,Cloud Based Data Protection Solution,Pune,"Sequoia India, EDBI, Blue Cloud Ventures, Hercules Capital",Private Equity,51000000.0,2016,2016-09,True,False
2016-09-29,Promon,E-Commerce,Local Commerce Platform,New Delhi,Now Capital,Seed / Angel,180000.0,2016,2016-09,True,False
2016-09-29,Fastudent,E-Commerce,Education eCommerce platform,Noida,"Kanwaljit Singh, Ajay Lakhotia, Pavan Ongole, Ashish Gupta",Seed / Angel,,2016,2016-09,False,False
2016-09-29,Unocoin,Consumer Internet,Bitcoin Wallet,Bangalore,"Blume Ventures, Mumbai Angels, ah! Ventures, Digital Currency Group, Boost VC, Bank to the Future and Funders Club",Private Equity,1500000.0,2016,2016-09,True,False
2016-09-30,Demyto,Consumer Internet,Vehicle maintenance Services platform,Pune,Deepak Nathani,Seed / Angel,,2016,2016-09,False,False
2016-09-30,Zeta,Technology,Enterprise Cloud Solutions,Mumbai,Bhavin Turakhia,Private Equity,19000000.0,2016,2016-09,True,False
2016-09-30,Kalaage,Consumer Internet,Social Networking Platform for Writers,Jaipur,Rajasthan Angel Innovators Network,Seed / Angel,,2016,2016-09,False,False
2016-08-01,HealthKart,E-Commerce,Online Pharmacy & Health Marketplace,Gurgaon,"Sequoia Capital India, Omidyar Network, Kae Capital",Private Equity,12000000.0,2016,2016-08,True,False
2016-08-01,Medinfi,Consumer Internet,Doctor & Clinic Discovery Platform,Bangalore,"Mudit Saxena, Evan Lim",Seed / Angel,200000.0,2016,2016-08,True,False
2016-08-01,RepairEasy,Consumer Internet,Gadget Repair Services Platform,Pune,Undisclosed HNIs,Seed / Angel,275000.0,2016,2016-08,True,False
2016-08-01,Voonik,E-Commerce,Online Women\\xe2\\x80\\x99s Fashion Marketplace,Bangalore,InnoVen Capital,Private Equity,3000000.0,2016,2016-08,True,False
2016-08-01,Tokri,Consumer Internet,Hyperlocal Grocery Delivery platform,Pune,Syska LED group,Private Equity,2500000.0,2016,2016-08,True,False
2016-08-02,Sheroes,Consumer Internet,Online Job and Career Platform for Women,Noida,"Lumis Partners, The HR Fund, Rajul Garg, Quintillion Media",Private Equity,1800000.0,2016,2016-08,True,False
2016-08-02,Daily Ninja,Consumer Internet,Hyperlocal daily needs Products delivery platform,Bangalore,"Venk Krishnan, Aprameya Radhakrishna, Anupam Mittal, Kunal Shah, Tracxn Labs, Subramanya SV, Ravi Garkipati",Seed / Angel,,2016,2016-08,False,False
2016-08-02,Yumlane,Food & Beverage,Retail Food & Snack Offline centres,Mumbai,"Binny Bansal, Anupam Mittal, Sachin Bhatia, Darius Pandole, Kunal Khattar, Dheerag Jain",Seed / Angel,1000000.0,2016,2016-08,True,False
2016-08-03,Xcode,Healthcare,Personal Genomics,Chennai,RoundGlass Partners,Private Equity,,2016,2016-08,False,False
2016-08-03,ExtraCarbon,Consumer Internet,Waste Recycle Management platform,Gurgaon,Brand Capital,Seed / Angel,225000.0,2016,2016-08,True,False
2016-08-03,FlickBay,Consumer Internet,Mobile Based Bollywood Discovery platform,Mumbai,Paul Roy,Seed / Angel,890000.0,2016,2016-08,True,False
2016-08-04,Petoo,Consumer Internet,Food Delivery Platform,Bangalore,Existing Investors,Seed / Angel,500000.0,2016,2016-08,True,False
2016-08-04,lehlehsports,Others,Sports Arena discovery,New Delhi,Anglian Omega Network,Seed / Angel,,2016,2016-08,False,False
2016-08-05,Tricog,Healthcare,Healthcare Analytics Platform,Bangalore,"Inventus Capital Partners, Blume Ventures & Others",Private Equity,,2016,2016-08,False,False
2016-08-06,VST Travels,Technology,Travel Ticket Booking Software,Kerala,Promatus Group,Seed / Angel,27000.0,2016,2016-08,True,False
2016-08-08,AdPushUp,Technology,Ad optimization Platform,New Delhi,"Geniee, Inc, Purvi Capital",Private Equity,,2016,2016-08,False,False
2016-08-08,Wefly Indoor Skydiving,Others,Indoor Skydiving Sports Provider,Mumbai,Swastika Company Ltd.,Seed / Angel,40000.0,2016,2016-08,True,False
2016-08-08,Mojarto,E-Commerce,"Original Art, Digital Prints etailer",Gurgaon,Undisclosed,Seed / Angel,445000.0,2016,2016-08,True,False
2016-08-08,Zipgrid,Consumer Internet,Community services platform,Mumbai,1Crowd (through crowd funding),Seed / Angel,200000.0,2016,2016-08,True,False
2016-08-09,MobiDent,Healthcare,Dental Protection Solution,Bangalore,Centre for Innovation Incubation and Entrepreneurship (CIIE),Seed / Angel,,2016,2016-08,False,False
2016-08-09,Zeolr/RespirON,Technology,Healthcare related IoT platform,New Delhi,Centre for Innovation Incubation and Entrepreneurship (CIIE),Seed / Angel,,2016,2016-08,False,False
2016-08-10,Vebbler,Consumer Internet,Photo Sharing Mobile App,Bangalore,"Anupam Mittal, Sharad Sharma & 14 others",Seed / Angel,500000.0,2016,2016-08,True,False
2016-08-10,Bombay Shaving Company,E-Commerce,Men\\xe2\\x80\\x99s Grooming Product etailer,New Delhi,"Noshir Kaka, Subramanian Ramadorai, Kiran Deshpande, Pankaj Gupta, Ravi Nigam & Others",Seed / Angel,600000.0,2016,2016-08,True,False
2016-08-11,Travelyaari,Consumer Internet,Online ticket booking platform,Bangalore,"Gujarat Venture Finance Limited (GVFL), Bennett Coleman & Co. Ltd",Private Equity,7000000.0,2016,2016-08,True,False
2016-08-11,91SpringBoard,Consumer Internet,Co-Working Spaces Discovery & Booking platform,Mumbai,"Khattar Holdings, ThirtyThree Investments, Soumitra Sharma, Deepak Sharma, Sumit Dayal and others",Private Equity,,2016,2016-08,False,False
2016-08-11,Genextstudents,Consumer Internet,Online Tutoring Service provider,Mumbai,1Crowd (through crowdfunding),Seed / Angel,209000.0,2016,2016-08,True,False
2016-08-11,Zenoti,Technology,Cloud Based Software Solutions Provider,Hyderabad,"Norwest Venture Partners, Accel India",Private Equity,15000000.0,2016,2016-08,True,False
2016-08-12,Crofarm,Technology,Agri-Tech supply chain Solution provider,Gurgaon,"Mukul Singhal, Rohit Jain, Himanshu Aggrawal, Sunil Goyal Ashish Gupta,",Private Equity,1500000.0,2016,2016-08,True,False
2016-08-12,Faircent,Consumer Internet,peer-to-peer lending platform,Gurgaon,Brand Capital,Private Equity,1500000.0,2016,2016-08,True,False
2016-08-12,Innovaccer,Technology,Integrated Enterprise Analytics Platform,Noida,Westbridge Capital Partners,Private Equity,15600000.0,2016,2016-08,True,False
2016-08-12,Cuberoot,Technology,Data Analytics & Audience Management Platform,Gurgaon,Undisclosed,Seed / Angel,500000.0,2016,2016-08,True,False
2016-08-12,Funcastic,Consumer Internet,B2C vernacular podcast aggregator platform,New Delhi,"HT Media Ltd, North Base Media",Seed / Angel,,2016,2016-08,False,False
2016-08-15,Buttercups,E-Commerce,Women Intimate Wear eTailer,Bangalore,"Anand Chandrasekaran, Kanwaljit Singh, Manoj Varghese",Seed / Angel,,2016,2016-08,False,False
2016-08-16,Zappfresh,E-Commerce,Raw Meat Products eTailer,Gurgaon,Ashvin Chadha,Seed / Angel,,2016,2016-08,False,False
2016-08-16,OYO,Consumer Internet,Budget Hotels Aggregator,New Delhi,SoftBank Group,Private Equity,62000000.0,2016,2016-08,True,False
2016-08-16,Hike,Consumer Internet,Mobile Messaging App,New Delhi,"Tencent Holdings, Foxconn Technology Group, Tiger Global, SoftBank Group, Bharti Enterprises",Private Equity,175000000.0,2016,2016-08,True,False
2016-08-16,Joolz,E-Commerce,Online Jewellery Store,Mumbai,"Powerhouse Ventures, M&S Partners",Private Equity,500000.0,2016,2016-08,True,False
2016-08-16,SaleBhai,E-Commerce,"Sweets, Dry Fruits & Handicrafts etailer",Ahmedabad,Brand Capital,Private Equity,1500000.0,2016,2016-08,True,False
2016-08-16,Makkajai,Technology,Online & Mobile learning for kids,Pune,"Anand Chandrasekaran, Ananth Narayanan, Mekin Maheshwari, Ravi Garikipati, Divyesh Shah, Swastika Company Ltd",Seed / Angel,250000.0,2016,2016-08,True,False
2016-08-16,Gradopedia,Consumer Internet,Career progression Portal,Mumbai,Undisclosed Dubai based HNIs,Seed / Angel,,2016,2016-08,False,False
2016-08-17,MaalGaadi,Logistics,Online Logistics Marketplace,Indore,"Swan Angel Network,Sachin Khandelwal and others",Seed / Angel,375000.0,2016,2016-08,True,False
2016-08-17,ZiPi,Technology,Mobile Chatbot App,Bangalore,Swan Angel Network,Seed / Angel,,2016,2016-08,False,False
2016-08-17,Appknox,Technology,Mobile security solutions,Bangalore,"SeedPlus, Infocomm Investments, Accel Partners RNT Associates",Private Equity,675000.0,2016,2016-08,True,False
2016-08-17,Pikkol,Logistics,Packers & Movers,Bangalore,Indian Angel Network,Seed / Angel,,2016,2016-08,False,False
2016-08-18,Meesho,E-Commerce,Mobile based eCommerce SAAS platform,Bangalore,"Kashyap Deorah, Rajul Garg, Maninder Gulati",Seed / Angel,,2016,2016-08,False,False
2016-08-18,Sesame Software,Technology,Financial Technology Solutions Provider,Kozhikode,Speridian Technologies,Private Equity,,2016,2016-08,False,False
2016-08-19,Quikr,Consumer Internet,Classified Listings platform,Mumbai,Brand Capital,Private Equity,20000000.0,2016,2016-08,True,False
2016-08-19,Digio,Technology,Aadhar based Document Signing platform,Bangalore,Rainmatter,Private Equity,375000.0,2016,2016-08,True,False
2016-08-19,Ziffity,Technology,Full Service Ecommerce Agency,Chennai,Aspire Systems,Private Equity,,2016,2016-08,False,False
2016-08-22,Zzungry,Consumer Internet,Food Delivery platform,Bangalore,"Satish Vasudeva, Madhusudhan Jujare & Others",Seed / Angel,,2016,2016-08,False,False
2016-08-22,Puro Wellness,Healthcare,"Organic, Natural Food substitute manufacturer",Mumbai,Torrent Group,Private Equity,37000000.0,2016,2016-08,True,False
2016-08-22,Fitternity,Consumer Internet,Fitness Gym & Services Discovery platform,Mumbai,"Saha Fund, Exfinity Venture Partners & Others",Private Equity,,2016,2016-08,False,False
2016-08-23,TAC Security,Technology,Cyber-Security Solutions Provider,New Delhi,Vijay Kedia,Seed / Angel,,2016,2016-08,False,False
2016-08-23,Notesgen,Consumer Internet,Online Notes Sharing Portal,New Delhi,"Riju Gupta, Kamal Chabra",Seed / Angel,100000.0,2016,2016-08,True,False
2016-08-23,NearU,Consumer Internet,Marketing app for retailers,Mumbai,Dr. Goutam Challagalla,Seed / Angel,,2016,2016-08,False,False
2016-08-23,Octo.ai,Technology,Artificial Intelligence based marketing platform,New Delhi,"Outbox Ventures, Jaspreet Bindra, Arjun Malhotra, Rohan Malhotra, Sidharth Rao, Rakesh Agrawal",Seed / Angel,200000.0,2016,2016-08,True,False
2016-08-24,ShaadiSaga,Consumer Internet,Wedding Website Creator,New Delhi,"ah! Ventures, Anupam Mittal, Kunal Shah, Sandeep Tandon, Dheeraj Jain, Rohit Chokhani",Seed / Angel,,2016,2016-08,False,False
2016-08-24,UnaAcademy,Consumer Internet,Free Interactive education platform,Bangalore,"Blume Ventures, Sachin Bansal, Vijay Shekhar Sharma, Binny Bansal, Kunal Shah, Sandeep Tandon, Ashish Tulsian",Private Equity,1000000.0,2016,2016-08,True,False
2016-08-24,Advenio,Technology,Clinical Imaging Solution Provider,Chandigarh,Kalaari Capital,Seed / Angel,100000.0,2016,2016-08,True,False
2016-08-24,Guarented,E-Commerce,Home Furnishing rental marketplace,Bangalore,Kalaari Capital,Seed / Angel,500000.0,2016,2016-08,True,False
2016-08-24,Beyond Evolution,Technology,Mobile Apps & Tech Services provider,Gurgaon,"Vineet Taneja, Kamal Puri",Seed / Angel,,2016,2016-08,False,False
2016-08-24,Uber Dreams,E-Commerce,Dreams fulfilling marketplace,Mumbai,Mohit Lalvani,Seed / Angel,500000.0,2016,2016-08,True,False
2016-08-24,Convegenius,EdTech,Edutainment platform,Noida,Michael and Susan Dell Foundation,Private Equity,900000.0,2016,2016-08,True,False
2016-08-24,UrbanLadder,E-Commerce,Online Furniture Store,Mumbai,Trifecta Capital,Private Equity,3000000.0,2016,2016-08,True,False
2016-08-24,enCashea,Consumer Internet,Scrap Collection and Recycling platform,Bangalore,"Kunal Shah, Sandeep Tandon, Tracxn Labs",Seed / Angel,,2016,2016-08,False,False
2016-08-25,EngineerBabu,Technology,Mobile App & Web Development company,Indore,Scale Ventures,Seed / Angel,,2016,2016-08,False,False
2016-08-25,Cult,Healthcare,Health and Fitness Centres,Bangalore,CureFit,Private Equity,3000000.0,2016,2016-08,True,False
2016-08-25,WitWorks,Technology,Consumer IoT Startup,Bangalore,"Fireside Ventures, Investopad, P39 Capital, Anupam Mittal, Pranay Jivrajka, Maninder Gulati, Abhinav Sinha",Seed / Angel,,2016,2016-08,False,False
2016-08-25,NearFox,Consumer Internet,Local Lifestyle Content and Discovery Platform,Mumbai,"Globevestor Angel Fund, Devendra Rane, Ravi Jain, Arpan Nagdeve",Seed / Angel,,2016,2016-08,False,False
2016-08-25,ZoomCar,Consumer Internet,Self-driven car booking platform,Bangalore,Ford Smart Mobility Llc,Private Equity,24000000.0,2016,2016-08,True,False
2016-08-26,Plix,Consumer Internet,Photo and Video Sharing App,Gurgaon,Instalabs,Seed / Angel,500000.0,2016,2016-08,True,False
2016-08-26,Mobikwik,Consumer Internet,Digital Wallet platform,Gurgaon,Net1 UEPS Technologies Inc,Private Equity,40000000.0,2016,2016-08,True,False
2016-08-26,MyDidi,Consumer Internet,"on-demand, hyper-local Cleaning services provider",Mumbai,Undisclosed Ex Mckinsey Directors and Partners,Seed / Angel,550000.0,2016,2016-08,True,False
2016-08-26,CrownIt,Consumer Internet,Cashback Mobile app,Gurgaon,"Kunal Shah & Sandeep Tandon, Girish Mathrubootham, Anand Chandrasekaran",Seed / Angel,,2016,2016-08,False,False
2016-08-29,LoanTap,Consumer Internet,Lending platform for Salaried professionals,Mumbai,"Dr. Abhishek Pandey, Jaysukh Sapra",Private Equity,3000000.0,2016,2016-08,True,False
2016-08-29,Runnr,Consumer Internet,hyperlocal Logistics services provider,Bangalore,"Nexus Venture Partners, Blume Ventures",Private Equity,7000000.0,2016,2016-08,True,False
2016-08-29,Zolo,Consumer Internet,on-demand online talent marketplace,Noida,Hitouch AG,Private Equity,,2016,2016-08,False,False
2016-08-29,Notion Press,Consumer Internet,Self-Publishing books platform,Chennai,Undisclosed HNI investors,Private Equity,1000000.0,2016,2016-08,True,False
2016-08-29,LivSpace,Consumer Internet,Online portal for Home Design,Bangalore,"Bessemer Venture Partners, Jungle Ventures, Helion Ventures",Private Equity,15000000.0,2016,2016-08,True,False
2016-08-30,iAugmentor Labs,Technology,Assessment & Learning Platform,Gurgaon,Rajasthan Angel Investor Network & Others,Seed / Angel,149000.0,2016,2016-08,True,False
2016-08-30,DayBox,Consumer Internet,Fruit & Vegetable Delivery platform,New Delhi,"Ashutosh Lawania, Rajul Jain, Badal Malick, Rishi Gupta & Others",Seed / Angel,104000.0,2016,2016-08,True,False
2016-08-30,Paytm,E-Commerce,Mobile Wallet & ECommerce platform,Bangalore,MediaTek Inc.,Private Equity,60000000.0,2016,2016-08,True,False
2016-08-30,CropIn,Technology,Agriculture Technology Solutions,Bangalore,Sophia Investment ApS,Private Equity,2000000.0,2016,2016-08,True,False
2016-08-30,Canvera,Consumer Internet,Photographer Discovery & Information platform,Bangalore,Info Edge (India) Ltd,Private Equity,3000000.0,2016,2016-08,True,False
2016-08-30,Prime Focus Technologies,Technology,Hybrid Cloud technology enabled Media ERP platform,Mumbai,Ambit Pragma,Private Equity,,2016,2016-08,False,False
2016-08-31,Flyrobe,E-Commerce,Online fashion rental platform,Mumbai,"IDG Ventures, Sequoia Capital, GREE Ventures",Private Equity,5300000.0,2016,2016-08,True,False
2016-08-31,inclov,Consumer Internet,Matchmaking App for Disabled,Mumbai,"Sarbvir Singh, Raghav Bahl",Seed / Angel,,2016,2016-08,False,False
2016-07-01,RazorPay,Consumer Internet,Online Payment Gateway,Bangalore,MasterCard,Private Equity,,2016,2016-07,False,False
2016-07-01,DarwinBox,Technology,HR Software Services Startup,Hyderabad,"3one4 Capital, Tracxn Labs, Aaruha Technology Fund, Endiya Partners",Seed / Angel,,2016,2016-07,False,False
2016-07-01,Venture Catalysts,Consumer Internet,Seed Investment & Innovation Platform,Mumbai,Zaffiro Ventures,Seed / Angel,500000.0,2016,2016-07,True,False
2016-07-01,PressPlay TV,Consumer Internet,Video Content Discovery Platform,New Delhi,"Sequoia Capital, SD Ventures, Vistaar Investment Advisors Pvt. Ltd.",Private Equity,,2016,2016-07,False,False
2016-07-02,Playment,Consumer Internet,Mobile Marketplace for Crowdsourced Work,Bangalore,SAIF Partners,Private Equity,700000.0,2016,2016-07,True,False
2016-07-04,WealthTrust,Consumer Internet,Wealth Management App,Mumbai,India Quotient,Seed / Angel,,2016,2016-07,False,False
2016-07-04,Curefit,Consumer Internet,Online Preventive Healthcare Platform,Bangalore,"Accel Partners, IDG Ventures, Kalaari Capital",Private Equity,15000000.0,2016,2016-07,True,False
2016-07-04,StitchWood,E-Commerce,Custom Furniture Online,Mumbai,Deepak Gupta,Seed / Angel,200000.0,2016,2016-07,True,False
2016-07-04,Grab,Logistics,hyperlocal logistics service,Mumbai,Aramex Ventures Llc,Private Equity,2000000.0,2016,2016-07,True,False
2016-07-04,Fulfil.IO,Consumer Internet,Cloud Based ERP Software,US,Rajan Anandan,Seed / Angel,,2016,2016-07,False,False
2016-07-04,NeoGrowth,FinTech,SME Lending platform,Mumbai,"IIFL Wealth Management Seed Venture Fund, Omidyar Network, Khosla Impact, Aspada",Private Equity,16000000.0,2016,2016-07,True,False
2016-07-05,SeeDoc,Consumer Internet,Video Based Doctor Consulting platform App,Gurgaon,YourNest Angel Fund & Others,Private Equity,1000000.0,2016,2016-07,True,False
2016-07-05,BookMyShow,Consumer Internet,Event & Movie Ticketing platform,Mumbai,"Stripes Group, Network 18, Accel Partners, SAIF Partners",Private Equity,82000000.0,2016,2016-07,True,False
2016-07-05,Flyrobe,E-Commerce,Online fashion rental platform,Mumbai,"Sequoia Capital, Rohit Bansal, Kunal Bahl, Sandeep Tandon, Kunal Shah, Zishaan Hayath, Abhishek Jain",Seed / Angel,1700000.0,2016,2016-07,True,False
2016-07-06,HappilyUnmarried,E-Commerce,Online Merchandize etailer,New Delhi,Info Edge (India) Ltd,Private Equity,740000.0,2016,2016-07,True,False
2016-07-06,Don\\xe2\\x80\\x99t Scratch Your Head,Technology,Full Stack Offline & Online ERP Solution,Ahmedabad,"Gaurav Singhvi, Zaffiro Ventures",Seed / Angel,250000.0,2016,2016-07,True,False
2016-07-06,Wedding Wishlist,Consumer Internet,"Wedding Wishlist, Gifts & Registry Creation platform",Chennai,"Kirthiga Reddy, Renuka Ramanath,Cherry Tin",Seed / Angel,297000.0,2016,2016-07,True,False
2016-07-07,AppDaily,Technology,Mobile Security App development & Distribution,Mumbai,"Kalaari Capital, Qualcomm Ventures, ru-Net, Zodius Technology Opportunities Fund,",Private Equity,2000000.0,2016,2016-07,True,False
2016-07-07,Adytude,Consumer Internet,Gamified Consumer Insights Portal,New Delhi,Indian Angel Network,Private Equity,1000000.0,2016,2016-07,True,False
2016-07-07,Quickli,Logistics,On-Demand Delivery Startup,Gurgaon,"AVG Group, 500 Startups",Private Equity,,2016,2016-07,False,False
2016-07-07,SpectraVR,Technology,Virtual Reality Content Studio,Mumbai,Rothenberg Ventures,Seed / Angel,,2016,2016-07,False,False
2016-07-08,Pitstop,Consumer Internet,Online Car Repair and Servicing Booking platform,Bangalore,"Alex Chua, Rahul Garg",Seed / Angel,,2016,2016-07,False,False
2016-07-08,HolaChef,Consumer Internet,Online Food Ordering & Delivery Platform,Mumbai,"Kalaari Capital, India Quotient",Private Equity,1950000.0,2016,2016-07,True,False
2016-07-11,Purplle,E-Commerce,Beauty Products Marketplace,Mumbai,"JSW Ventures, Blume Ventures & IvyCap Ventures",Private Equity,6000000.0,2016,2016-07,True,False
2016-07-11,Trak N Tell,Technology,Car Tracking & Safety System,Gurgaon,Brian Acton,Private Equity,3500000.0,2016,2016-07,True,False
2016-07-11,Overcart,E-Commerce,Unboxed & refurbished electronic products marketplace,Gurgaon,"JSW Ventures, Omidyar Network, Sattva Capital, Venture Works",Private Equity,3000000.0,2016,2016-07,True,False
2016-07-12,SirionLabs,Technology,SAAS based Service Agreement Management,Gurgaon,Sequoia Capital,Private Equity,12250000.0,2016,2016-07,True,False
2016-07-12,GyanDhan,Consumer Internet,Education Focused Financing Platform,New Delhi,"Stanford Angels & Entrepreneurs, Harvard Angels",Seed / Angel,,2016,2016-07,False,False
2016-07-12,MintM,Consumer Internet,Digital Marketing & AdTech Platform,Bangalore,"Mumbai Angels, Times Internet",Private Equity,,2016,2016-07,False,False
2016-07-12,HitGrit,Consumer Internet,Online Legal Consultation platform,Chandigarh,"Ashish Mahajan, Sarvesh Sharma",Seed / Angel,,2016,2016-07,False,False
2016-07-12,Find My Stay,Consumer Internet,Online Budget Hotel Aggregator & Booking Platform,New Delhi,"Rishi Parti, Yogesh Bansal",Seed / Angel,,2016,2016-07,False,False
2016-07-13,YAAP,Consumer Internet,"Online Content Discovery, Creation & Distribution Platform",New Delhi,Rainmaker Ventures,Private Equity,5000000.0,2016,2016-07,True,False
2016-07-13,Utoo Cabs,Consumer Internet,Cab aggregation & Rental platform,Chennai,Ajay Piramal,Seed / Angel,,2016,2016-07,False,False
2016-07-13,Twigly,Consumer Internet,Online Food Ordering & Delivery Startup,Gurgaon,"Tracxn Labs, Hyderabad Angels, Kunal Shah, Gaurav Bhalotia",Seed / Angel,600000.0,2016,2016-07,True,False
2016-07-13,ShareChat,Consumer Internet,Vernacular Language Content Creation & Sharing App,Bangalore,"SAIF Partners, India Quotient",Private Equity,1350000.0,2016,2016-07,True,False
2016-07-13,Urban Tailor,Consumer Internet,E-Tailoring service provider,Bangalore,Unitus Seed Fund,Private Equity,,2016,2016-07,False,False
2016-07-13,RentMojo,Consumer Internet,Online Furniture Renting Platform,Bangalore,"Accel Partners, IDG Ventures India",Private Equity,5000000.0,2016,2016-07,True,False
2016-07-13,CityFurnish,Consumer Internet,Online Furniture Renting Platform,Gurgaon,Brand Capital,Seed / Angel,,2016,2016-07,False,False
2016-07-13,HEAL Institute,Healthcare,Sports Focused Healthcare Startup,Mumbai,"Jaspal Bindra, Parth Jindal",Seed / Angel,,2016,2016-07,False,False
2016-07-14,Augrav,E-Commerce,Personalized precious Jewellery etailer,Coimbatore,Keiretsu Forum,Seed / Angel,450000.0,2016,2016-07,True,False
2016-07-14,ShoppinPal,Technology,M-Commerce Solutions for Retail Stores,Pune,"Plug and Play Tech Center, Steelhead Ventures & Others",Private Equity,1070000.0,2016,2016-07,True,False
2016-07-14,TransTutors / AskIITians,Consumer Internet,Online Education & Tutoring portals,New Delhi,500 Startups,Private Equity,,2016,2016-07,False,False
2016-07-15,WorkApps,Technology,Enterprise Work Management Software,Pune,SRI Capital,Seed / Angel,1000000.0,2016,2016-07,True,False
2016-07-15,BankerBay,Consumer Internet,Online Investment Banking platform,Bangalore,undisclosed investors,Private Equity,2000000.0,2016,2016-07,True,False
2016-07-15,BaggOut,E-Commerce,Women\\xe2\\x80\\x99s Fashion etailer,New Delhi,"Sumit Jain, Sumit Jain, Anurag Gupta, Varun Khanna, Faraz Khan",Seed / Angel,,2016,2016-07,False,False
2016-07-15,TripShelf,E-Commerce,Travel Package Marketplace,New Delhi,GEMS group,Seed / Angel,250000.0,2016,2016-07,True,False
2016-07-15,SatvaCart,E-Commerce,Online Grocers,New Delhi,"Abhijit Avasthi, Karan Chellani, SP Vijay",Seed / Angel,,2016,2016-07,False,False
2016-07-15,Ridlr,Consumer Internet,Public Transport Mobile App,Mumbai,"Times Internet, Innoven Capital, Matrix Partners India, Qualcomm Ventures",Private Equity,6000000.0,2016,2016-07,True,False
2016-07-18,Yellowdig,Consumer Internet,Online Learning Platform,Pune,SRI Capital,Seed / Angel,650000.0,2016,2016-07,True,False
2016-07-18,Zuppler,Consumer Internet,Online Food Ordering platform,New Delhi,SRI Capital,Seed / Angel,650000.0,2016,2016-07,True,False
2016-07-18,BlueStone,E-Commerce,Jewellery Etailer,Mumbai,"IIFL and Accel Partners, Kalaari Capital, IvyCap Ventures, RB Investments",Private Equity,30000000.0,2016,2016-07,True,False
2016-07-18,underDOGS,Technology,Game Development Startup,Mumbai,Intelli Reboot Digital Pvt. Ltd,Private Equity,,2016,2016-07,False,False
2016-07-18,ImageProVision,Technology,Image Analysis Solutions,Pune,Satish Jamdar,Seed / Angel,,2016,2016-07,False,False
2016-07-19,Sagacito,Technology,Cloud-Based Enterprise Solutions,New Delhi,Star India Pvt. Ltd,Private Equity,10000000.0,2016,2016-07,True,False
2016-07-19,Deal4Loans / Wishfin,Consumer Internet,Loans Comparison platform (adsbygoogle = window.adsbygoogle || []).push({});,Noida,Franklin Templeton International Services Pvt. Ltd,Private Equity,15000000.0,2016,2016-07,True,False
2016-07-19,NiYO Solutions,Technology,Payroll & Benefits Software solutions,Bangalore,Prime Venture Partners,Private Equity,1000000.0,2016,2016-07,True,False
2016-07-19,AppLop,Consumer Internet,Mobile Apps SaaS Platform,Gurgaon,Green House Ventures Accelerator,Seed / Angel,250000.0,2016,2016-07,True,False
2016-07-20,Tax2Win,Consumer Internet,Online Tax Filing Portal,Jaipur,Undisclosed,Private Equity,1000000.0,2016,2016-07,True,False
2016-07-20,Truckola,Logistics,Tech-focused cargo transport startup,Mumbai,"Abhishek Agarwal, Krishnakumar Nataraj, Sarath Sura, Shanti Mohan, Sarthak and Nihit Agarwal, Suramya Gupta",Seed / Angel,595000.0,2016,2016-07,True,False
2016-07-20,iServe Financial,Consumer Internet,Loan Comparison & Deals platform,Pune,Nilesh Shah,Seed / Angel,,2016,2016-07,False,False
2016-07-21,MyTaxiIndia,Consumer Internet,Online Car rental booking platform,New Delhi,Nihon Kotsu Co,Private Equity,1000000.0,2016,2016-07,True,False
2016-07-21,AbeRuk,E-Commerce,Online Marketplace for books,Bangalore,Swastika Company Pvt Ltd,Seed / Angel,,2016,2016-07,False,False
2016-07-21,Wiwigo,Consumer Internet,Inter-City Taxi Booking platform,Bangalore,Indian Angel Network,Seed / Angel,595000.0,2016,2016-07,True,False
2016-07-21,Drums Food,Food & Beverage,Yogurt and Ice Cream maker,Mumbai,"Verlinvest, DSG Consumer Partners",Unknown,,2016,2016-07,False,False
2016-06-01,Chikoop,Consumer Internet,Free Ad based Voice Calling,Indore,Undisclosed,Seed / Angel,,2016,2016-06,False,False
2016-06-01,BRIDGEi2I,Technology,Data Analytics Platform,Bangalore,Edelweiss Private Equity,Private Equity,,2016,2016-06,False,False
2016-06-02,Droom,E-Commerce,Online marketplace for used automobiles,New Delhi,"Beenext, Digital Garage, Lightbox, Beenos",Private Equity,,2016,2016-06,False,False
2016-06-02,Visit,Consumer Internet,On-Demand Healthcare Service provider,New Delhi,MapmyIndia,Seed / Angel,,2016,2016-06,False,False
2016-06-02,Atomberg,Technology,"smart, energy efficient home appliance manufacturer",Mumbai,Parampara Capital,Private Equity,1000000.0,2016,2016-06,True,False
2016-06-02,Coutloot,E-Commerce,Fashion Re-Commerce Platform,Mumbai,Venture Catalysts,Seed / Angel,,2016,2016-06,False,False
2016-06-02,Limo,Consumer Internet,Bus Aggregator Mobile app,Mumbai,Rainmaker Ventures,Private Equity,1000000.0,2016,2016-06,True,False
2016-06-03,iCliniq,Consumer Internet,Doctor Consultation platform,Bangalore,MadhanKumar Madathupalayam,Seed / Angel,,2016,2016-06,False,False
2016-06-03,GoGo Truck,Consumer Internet,Truck Aggregator & Booking platform,Chennai,Undisclosed Investor,Seed / Angel,75000.0,2016,2016-06,True,False
2016-06-03,Vyome Biosciences,Healthcare,Treatment Development for Antibiotic-resistant diseases,New Delhi,Romulus Capital,Private Equity,2000000.0,2016,2016-06,True,False
2016-06-06,SillyMonks,Consumer Internet,Digital Media and Entertainment Startup,Hyderabad,Sreenivasa Reddy Musani,Seed / Angel,448000.0,2016,2016-06,True,False
2016-06-07,CueMath,EdTech,K-12 Maths Learning Courses,Bangalore,"Sequoia Capital, Unitus Seed Fund",Private Equity,4000000.0,2016,2016-06,True,False
2016-06-07,KrazyBee,Consumer Internet,Student Micro-Loan platform,Bangalore,"Yeahmobi, Fenqile",Private Equity,2000000.0,2016,2016-06,True,False
2016-06-07,Intgrea,Technology,Post merger Integration Partners,Bangalore,Undisclosed Investor,Seed / Angel,100000.0,2016,2016-06,True,False
2016-06-07,HelpShift,Technology,Mobile CRM Platform,Pune,"Microsoft Ventures, Salesforce Ventures",Private Equity,23000000.0,2016,2016-06,True,False
2016-06-07,CreditVidya,Technology,Credit Scoring Platform,Mumbai,Kalaari Capital,Private Equity,1000000.0,2016,2016-06,True,False
2016-06-08,Grey Campus,Consumer Internet,Online Learning Platform,Hyderabad,Sarath Sura,Seed / Angel,1000000.0,2016,2016-06,True,False
2016-06-08,ListUp,E-Commerce,Location based Classified Mobile app,Mumbai,"Kae Capital, Kunal Shah, Sandeep Tandon",Seed / Angel,500000.0,2016,2016-06,True,False
2016-06-08,6Degree,Technology,Tech-enabled Fashion Talent platform,Mumbai,Indian Angel Network,Seed / Angel,200000.0,2016,2016-06,True,False
2016-06-08,Shopwati,Consumer Internet,Online Fashion Discussion Community,Gurgaon,Sanjiv Rai,Seed / Angel,,2016,2016-06,False,False
2016-06-08,Cookifi,Consumer Internet,Online Chef Discovery & Booking Service,Bangalore,"Kunal Shah, Aneesh Reddy, Tracxn Labs, Venkat Tadanki, Krishna Mehra, Amit Rathore",Seed / Angel,,2016,2016-06,False,False
2016-06-08,StoreKing,E-Commerce,Connecting Small Town Consumers to E-Commerce,Bangalore,Axiata Digital,Private Equity,16000000.0,2016,2016-06,True,False
2016-06-08,Wired Hub,Real Estate,Co-Working Spaces,Jaipur,"Ankit Maheshwari, Anand Singh",Seed / Angel,,2016,2016-06,False,False
2016-06-08,MySeniorDoctor,Consumer Internet,Online medical support platform,Gurgaon,BlackJag Partners,Seed / Angel,200000.0,2016,2016-06,True,False
2016-06-09,Teabox,E-Commerce,Online Tea Store,Siliguri,Cameron Jones,Seed / Angel,,2016,2016-06,False,False
2016-06-09,ExtraaEdge,Consumer Internet,Student Acquisition Platform,Pune,"Ritesh Dwivedy, Priti Padhy",Seed / Angel,,2016,2016-06,False,False
2016-06-09,EPayLater,Technology,Fin-Tech Platform,Mumbai,3 undisclosed HNIs,Seed / Angel,2000000.0,2016,2016-06,True,False
2016-06-10,Kyazoonga,E-Commerce,Online event ticketing Platform,Mumbai,Ratan Tata,Seed / Angel,,2016,2016-06,False,False
2016-06-10,Paytunes,Consumer Internet,Mobile based rewards platform,New Delhi,"CIO Angel Network, Indian Angel Network",Private Equity,500000.0,2016,2016-06,True,False
2016-06-10,Kickstart Jobs,Technology,Entry level hiring platform,Gurgaon,"Vivek Joshi, Mohit Satyanand, Amit Banati, Arun Khanna",Seed / Angel,,2016,2016-06,False,False
2016-06-10,Freshee,FMCG,Household packaging & Storage product manufacturer,Mumbai,Edelweiss Private Equity,Private Equity,,2016,2016-06,False,False
2016-06-10,MadRat Games,Technology,Wearable Gaming Platform,Bangalore,"Ratan Tata, Bhavish Aggarwal, Ankit Bhati, Binny Bansal, Girish Mathrubootham",Seed / Angel,,2016,2016-06,False,False
2016-06-11,Jazzmyride,E-Commerce,Auto Parts & Accessories eTailer,New Delhi,TVS Automobile Solutions Ltd,Private Equity,,2016,2016-06,False,False
2016-06-11,AutoSense,Technology,Data Analytics based Customer Management Services,New Delhi,TVS Automobile Solutions Ltd,Private Equity,,2016,2016-06,False,False
2016-06-11,Redsun Telematics,Consumer Internet,Internet of Things Platform,Chennai,TVS Automobile Solutions Ltd,Private Equity,,2016,2016-06,False,False
2016-06-13,KhanaGadi,Consumer Internet,Online Food Delivery for Train Travelers,Jaipur,50K Ventures,Seed / Angel,,2016,2016-06,False,False
2016-06-13,Bombay Shirt Company,E-Commerce,Online custom Shirt retailer,Mumbai,undisclosed investor,Private Equity,1000000.0,2016,2016-06,True,False
2016-06-13,Matrubharti,Consumer Internet,e-Book Publisher,Unknown,Viridian Capital,Seed / Angel,30000.0,2016,2016-06,True,False
2016-06-14,EdTechReview,Consumer Internet,Education based online portal,New Delhi,EVC Ventures,Seed / Angel,,2016,2016-06,False,False
2016-06-14,Bonhomia,Food & Beverage,Premium Tea & Coffee Capsules maker,New Delhi,Valpro Capital and existing investors,Private Equity,,2016,2016-06,False,False
2016-06-14,Gobolt,Logistics,B2B Logistics provider,New Delhi,MCube8,Seed / Angel,,2016,2016-06,False,False
2016-06-14,Jivox,Technology,Data Driven Advertising platform,Bangalore,"You & Mr Jones, Fortisure Ventures, Diaz Nesamoney",Private Equity,6000000.0,2016,2016-06,True,False
2016-06-14,Sminq,Consumer Internet,Queue management Mobile app,Pune,"Saama Capital, Blume Ventures & Vaibhav Domkundwar",Seed / Angel,1000000.0,2016,2016-06,True,False
2016-06-14,CureJoy,Consumer Internet,Online Alternative health community platform,Bangalore,Accel Partners India,Private Equity,4400000.0,2016,2016-06,True,False
2016-06-15,Oneway.cab,Consumer Internet,Taxi Rental Platform,Vadodara,Indian Angel Network,Seed / Angel,450000.0,2016,2016-06,True,False
2016-06-15,GrabOnRent,E-Commerce,On-demand product rental marketplace,Bangalore,IvyCap Ventures and Unicorn India Ventures,Private Equity,,2016,2016-06,False,False
2016-06-16,Diro Labs,Consumer Internet,Contact Management Mobile App,New Delhi,Info Edge (India) Ltd,Private Equity,450000.0,2016,2016-06,True,False
2016-06-16,Unnati Helpers,Consumer Internet,Help Hiring Platform,Gurgaon,Info Edge (India) Ltd,Private Equity,600000.0,2016,2016-06,True,False
2016-06-16,Athletto,Consumer Internet,Sports Venue discovery and booking platform,Bangalore,Atul Ingle,Seed / Angel,,2016,2016-06,False,False
2016-06-16,Saavn,Consumer Internet,Web/Mobile Music Streaming service,USA,Guy Oseary,Private Equity,,2016,2016-06,False,False
2016-06-16,Voonik,E-Commerce,Online Women\\xe2\\x80\\x99s Fashion Marketplace,Bangalore,Sequoia Capital,Private Equity,20000000.0,2016,2016-06,True,False
2016-06-16,ThinkPhi,Technology,Sustainable Green Tech Solution developer,Mumbai,Nimmagadda Prasad,Seed / Angel,,2016,2016-06,False,False
2016-06-17,Cleartax,Consumer Internet,Online Tax Filing Platform,New Delhi,"Ravi Adusumalli, SAIF Partners",Private Equity,12000000.0,2016,2016-06,True,False
2016-06-17,Silvan Innovation Labs,Technology,Home Automation Solutions,Bangalore,Infuse Ventures,Private Equity,900000.0,2016,2016-06,True,False
2016-06-17,GreytHR,Technology,Payroll & HR Software Developer,Bangalore,"New Enterprise Associates (NEA), Blume Ventures",Private Equity,5200000.0,2016,2016-06,True,False
2016-06-17,Duffl,E-Commerce,Fashion Rental Marketplace,Bangalore,BetOnIndia Technology Pvt Ltd,Seed / Angel,,2016,2016-06,False,False
2016-06-17,BYG,Consumer Internet,Fitness centre Discovery & Booking Mobile app,Bangalore,"Sanjay Verma, Amit Khanna (LetsVenture)",Seed / Angel,,2016,2016-06,False,False
2016-06-20,Dipper,E-Commerce,Freight Logistics Marketplace,New Delhi,Undisclosed investor,Seed / Angel,,2016,2016-06,False,False
2016-06-20,Qonfuse,Consumer Internet,Online Test Papers for competitive exams,New Delhi,Hamraj Kumar,Seed / Angel,,2016,2016-06,False,False
2016-06-20,The Indian IRIS,Consumer Internet,Govt Policy Research & Information portal,Ahmedabad,Timbru Ventures,Seed / Angel,,2016,2016-06,False,False
2016-06-21,Onspoon,Consumer Internet,Online Platform for Event Sponsorship,Mumbai,Swan Angel Network,Seed / Angel,150000.0,2016,2016-06,True,False
2016-06-21,REstate,Consumer Internet,Real Estate Platform,Bangalore,Idein Ventures,Seed / Angel,,2016,2016-06,False,False
2016-06-21,Cleartrip,Consumer Internet,Online Travel Agency,Mumbai,"Concur Technologies, Gund Investment",Private Equity,,2016,2016-06,False,False
2016-06-21,ProcMart,Consumer Internet,Online Procurement Marketplace,Noida,IndiaMart,Private Equity,,2016,2016-06,False,False
2016-06-21,Celerix,Technology,Fintech Product Development & Services Startup,Bangalore,Bitkemy Ventures,Seed / Angel,400000.0,2016,2016-06,True,False
2016-06-21,NatureNama,Consumer Internet,Online Outdoors & travel,Mumbai,Unicorn Venture,Seed / Angel,225000.0,2016,2016-06,True,False
2016-06-21,CyclopsMedtech,Technology,Medical Technology Provider,Bangalore,CP Bothra,Seed / Angel,,2016,2016-06,False,False
2016-06-21,Syona Cosmetics,FMCG,Beauty Products & Training to Salons & Spas,Chennai,The Chennai Angels,Seed / Angel,150000.0,2016,2016-06,True,False
2016-06-21,PrettySecrets,E-Commerce,Women Lingerie Store,Mumbai,"RB Investments PTE Ltd, Orios Venture Partners",Private Equity,6000000.0,2016,2016-06,True,False
2016-06-22,SpiderG,Consumer Internet,Online invoice app for SMEs,Pune,"Rahul Kirloskar, Fusion Tech Ventures, Adi Saravanan, Pravin Dongre, Mahendra Doshi",Seed / Angel,150000.0,2016,2016-06,True,False
2016-06-23,FarEye,Technology,Logistics Management Software,New Delhi,Saif Partners,Private Equity,3500000.0,2016,2016-06,True,False
2016-06-23,The Uolo,Consumer Internet,School Parent Communication App,Bangalore,"Purvi Ventures, Rajul Garg, Vipin Arora",Seed / Angel,210000.0,2016,2016-06,True,False
2016-06-23,Staqu,Technology,Artificial Intelligence based search platform,Gurgaon,Indian Angel Network,Seed / Angel,,2016,2016-06,False,False
2016-06-23,Padhopadhao,Consumer Internet,Home Tutors search & Discovery,New Delhi,Rise India,Private Equity,,2016,2016-06,False,False
2016-06-24,Drivify,Consumer Internet,Professional Driver discovery & Booking Mobile app,Mumbai,"Jitendra Gupta, Pankaj Tripathi",Seed / Angel,50000.0,2016,2016-06,True,False
2016-06-24,PratiLipi,Consumer Internet,Multi-Lingual self-publishing platform,Bangalore,Nexus Venture Partners,Seed / Angel,,2016,2016-06,False,False
2016-06-24,ParaBlu,Technology,Cloud Data Security & Privacy Solutions,Bangalore,Kalaari Capital,Seed / Angel,500000.0,2016,2016-06,True,False
2016-06-24,Schedulers Logistics,Logistics,Cold Storage Logistics solutions,Mumbai,GVFL,Private Equity,6000000.0,2016,2016-06,True,False
2016-06-24,LEAP India,Others,Supply Chain Equipment & Services provider,Mumbai,Mayfield Ventures,Private Equity,3000000.0,2016,2016-06,True,False
2016-06-24,KabadiExpress,Others,Free Door Step Scrap Pickup Service,New Delhi,Undisclosed investor,Seed / Angel,148000.0,2016,2016-06,True,False
2016-06-27,YourDost,Consumer Internet,Online counselling & Personal coaching platform,Bangalore,"SAIF Partners, Aprameya Radhakrishnan, Phanindra Sama, Subba Rao Telidevara, Vibhu Garg, Paula Ravindra Mariwala, Gaurav Bhalotia",Seed / Angel,1200000.0,2016,2016-06,True,False
2016-06-27,Gomalon,Consumer Internet,Online Spa & Salon discovery & Booking platform,Bangalore,Undisclosed investor,Seed / Angel,100000.0,2016,2016-06,True,False
2016-06-27,Voler Cars,Consumer Internet,Self-Driven Car rental platform,New Delhi,"Kanodia family, Amit Banka",Seed / Angel,,2016,2016-06,False,False
2016-06-27,Travelyaari,Consumer Internet,Online ticket booking platform,Bangalore,GVFL Ltd,Private Equity,3000000.0,2016,2016-06,True,False
2016-06-28,FabHotels,Consumer Internet,Online Hotel aggregator & Booking platform,Gurgaon,"Accel Partners, RB Investments",Private Equity,8000000.0,2016,2016-06,True,False
2016-06-28,Locanix,Technology,GPS based SaaS Solutions,Ahmedabad,Undisclosed,Seed / Angel,300000.0,2016,2016-06,True,False
2016-06-28,LendingKart,Consumer Internet,Online Working Capital Business Loans Platform,Ahmedabad,"Bertelsmann India Investments, Mayfield India, Saama Capital, India Quotient",Private Equity,32000000.0,2016,2016-06,True,False
2016-06-28,Hello Tax,Consumer Internet,Online Tax Filing Platform,New Delhi,Sanjeev Sinha,Seed / Angel,295000.0,2016,2016-06,True,False
2016-06-28,MySuperBrain,Consumer Internet,Online Talent Discovery Platform for Kids,Hyderabad,Soniks Consulting,Seed / Angel,,2016,2016-06,False,False
2016-06-28,BlogBeats,Consumer Internet,Online Blogging Platform,Bangalore,Undisclosed Investor,Seed / Angel,,2016,2016-06,False,False
2016-06-29,LetReach,E-Commerce,ECommerce SAAS Solutions,New Delhi,vCommission,Private Equity,100000.0,2016,2016-06,True,False
2016-06-29,TrendieApp,Technology,Visual Content Marketing,Kolkata,Harsh Vardhan Hada,Seed / Angel,50000.0,2016,2016-06,True,False
2016-06-29,ImpactGuru,Consumer Internet,Crowdfunding Platform,Mumbai,Piyush Jain,Seed / Angel,,2016,2016-06,False,False
2016-06-29,Velvetcase,E-Commerce,Online designer jewellery marketplace,Mumbai,"Uniqorn Ventures Fund, TV Mohandas Pai, S Somasegar",Private Equity,1500000.0,2016,2016-06,True,False
2016-06-30,Meru Cabs,Consumer Internet,Online/ Mobile Tax Cab booking,Mumbai,Brand Capital,Private Equity,25000000.0,2016,2016-06,True,False
2016-06-30,Campus Diaries,Consumer Internet,Student focussed Content Discovery portal,Bangalore,Aarin Capital,Seed / Angel,220000.0,2016,2016-06,True,False
2016-06-30,Scripbox,Consumer Internet,Online Mutual Fund Investment platform,Bangalore,"Omidyar Network, Accel Partners & existing investors",Private Equity,,2016,2016-06,False,False
2016-06-30,Biryani Blues,Food & Beverage,QSR Chain,Gurgaon,Carpediem Capital & Others,Private Equity,368000.0,2016,2016-06,True,False
2016-05-01,MotoMojo,Consumer Internet,Mobile based Vehicle maintenance App,Mumbai,"Niloufer Dundh, Fauzan Rahim, Balamurugan Mani,",Seed / Angel,,2016,2016-05,False,False
2016-05-01,Get My Parking,Technology,Parking Technology Platform,New Delhi,The Chennai Angels,Seed / Angel,376000.0,2016,2016-05,True,False
2016-05-01,Prescribez,Consumer Internet,Health Service Aggregator Platform,Pune,Ankush Mehta,Seed / Angel,145000.0,2016,2016-05,True,False
2016-05-02,Airwood,Technology,Agri Data & Analytics Platform,Chennai,StartupXseed Ventures,Seed / Angel,,2016,2016-05,False,False
2016-05-03,Mobikwik,Consumer Internet,Mobile & Digital Wallet,Gurgaon,"GMO Payment Gateway, MediaTek",Private Equity,50000000.0,2016,2016-05,True,False
2016-05-03,iDreamCareer,Consumer Internet,Career Planning Services Portal,New Delhi,Brand Capital,Private Equity,,2016,2016-05,False,False
2016-05-03,Zwayam,Consumer Internet,Online Recruitment Platform,Bangalore,Undisclosed,Seed / Angel,250000.0,2016,2016-05,True,False
2016-05-03,BoiBanit,Consumer Internet,Online Food Delivery platform,Vadodara,Undisclosed,Seed / Angel,,2016,2016-05,False,False
2016-05-03,Zuver,Consumer Internet,Car driver Discovery App,Mumbai,"Shruth & Smith Group, Hermes Group",Seed / Angel,180000.0,2016,2016-05,True,False
2016-05-03,Prepathon,EdTech,Competitive Exam learning platform,Mumbai,Blume Ventures,Private Equity,,2016,2016-05,False,False
2016-05-04,EasyRoads,Consumer Internet,Road Trip planning Mobile app,Mumbai,"Rohan Angrish, Hrishi Oberoi, Rahul Mehta, Kapil Hetamsaria, Pranav Dedhia",Seed / Angel,200000.0,2016,2016-05,True,False
2016-05-04,Lenskart,E-Commerce,Eyewear & Accessories etailer,New Delhi,"International Finance Corp, TPG Growth, Adveq Management, IDG Ventures, Ratan Tata, Kris Gopalakrishnan",Private Equity,60000000.0,2016,2016-05,True,False
2016-05-04,Seclore,Technology,Enterprise Security Technology platform,Mumbai,"Sistema Asia Fund, Helion Venture, VentureEast, India Alternatives",Private Equity,12000000.0,2016,2016-05,True,False
2016-05-04,SolarTown,Technology,Solar Rooftop system installation company,Chennai,Grex.in,Seed / Angel,200000.0,2016,2016-05,True,False
2016-05-04,Comarete,Technology,Telecom & Media IT services company,Pune,Grex.in,Seed / Angel,200000.0,2016,2016-05,True,False
2016-05-04,MyDentistChoice,E-Commerce,Medical Supplies eTailer,Hyderabad,Undisclosed,Seed / Angel,150000.0,2016,2016-05,True,False
2016-05-04,Active.ai,Technology,Intelligent Tech platform for Finance vertical,Singapore,Kalaari Capital Accelerator Program,Seed / Angel,500000.0,2016,2016-05,True,False
2016-05-04,Affordplan,Technology,Affordable non-emergency medical service health plans,New Delhi,Kalaari Capital Accelerator Program,Seed / Angel,500000.0,2016,2016-05,True,False
2016-05-04,Indee,Consumer Internet,Web Video Streaming Platform,Bangalore,Kalaari Capital Accelerator Program,Seed / Angel,500000.0,2016,2016-05,True,False
2016-05-05,Unbxd,Technology,eCommerce product discovery software,New Delhi,"IDG Ventures, Inventus Capital, Indian Angel Network",Private Equity,,2016,2016-05,False,False
2016-05-05,WebAlligator,Consumer Internet,Cloud Based Software Solutions,Bangalore,Group of undisclosed Angel Investors & HNIs,Seed / Angel,375000.0,2016,2016-05,True,False
2016-05-06,EduAce Services,EdTech,Education Workshops & mentoring programs,Lucknow,MoMagic Technologies,Private Equity,1000000.0,2016,2016-05,True,False
2016-05-06,Meesho,E-Commerce,Social commerce platform,Bangalore,Rajul Garg & Others,Seed / Angel,,2016,2016-05,False,False
2016-05-07,Zebroads,Logistics,Logistics and Warehousing services,Hyderabad,Undisclosed,Seed / Angel,75000.0,2016,2016-05,True,False
2016-05-09,Locus,Technology,Logistics Intelligence platform,Bangalore,"Exfinity Venture Partners, Blume Ventures, BeeNext, Rajesh Ranavat",Private Equity,2750000.0,2016,2016-05,True,False
2016-05-09,Toko Innovations,Consumer Internet,Children\\xe2\\x80\\x99s Entertainment Portal,Bangalore,"Roopak Saluja, Vishal Khare",Seed / Angel,450000.0,2016,2016-05,True,False
2016-05-09,Rentickle,E-Commerce,"Furniture, appliances Portal",New Delhi,"Manish Kheterpal, Vinay Mittal, Dinesh Mittal, Sandeep Gupta",Seed / Angel,250000.0,2016,2016-05,True,False
2016-05-10,HealthifyMe,Consumer Internet,Health & Fitness App,Bangalore,"IDG Ventures India, Inventus Capital, Blume Ventures",Private Equity,6000000.0,2016,2016-05,True,False
2016-05-10,Zarget,Consumer Internet,Conversion Rate Optimization Platform,Chennai,"Accel Partners, Matrix Partners, Girish Mathrubootham",Private Equity,1500000.0,2016,2016-05,True,False
2016-05-10,InnoNano Research,Technology,Clean Water Technology,Chennai,NanoHoldings,Private Equity,18000000.0,2016,2016-05,True,False
2016-05-10,SchoolWear,E-Commerce,School Uniform & Supplies Marketplace,Mumbai,Undisclosed,Seed / Angel,1500000.0,2016,2016-05,True,False
2016-05-10,Swiggy,Consumer Internet,Food Delivery Platform,Bangalore,"Norwest Venture Partners, DST Global, Accel Partners",Private Equity,7000000.0,2016,2016-05,True,False
2016-05-11,Zenify,Consumer Internet,Home rental Discovery & Booking Portal,Bangalore,Undisclosed,Private Equity,900000.0,2016,2016-05,True,False
2016-05-11,Faircent,Consumer Internet,Online Peer to Peer Lending platform,Gurgaon,"JM Financial Products Ltd, Arun Tadanki, Doreswamy Nandkishore, Kshitij Jain",Private Equity,,2016,2016-05,False,False
2016-05-11,Fractal Analytics,Technology,Data Analytics Company,Mumbai,Khazanah Nasional Berhad,Private Equity,100000000.0,2016,2016-05,True,False
2016-05-12,Unacademy,Consumer Internet,Free Online Education Platform,Bangalore,"Blume Ventures, Rajan Anandan, Sumit Jain, Aprameya Radhakrishna, Sujeet Kumar, Phanindra Sama",Seed / Angel,500000.0,2016,2016-05,True,False
2016-05-12,Capital Float,Consumer Internet,Online Lending Platform,Bangalore,"Creation Investments Capital Management, SAIF Partners, Sequoia Capital, Aspada Ventures",Private Equity,25000000.0,2016,2016-05,True,False
2016-05-12,Life Circle,Healthcare,Senior Healthcare Services,Hyderabad,GROUPE SOS,Private Equity,150000.0,2016,2016-05,True,False
2016-05-12,Dream Wallets,Consumer Internet,Online Crowdfunding platform,Jaipur,"Rakesh Gupta, Aditya Aggarwal, Siddharth Banerjee, Vikas Ranjan, Anshul Jindal, Sunil Koul, and Sanjeev Agrawal",Seed / Angel,,2016,2016-05,False,False
2016-05-12,ShabdNagari,Consumer Internet,Hindi social networking portal,Kanpur,ah! Ventures,Seed / Angel,,2016,2016-05,False,False
2016-05-12,Galleri5,Consumer Internet,Visual Content Discovery platform,Bangalore,"Phanindra Sama, Raghunandan G,",Seed / Angel,,2016,2016-05,False,False
2016-05-12,Derbii,Logistics,Carpooling Services,Gurgaon,Anurag Chauhan,Seed / Angel,,2016,2016-05,False,False
2016-05-13,StayZilla,Consumer Internet,Budget Room Aggregator Booking platform,Chennai,"Matrix Partners, Nexus Ventures",Private Equity,13500000.0,2016,2016-05,True,False
2016-05-13,WoW Express,Logistics,E-Commerce Logistics Solutions,Mumbai,Undisclosed Investors & Tamarind Family Private Trust,Private Equity,2200000.0,2016,2016-05,True,False
2016-05-16,Smartivity,E-Commerce,Smart Learning products,New Delhi,"S Chand, AdvantEdge Partners",Private Equity,1000000.0,2016,2016-05,True,False
2016-05-16,BedBathMore,Consumer Internet,Home Decor eMarketplace,Mumbai,"Kinnevik Group, Rocket Internet",Private Equity,,2016,2016-05,False,False
2016-05-17,Murgency,Consumer Internet,Medical Emergency Response App,Mumbai,Rata Tata,Private Equity,,2016,2016-05,False,False
2016-05-17,Crownit,Consumer Internet,Mobile customer rewards management platform,Gurgaon,"Undisclosed investors, Accel Partners, Helion Venture Partners",Private Equity,,2016,2016-05,False,False
2016-05-17,Blinge,E-Commerce,Apparel Rental platform,Mumbai,"Anupam Mittal, Anuj Srivastava, Ankit Nagori",Seed / Angel,,2016,2016-05,False,False
2016-05-18,TheSmartQ,Consumer Internet,Food Ordering Mobile App,Bangalore,YourNest Angel Fund,Seed / Angel,250000.0,2016,2016-05,True,False
2016-05-18,PurpleHealth,Consumer Internet,Online health-on-demand platform,Trivandrum,Katabole Technology Venture,Seed / Angel,100000.0,2016,2016-05,True,False
2016-05-18,Fundamentor,EdTech,Aptitude Development Program,Pune,Subramanya SV,Seed / Angel,,2016,2016-05,False,False
2016-05-18,EduPristine,EdTech,Online Certification Courses,Mumbai,"Kaizen Management Advisors, DeVry Inc",Private Equity,10000000.0,2016,2016-05,True,False
2016-05-18,BhiveWorkspace,Reality,Co-Working Spaces,Bangalore,Blume Ventures,Private Equity,1000000.0,2016,2016-05,True,False
2016-05-18,Parentlane,Consumer Internet,Parenting & Child Care app,Bangalore,"Sujeet Kumar, Aprameya, Sumit Jain, Subramanya Venkat, Venk, Ravi Machani, Hitesh Gupta, Rohit Choudhary",Seed / Angel,,2016,2016-05,False,False
2016-05-19,Appie,Consumer Internet,Location-based offline retail discovery platform,Mumbai,Undisclosed,Seed / Angel,1000000.0,2016,2016-05,True,False
2016-05-19,Niki.ai,Technology,Artificial Intelligence Platform,Bangalore,Ratan Tata,Private Equity,,2016,2016-05,False,False
2016-05-19,TaxiVaxi,Consumer Internet,Cab Aggregating Platform,New Delhi,Undisclosed HNIs,Seed / Angel,500000.0,2016,2016-05,True,False
2016-05-19,Veqta,Consumer Internet,On Demand Digital Sports Network,New Delhi,"Chatsworth Management, ITW Digital",Seed / Angel,500000.0,2016,2016-05,True,False
2016-05-20,i2ifunding,Consumer Internet,Online Peer to Peer Funding,Noida,Undisclosed,Seed / Angel,300000.0,2016,2016-05,True,False
2016-05-23,EduRev,Consumer Internet,Online Learning Platform,Gurgaon,Pradeep Reddy Kamasan,Seed / Angel,,2016,2016-05,False,False
2016-05-23,Hoppingo,Consumer Internet,Fashion Discovery platform,New Delhi,vCommission,Seed / Angel,89000.0,2016,2016-05,True,False
2016-05-24,Eatonomist,Consumer Internet,Food Delivery Platform,Gurgaon,MCube Capital Advisors Pvt Ltd,Seed / Angel,,2016,2016-05,False,False
2016-05-24,Goalwise,Consumer Internet,Online investment platform,Bangalore,Undisclosed HNIs,Seed / Angel,1000000.0,2016,2016-05,True,False
2016-05-25,Roast,Consumer Internet,Mobile entertainment App,New Delhi,Indian Angel Network,Seed / Angel,,2016,2016-05,False,False
2016-05-25,Address Health,Healthcare,Pediatric Primary Healthcare Network,Bangalore,Gray Matters Capital,Private Equity,1500000.0,2016,2016-05,True,False
2016-05-25,Arcatron Mobility,Technology,Mobility Devices for differently abled,Pune,Sudhir Mehta,Seed / Angel,100000.0,2016,2016-05,True,False
2016-05-25,SheThePeople,Consumer Internet,Digital platform for Women,New Delhi,Anand Mahindra,Seed / Angel,,2016,2016-05,False,False
2016-05-26,Cleartax,Consumer Internet,Online Income Tax Filing platform,Bangalore,"FF Angel, Sequoia Capital",Private Equity,2000000.0,2016,2016-05,True,False
2016-05-26,Consure Medical,Healthcare,Medical Devices Kit manufacturer,New Delhi,"Accel Partners, Indian Angel Network, India Innovation Fund India Venture Partners",Private Equity,,2016,2016-05,False,False
2016-05-26,mChamp,Consumer Internet,Celebrity Entertainment Contest App,New Delhi,MoMagic Technologies,Seed / Angel,475000.0,2016,2016-05,True,False
2016-05-27,Pianta,Consumer Internet,Online healthcare service discovery platform,Bangalore,"Kunal Shah, Sandeep Tandon",Seed / Angel,,2016,2016-05,False,False
2016-05-30,Vahanalytics,Technology,Safe driving Analytics platform,Mumbai,"Anirudh Damani, Vikram Lakhotia",Seed / Angel,200000.0,2016,2016-05,True,False
2016-05-31,Play Your Sport,Consumer Internet,Location based Sports & Fitness Discovery App,New Delhi,Ashish Gupta and other undisclosed investors,Seed / Angel,,2016,2016-05,False,False
2016-05-31,Koovs,E-Commerce,Apparel & Lifestyle eTailer,New Delhi,HT Media Ltd,Private Equity,4400000.0,2016,2016-05,True,False
2016-05-31,CCavenue,Consumer Internet,Payment Gateway,Mumbai,NSI Infinium Global Pvt. Ltd,Private Equity,8900000.0,2016,2016-05,True,False
2016-05-31,1mg,E-Commerce,Online Pharmacy,Gurgaon,HBM Healthcare Investments,Private Equity,,2016,2016-05,False,False
2016-05-31,Tpot,Food & Beverage,QSR Chain,Gurgaon,Ashish Gupta,Seed / Angel,,2016,2016-05,False,False
2016-05-31,MachaDalo,Consumer Internet,Hyperlocal Advertising Platform,Mumbai,Undisclosed,Seed / Angel,175000.0,2016,2016-05,True,False
2016-04-01,Dil Mil,Consumer Internet,Matchmaking Mobile App,SFO,"Nelstone Ventures, Transmedia Capital, Maiden Lane Ventures, CSC Upshot & Angel investors",Private Equity,2700000.0,2016,2016-04,True,False
2016-04-01,PicsDream,Consumer Internet,Online Marketplace for Photographers,New Delhi,Raman Roy,Seed / Angel,,2016,2016-04,False,False
2016-04-01,Process 9,Consumer Internet,online translation and transliteration,Gurgaon,"Indian Angel Network, Alok Sharma, Kris Gopalakrishnan, Saurabh Srivastava, and Ajai Chowdhry",Seed / Angel,,2016,2016-04,False,False
2016-04-04,Housing,Consumer Internet,Real Estate Portal,Mumbai,Vineet Singh,Private Equity,,2016,2016-04,False,False
2016-04-04,Roll Mafia,Food & Beverage,Rolls & Biryanis QSR chain,Pune,Equentia Natural Resource & Other undisclosed investors,Seed / Angel,,2016,2016-04,False,False
2016-04-04,Hungama,Consumer Internet,Digital Media Entertainment Portal,Mumbai,Xiaomi Inc,Private Equity,25000000.0,2016,2016-04,True,False
2016-04-04,Highway Delite,Consumer Internet,Various Highway Help Services,Bangalore,N.S. Raghavan Centre for Entrepreneurial Learning,Seed / Angel,,2016,2016-04,False,False
2016-04-05,Cult Fitness,Healthcare,Healthcare training programs,Bangalore,Mukesh Bansal,Seed / Angel,,2016,2016-04,False,False
2016-04-05,Haptik,Technology,Personal Assistant App,Mumbai,Times Internet Ltd,Private Equity,,2016,2016-04,False,False
2016-04-05,Servify,Consumer Internet,Gadget & Appliances Service App,Mumbai,"Blume Ventures, Barkawi Holdings GmbH, TM Service Technology Holdings GmbH",Private Equity,,2016,2016-04,False,False
2016-04-06,Shipsy,Logistics,Logistics Solutions,Gurgaon,DTDC Express Ltd,Private Equity,1000000.0,2016,2016-04,True,False
2016-04-06,gear6,Consumer Internet,Online bike service and repairs platform,Bangalore,Ninestarter,Seed / Angel,500000.0,2016,2016-04,True,False
2016-04-06,MyGlamm,Consumer Internet,Mobile based on-demand Beauty Services platform,Mumbai,L\\xe2\\x80\\x99Occitane,Private Equity,6000000.0,2016,2016-04,True,False
2016-04-06,Petoo,Consumer Internet,Online Food Delivery Platform,Bangalore,Axilor Ventures,Private Equity,1000000.0,2016,2016-04,True,False
2016-04-07,Truly Social,Consumer Internet,Mobile Gaming Studio,London,Nazara Technologies Pvt Ltd,Private Equity,,2016,2016-04,False,False
2016-04-08,Little Black Book,Consumer Internet,"Curated Food, event & Lifestyle guide",New Delhi,"IDG, Indian Angel Network",Seed / Angel,,2016,2016-04,False,False
2016-04-08,Vahan,EdTech,Mobile Education Platform,Chennai,Villgro,Seed / Angel,,2016,2016-04,False,False
2016-04-08,imedilane,Consumer Internet,Online Health Diagnosis platform,New Delhi,"Mahendra Patel, Nilender Chauhan",Seed / Angel,40000.0,2016,2016-04,True,False
2016-04-11,Living Local,Consumer Internet,Social discovery platform,Mumbai,Rattan Chadha,Seed / Angel,200000.0,2016,2016-04,True,False
2016-04-11,Vegfru,E-Commerce,Online Fruit & Vegetable Marketplace,New Delhi,Wingify,Seed / Angel,,2016,2016-04,False,False
2016-04-11,OYO,Consumer Internet,Online Branded Budget Room Booking Service,New Delhi,"Softbank, Sequoia Capital, Lightspeed Venture Partners, Greenoaks Capital, DSG Consumer Partners and Venture Nursery",Private Equity,100000000.0,2016,2016-04,True,False
2016-04-11,PriceRaja,Consumer Internet,Price Comparison Portal,Gurgaon,Prashant Puri,Seed / Angel,300000.0,2016,2016-04,True,False
2016-04-12,MagicX,Consumer Internet,On-Demand Task Management App,Bangalore,"Kris Gopalakrishnan, Dr. Ranjan Pai",Seed / Angel,1000000.0,2016,2016-04,True,False
2016-04-12,Happydemic,Consumer Internet,Artist Discovery & Booking platform,Mumbai,Shaan,Seed / Angel,,2016,2016-04,False,False
2016-04-12,LenDenClub,FinTech,Peer-to-Peer Lending Platform,Mumbai,"Anirudh Damani, Daud Ali, Narendra Karnavat, Vikas Kapoor, Vikram Lakhotia, Krishna Jhunjhunwaala, Jayesh Shah",Seed / Angel,,2016,2016-04,False,False
2016-04-12,Indi,Consumer Internet,Video Social Network,Unknown,Anil Kapoor,Seed / Angel,,2016,2016-04,False,False
2016-04-13,Legalraasta,Consumer Internet,Online legal Services for Startups,New Delhi,"Pravin Khandelwal, Yatin Kumar Jain",Seed / Angel,1000000.0,2016,2016-04,True,False
2016-04-13,RainCan,Consumer Internet,Subscription-based grocery delivery Mobile App,Pune,Dr. Aniruddha Malpani,Seed / Angel,150000.0,2016,2016-04,True,False
2016-04-13,Hippily,E-Commerce,Fashion ECommerce App,Mumbai,"Dr. Sridhar Ramaswamy, Rakesh Mathur",Seed / Angel,250000.0,2016,2016-04,True,False
2016-04-13,kredX,E-Commerce,Invoice discounting Marketplace,Bangalore,"Prime Venture Partners,",Seed / Angel,750000.0,2016,2016-04,True,False
2016-04-14,Wedwise,Consumer Internet,Wedding related services community,New Delhi,StartUp Equity Partners,Seed / Angel,,2016,2016-04,False,False
2016-04-14,BeaconsTalk,Technology,contextual mobile advertising,Mumbai,"Rajeev Agrawal, Prashant Gooty",Seed / Angel,100000.0,2016,2016-04,True,False
2016-04-15,Deal 4Loans,Consumer Internet,Loan Comparison Portal,Noida,"Ram Shriram, Neeraj Arora, Puru Vashishtha",Seed / Angel,,2016,2016-04,False,False
2016-04-15,RenewBuy,Consumer Internet,Online Car & Bike Insurance Comparison portal,New Delhi,Mount Nathan Advisors,Seed / Angel,1000000.0,2016,2016-04,True,False
2016-04-15,Blue Box Media,Consumer Internet,Online Tech Portals,Jaipur,"Mahavir Pratap Sharma, Ajay Data, Yogesh Chaudhary, Sanjay Phophaliya, Siddharth Agarwal, Kamal Kothari",Seed / Angel,,2016,2016-04,False,False
2016-04-15,Vyomo,Consumer Internet,On-Demand Beauty Service provider,New Delhi,Naturals Salon Chain,Private Equity,15000000.0,2016,2016-04,True,False
2016-04-15,Organicshop,E-Commerce,Marketplace for organic products,Jaipur,"Vivek Nathani, Yogesh Chaudhary, Mahavir Pratap Sharma, Kamal Kothari, H C Jain",Seed / Angel,,2016,2016-04,False,False
2016-04-15,MInd Your Fleet,Consumer Internet,Car Rental Software,Noida,Undisclosed,Seed / Angel,,2016,2016-04,False,False
2016-04-15,NestAway,Consumer Internet,Furnished Home Rental Platform,Bangalore,Tiger Global,Private Equity,30000000.0,2016,2016-04,True,False
2016-04-15,Tapchief,Consumer Internet,Expert Advice Platform,Bangalore,Vijay Shekhar Sharma,Seed / Angel,150000.0,2016,2016-04,True,False
2016-04-18,Rapido,Consumer Internet,Bike Aggregator App,Bangalore,"Pawan Munjal, AdvantEdge Partners, Astarc Ventures",Private Equity,,2016,2016-04,False,False
2016-04-18,Yufta,E-Commerce,Women\\xe2\\x80\\x99s Fashion ECommerce Portal,Bangalore,Ajay Data & other HNIs,Seed / Angel,,2016,2016-04,False,False
2016-04-18,Smytten,E-Commerce,Online Discovery and Shopping Platform,Gurgaon,Rajan Anandan,Seed / Angel,,2016,2016-04,False,False
2016-04-18,Houssup,Consumer Internet,interior design and home furnishing portal,Jaipur,"Mitin Patel, Gaurav Agarwal",Seed / Angel,,2016,2016-04,False,False
2016-04-18,Jugnoo,Consumer Internet,On-demand Delivery & Logistics platform,Chandigarh,Paytm & existing investors,Private Equity,10000000.0,2016,2016-04,True,False
2016-04-18,Tork Motocycles,Auto,Electric Motorcycle Manufacturer,Pune,"Bhavish Aggarwal, Ankit Bhati",Seed / Angel,,2016,2016-04,False,False
2016-04-19,Betaout,E-Commerce,customer intelligence and marketing automation platform,Noida,"Stanford Angels, LetsVenture, Chennai Angels, Hyderabad Angels, Mumbai Angels",Private Equity,1500000.0,2016,2016-04,True,False
2016-04-19,DriversCart,Consumer Internet,on-demand chauffeur provider,Chennai,ah! Ventures,Seed / Angel,450000.0,2016,2016-04,True,False
2016-04-19,LensKart,E-Commerce,Eyewear etailing platform,New Delhi,Ratan Tata,Private Equity,,2016,2016-04,False,False
2016-04-19,CollegeDekho,Consumer Internet,College & Student information platform,New Delhi,Man Capital,Private Equity,2000000.0,2016,2016-04,True,False
2016-04-19,OYOfit,Consumer Internet,Fitness Services Aggregator platform,Bangalore,RN Agarwal,Seed / Angel,,2016,2016-04,False,False
2016-04-19,Oliveboard,Consumer Internet,Online exam practice & preparation platform,Bangalore,India Educational Investment Fund,Private Equity,,2016,2016-04,False,False
2016-04-19,Simplilearn,Consumer Internet,Online certification platform,Bangalore,Brand Capital,Private Equity,,2016,2016-04,False,False
2016-04-20,1mg,E-Commerce,Online Pharmacy,Gurgaon,"Maverick Capital Ventures, Sequoia Capital, Omidyar Network",Private Equity,15000000.0,2016,2016-04,True,False
2016-04-20,Fashalot,Consumer Internet,Fashion and Store discovery mobile app,New Delhi,"YourNest Angel Fund, Rajul Garg",Seed / Angel,,2016,2016-04,False,False
2016-04-20,Broomberg,Consumer Internet,Cleaning Services Provider,New Delhi,Undisclosed Angel investors & HNIs,Seed / Angel,,2016,2016-04,False,False
2016-04-21,m.paani,Consumer Internet,Loyalty rewards platform,Mumbai,"Blume Ventures, Adil Allana, Aprameya Radhakrishna, Gautam Ivatury, Signal Point Partners",Seed / Angel,,2016,2016-04,False,False
2016-04-21,Yufta,E-Commerce,hyperlocal fashion retail platform,Jaipur,Ajay Data & undisclosed HNIs,Seed / Angel,,2016,2016-04,False,False
2016-04-21,mishTag,Consumer Internet,"Style, Fashion Discovery Mobile app",New Delhi,"M&Y Partners, SVG Media, Anthil Ventures & others",Seed / Angel,,2016,2016-04,False,False
2016-04-21,Advanced Structures India,Auto,Automotive Design and Engineering company,Bangalore,GirnarSoft,Private Equity,,2016,2016-04,False,False
2016-04-22,Licious,E-Commerce,Mobile based Meat ordering App,Bangalore,Mayfield India II Management Ltd,Private Equity,3000000.0,2016,2016-04,True,False
2016-04-22,Knolskae,Consumer Internet,Educational Gamification & Simulation platform,Bangalore,"Inventus Capital Partners, HR Fund",Private Equity,,2016,2016-04,False,False
2016-04-22,Druva,Technology,Converged Backup & Data Protection Solutions for Enterprises,Pune,"NTT Finance, Telephone Corporation",Private Equity,,2016,2016-04,False,False
2016-04-22,TOKO Innovation Studios,Consumer Internet,Children\xe2\x80\x99s Entertainment Games & Products,New Delhi,Indian Angel network,Seed / Angel,450000.0,2016,2016-04,True,False
2016-04-25,Commut,Consumer Internet,Shuttle Service Provider,Hyderabad,50K Ventures,Seed / Angel,200000.0,2016,2016-04,True,False
2016-04-25,intouchapp,Consumer Internet,Contact Management Mobile App,Pune,Blume Ventures,Seed / Angel,,2016,2016-04,False,False
2016-04-25,Dropkaffe,Food & Beverage,Ready-to-Drink Beverage Producer,Bangalore,"GrowthStory, Apurva Salapuria, Hitesh Oberoi, Sidharth Pansari, Nirupa Shankar",Seed / Angel,550000.0,2016,2016-04,True,False
2016-04-26,Transerv,Consumer Internet,Digital Payments platform,Mumbai,"IDFC SPICE Fund, Micromax Informatics",Private Equity,15000000.0,2016,2016-04,True,False
2016-04-26,ClearTax,Consumer Internet,Online filing of Tax returns,Bangalore,"Max Levchin, Scott Banister",Private Equity,1300000.0,2016,2016-04,True,False
2016-04-26,Roposo,E-Commerce,Social Fashion ECommerce Discovery platform,Gurgaon,Bertelsmann India Investments,Private Equity,15000000.0,2016,2016-04,True,False
2016-04-27,MilkBasket,Consumer Internet,Micro Grocery Delivery Platform,Gurgaon,EVC Ventures,Seed / Angel,500000.0,2016,2016-04,True,False
2016-04-27,CareonGO,Consumer Internet,Online Pharmacy,Unknown,"Farooq Oomerbhoy, Anupam Mittal, Anand Mittal, Ravi Garikipati, Vibhu Garg, Singapore Angel Network, Konglo Ventures",Seed / Angel,,2016,2016-04,False,False
2016-04-27,RailYatri,Consumer Internet,Train Related Information portal,Noida,"Nandan Nilekani, Helion Ventures, Omidyar Networks, Blume Ventures",Private Equity,,2016,2016-04,False,False
2016-04-27,ICHR,Consumer Internet,Mobile based Children health Information app,New Delhi,Undisclosed,Seed / Angel,450000.0,2016,2016-04,True,False
2016-04-27,Murgency,Consumer Internet,Medical Emergency Response App,Mumbai,Axilor Ventures,Private Equity,,2016,2016-04,False,False
2016-04-28,The Wedding Brigade,Consumer Internet,Online Wedding Information Portal,Mumbai,Blume Ventures & Other unnamed Investors,Seed / Angel,600000.0,2016,2016-04,True,False
2016-04-28,DocsApp,Consumer Internet,Online Doctor Discovery & Chat platform,Bangalore,"Rebright Partners, Anand Rajaraman, Venky Harinarayan",Private Equity,1200000.0,2016,2016-04,True,False
2016-04-29,Impact Guru,Consumer Internet,Online Crowdfunding platform for NGOs & Social Projects,Mumbai,"RB Investments, Fundnel",Seed / Angel,500000.0,2016,2016-04,True,False
2016-04-29,LetReach,E-Commerce,ECommerce SAAS Solutions,New Delhi,vCommission,Private Equity,100000.0,2016,2016-04,True,False
2016-03-01,DriveU,Consumer Internet,Chauffeurs Discovery for private car owners,Bangalore,Unitus Seed Fund,Seed / Angel,,2016,2016-03,False,False
2016-03-01,Gympik,Consumer Internet,"Fitness Centres, Gym Discovery online marketplace",Bangalore,RoundGlass Partners,Private Equity,,2016,2016-03,False,False
2016-03-01,Testbook,Consumer Internet,Online Test Preparation Platform,Mumbai,S Chand & Co,Private Equity,,2016,2016-03,False,False
2016-03-01,IQlect,Technology,Big Data Analytics Platform,Bangalore,"Lip-Bu Tan, Michael Marks, Nicolas Braithwaite",Private Equity,,2016,2016-03,False,False
2016-03-02,MoMark,Consumer Internet,Mobile Wallet Aggregation platform,Noida,YourNest Angel Fund,Private Equity,600000.0,2016,2016-03,True,False
2016-03-02,Skedool,Consumer Internet,AI based Office Assistant Mobile App,Seattle,"Kludein LLC Phanindra Sama, Narayan Ramachandran, Pranav Pai",Seed / Angel,,2016,2016-03,False,False
2016-03-02,Systemantics,Technology,Industrial robots maker,Bangalore,"Nandan Nilekani, Accel Partners",Private Equity,1400000.0,2016,2016-03,True,False
2016-03-03,Vertuals,Technology,Audio Visual Digital Content creators for Brands,Mumbai,Dino Morea,Seed / Angel,,2016,2016-03,False,False
2016-03-03,Imarticus Learning,EdTech,Financial Services & Analytics Education Institute,Mumbai,"Blinc Advisors, Amit Nanavati, Tashwinder Singh, Taranjit Jaswal, Amit Khanna",Private Equity,1000000.0,2016,2016-03,True,False
2016-03-03,Shouut,Consumer Internet,Social Discovery Mobile app,New Delhi,Undisclosed investor,Seed / Angel,500000.0,2016,2016-03,True,False
2016-03-04,TinyStep,Consumer Internet,Parenting Social Network Platform,Bangalore,Matt Glickman,Private Equity,,2016,2016-03,False,False
2016-03-04,Aahaa,E-Commerce,Office Products Super Store,Chennai,"YourNest Angel Fund,",Private Equity,1000000.0,2016,2016-03,True,False
2016-03-04,Arcatron Mobility,Technology,Smart wheelchair Design and Development,Pune,"Sudhir Mehta, Anoop Hingorani",Seed / Angel,,2016,2016-03,False,False
2016-03-04,FTCash,Consumer Internet,Mobile Payments Platform,Kolkata,IvyCap Ventures,Seed / Angel,150000.0,2016,2016-03,True,False
2016-03-04,Civilsdaily,Consumer Internet,Civil Services News Aggregator,New Delhi,Manoj Kumar & Other undisclosed investors,Seed / Angel,,2016,2016-03,False,False
2016-03-04,Zappka,Consumer Internet,Mobile App discovery and review platform,Gurgaon,"Daman Soni, Rajat Gupta & Others",Seed / Angel,100000.0,2016,2016-03,True,False
2016-03-04,Tarusa World,E-Commerce,Handicraft products eTailer,Mumbai,Mohit Gulati,Seed / Angel,,2016,2016-03,False,False
2016-03-04,medECUBE,Healthcare,Healthcare related Services provider,Gurgaon,Artiman Ventures,Private Equity,4000000.0,2016,2016-03,True,False
2016-03-07,N.O.W,Consumer Internet,Bike Taxi Service & Hyperlocal Delivery App,Noida,"Ruchirans Jaipuria, Anuj Sanghi",Seed / Angel,500000.0,2016,2016-03,True,False
2016-03-07,Ninjacart,E-Commerce,B2B marketplace for Farmers & Retailers,Bangalore,"Accel Partners, Qualcomm Ventures, M&S Partners, Zop Smart",Private Equity,3000000.0,2016,2016-03,True,False
2016-03-07,Reach,Consumer Internet,Cross Platform P2P file sharing mobile app,Bangalore,"Rebright Partners, Sol Primero, Sudhir Anandarao, Ankur Warikoo, Ankur Singla",Seed / Angel,500000.0,2016,2016-03,True,False
2016-03-07,Vanity Cube,Consumer Internet,Hyperlocal Beauty Services platform,New Delhi,Unicorn Ventures,Seed / Angel,250000.0,2016,2016-03,True,False
2016-03-07,Wooplr,E-Commerce,Curated Fashion ECommerce portal,Bangalore,"Naveen Tewari, Abhay Singhal, Amit Gupta, Piyush Shah, Raghunandan G, Rajiv Mehta",Seed / Angel,,2016,2016-03,False,False
2016-03-07,Medidaili,Consumer Internet,Medical Support service platform,Bangalore,Undisclosed private investors,Seed / Angel,100000.0,2016,2016-03,True,False
2016-03-08,Finomena,Technology,Credit Worthiness Big Data Analytics,New Delhi,Matrix Partners India,Private Equity,,2016,2016-03,False,False
2016-03-08,Cookaroo,Consumer Internet,Food Delivery Platform,Bangalore,Vijay Krishna Yadav,Seed / Angel,,2016,2016-03,False,False
2016-03-08,vPhrase Analytics,Technology,AI based data analytics platform,Mumbai,"Apoorv Ranjan Sharma, Daud Ali and others",Seed / Angel,,2016,2016-03,False,False
2016-03-08,LoveCycles,Consumer Internet,Women\\xe2\\x80\\x99s health Tracker,Bangalore,Prime Venture Partners,Seed / Angel,750000.0,2016,2016-03,True,False
2016-03-08,Kartrocket,E-Commerce,ECommerce SAAS platform,New Delhi,"Undisclosed Japanese investor, Bertelsmann India Investments, Nirvana Digital India Fund, Nirvana Digital Investment Holding Co Ltd, 500 Start-Ups",Private Equity,8000000.0,2016,2016-03,True,False
2016-03-08,dunzo,Consumer Internet,Daily Task Management App,Bangalore,"Aspada Investment Advisors, Blume Ventures.",Seed / Angel,650000.0,2016,2016-03,True,False
2016-03-09,Indiamart,E-Commerce,B2B Marketplace for SMBs,Noida,Amadeus Capital,Private Equity,,2016,2016-03,False,False
2016-03-09,SmartVizX,Technology,Virtual Reality Solutions,Noida,"Indian Angel Network, Stanford Angels, Entrepreneurs India",Seed / Angel,500000.0,2016,2016-03,True,False
2016-03-09,MyGubbi,Real Estate,Interior Design & Home D\\xc3\\xa9cor Solutions,Bangalore,"Vipul Parekh, ajesh K Murthy,",Seed / Angel,2500000.0,2016,2016-03,True,False
2016-03-09,Nukkad Shops,Consumer Internet,Hyperlocal Grocery Delivery Service,Hyderabad,PurpleTalk Inc,Seed / Angel,1000000.0,2016,2016-03,True,False
2016-03-09,Cloudacar,Consumer Internet,Carpooling Mobile App,Pune,"Amit Choudhary, Anuj Puri",Seed / Angel,,2016,2016-03,False,False
2016-03-09,Justride,Consumer Internet,Self Drive Car Rental,Mumbai,Dheeraj Jain & Other angel investors,Seed / Angel,400000.0,2016,2016-03,True,False
2016-03-09,Yana,Consumer Internet,Personal AI Transaction Engine App,Gurgaon,"Puneet Gupta,",Seed / Angel,,2016,2016-03,False,False
2016-03-10,Big Fish Ventures,Food & Beverage,premium dining lounges Chain,New Delhi,Undisclosed,Private Equity,11100000.0,2016,2016-03,True,False
2016-03-10,Stylflip,E-Commerce,Pre-Owned Fashion marketplace mobile app,Mumbai,"Raj Gala Shah, Zaheer Memon",Seed / Angel,,2016,2016-03,False,False
2016-03-10,Icertis,Technology,Contract Management Software Solutions platform,Pune,"Ignition Partners, Greycroft Partners, Fidelity Growth Partners India",Private Equity,15000000.0,2016,2016-03,True,False
2016-03-10,Supplified,E-Commerce,Construction material eTailer,New Delhi,Mohit Goel,Seed / Angel,1000000.0,2016,2016-03,True,False
2016-03-11,JollyFoodFellow,Technology,Food Related Marketing & Branding platform,Ahmedabad,Janak Parikh,Seed / Angel,,2016,2016-03,False,False
2016-03-14,PinkBlue,E-Commerce,Medical Supplies eTailer,Bangalore,"Hari Krishna, Ajay Modani, Dr V Ravinder, Anirudh Rastogi, Abhishek Jain, Rakesh Gakhar, Rajeev Mudumba, Nagendra Prasad Bhanuprakash",Seed / Angel,223608.0,2016,2016-03,True,False
2016-03-14,TruckingCube,Logistics,"Domestic, Commercial, and Industrial Goods Movers",New Delhi,Agarwal Movers Group,Private Equity,14900000.0,2016,2016-03,True,False
2016-03-14,eSwasthya,Consumer Internet,Online Medicine Delivery Aggregator,Ahmedabad,Hemang Sahani,Seed / Angel,,2016,2016-03,False,False
2016-03-15,FlipClass,Consumer Internet,Tutor Search Platform,Bangalore,"S Chand and Co Pvt Ltd, Blume Ventures",Private Equity,1000000.0,2016,2016-03,True,False
2016-03-15,Proximit,Technology,Advertising Technology,Pune,Funding through 1Crowd platform,Seed / Angel,150000.0,2016,2016-03,True,False
2016-03-15,WithMe,Consumer Internet,Personalized Fashion App,Gurgaon,"Alex Kuruvilla, Pradeep Guha, Saket Dhankar, Rajan Pandhare",Seed / Angel,250000.0,2016,2016-03,True,False
2016-03-16,Gapoon,Consumer Internet,Hyperlocal Home Maintenance services,Bangalore,"Chandrashekar Tallapragada, Pankaj Kapoor",Seed / Angel,180000.0,2016,2016-03,True,False
2016-03-16,Avagmah,Consumer Internet,Online Education Portal,Bangalore,"Kris Gopalakrishnan, Atul Nishar",Seed / Angel,,2016,2016-03,False,False
2016-03-16,WorkIndia,Consumer Internet,Online Job Board,Mumbai,Beenext,Seed / Angel,,2016,2016-03,False,False
2016-03-16,Wealthy,Consumer Internet,Online Investment management portal,Bangalore,"Zishaan Hayath, Abhishek Goyal, Arjun and Rohan Malhotra, Harpreet Singh Grover, Gagan Dugal",Seed / Angel,250000.0,2016,2016-03,True,False
2016-03-17,Pramati,Healthcare,Specialized Patient Care platform,Noida,Undisclosed,Seed / Angel,200000.0,2016,2016-03,True,False
2016-03-17,Qlivery,Consumer Internet,Ondemand Concierge Service,Gurgaon,Swastika Company Ltd,Seed / Angel,230000.0,2016,2016-03,True,False
2016-03-17,HealthEnablr,Consumer Internet,Doctor Discovery and booking platform,Mumbai,Undisclosed,Seed / Angel,800000.0,2016,2016-03,True,False
2016-03-17,Liftiee,Consumer Internet,Car/ bike Pooling App,Mumbai,"Rannvijay Singh, Anita Hassanandani",Seed / Angel,108000.0,2016,2016-03,True,False
2016-03-18,Hello Curry,Food & Beverage,Quick Service Restaurant Chain,Hyderabad,Sashi Reddi & Other unnamed investors,Private Equity,1500000.0,2016,2016-03,True,False
2016-03-19,goSporto,Consumer Internet,Online Sports discovery and booking platform,New Delhi,Naveen Gupta,Seed / Angel,30000.0,2016,2016-03,True,False
2016-03-21,OneClickWash,Consumer Internet,Online Laundry & Washing service Booking & Delivery,Gurgaon,Unitus Seed Fund,Seed / Angel,,2016,2016-03,False,False
2016-03-21,Girnar Software,Consumer Internet,Online News Media Network,Jaipur,Google Capital,Private Equity,,2016,2016-03,False,False
2016-03-21,Room On Call,Consumer Internet,Budget hotel aggregator,Gurgaon,CASHurDRIVE Marketing Pvt Ltd,Private Equity,2000000.0,2016,2016-03,True,False
2016-03-22,Byju\\xe2\\x80\\x99s,Consumer Internet,Educational Video Content Creator,Bangalore,"Sequoia India, Sofina",Private Equity,75000000.0,2016,2016-03,True,False
2016-03-22,BigBasket,E-Commerce,Online Grocery Shop,Bangalore,Abraaj Group,Private Equity,150000000.0,2016,2016-03,True,False
2016-03-22,DrivoJoy,Consumer Internet,On-demand 2-wheeler Servicing platform,Bangalore,"Indian Angel Network, Tracxn Labs & Others",Seed / Angel,600000.0,2016,2016-03,True,False
2016-03-22,Smartron,Technology,Internet of Things Device manufacturer,Bangalore,Sachin Tendulkar,Private Equity,,2016,2016-03,False,False
2016-03-22,LifCare,Consumer Internet,Online Pharmacy portal,Jaipur,"Rajul Garg, Alok Mittal, Kunal Shah, Rishi Mandawat, Dheeraj Jain, Sandeep Tandon, Dexter Angel Circle",Seed / Angel,,2016,2016-03,False,False
2016-03-22,CreditSeva,Consumer Internet,Online Credit management tools,Hyderabad,"Pix Vine Capital, Infocomm Development Authority of Singapore",Seed / Angel,360000.0,2016,2016-03,True,False
2016-03-22,CityShor,Consumer Internet,online lifestyle media recommendation portal,Ahmedabad,GAIN,Seed / Angel,,2016,2016-03,False,False
2016-03-23,Endless Robotics,Technology,Interior Painting Automation,Hyderabad,"Devidas Desai, Vipul Gautam, Singapore Angel Network",Seed / Angel,100000.0,2016,2016-03,True,False
2016-03-23,SP Robotics,Technology,Robotic Classes for Students,Chennai,"Indian Angel Network,",Seed / Angel,300000.0,2016,2016-03,True,False
2016-03-23,StalkBuyLove,E-Commerce,Fashion eTailer,New Delhi,"500 Startups, Littlerock, Singularity Ventures",Seed / Angel,,2016,2016-03,False,False
2016-03-23,eKincare,Consumer Internet,Healthcare related solutions,Hyderabad,"BitChemy Ventures, Maheshwari Investments Pvt Ltd, Anshoo Gaur, Rama Krishna Reddy, Sandeep Seerapu",Private Equity,330000.0,2016,2016-03,True,False
2016-03-23,HashLearn,Consumer Internet,Mobile based private tutoring services,Unknown,"Bhavish Aggarwal, Binny Bansal, Rajan Anandan, Mekin Maheshwar, Sunil Kalra, Anupam Mittal, Krishna Mehra, Singapore Angel Network",Seed / Angel,,2016,2016-03,False,False
2016-03-23,Wheelstreet,Consumer Internet,Online Bike Rental platform,Bangalore,Broadbean Capital services,Private Equity,500000.0,2016,2016-03,True,False
2016-03-24,Horntell,Consumer Internet,Unified Push Notification service,Gurgaon,"Bharanidharan Viswanathan, Sanjiv Mittal, Shobhit Shukla, Rahul Agarwal",Seed / Angel,150000.0,2016,2016-03,True,False
2016-03-28,Schoolkart,E-Commerce,Online Marketplace for Schools,Noida,Undisclosed,Seed / Angel,300000.0,2016,2016-03,True,False
2016-03-29,HealthEminds,Consumer Internet,Online mental healthcare,Bangalore,Robin Utthappa,Seed / Angel,,2016,2016-03,False,False
2016-03-29,Babygogo,Consumer Internet,Child healthcare experts aggregator mobile app,New Delhi,"Rajul Garg, Daljit Singh, Aditya Vij, Kishore Kumar, Shuchin Bajaj",Seed / Angel,300000.0,2016,2016-03,True,False
2016-03-29,Veritas Finance,FinTech,Asset Based Lending platform,Chennai,Sarva Capital,Private Equity,4700000.0,2016,2016-03,True,False
2016-03-29,QikShip,Consumer Internet,Mobile based Logistics provider,New Delhi,undisclosed investors,Seed / Angel,200000.0,2016,2016-03,True,False
2016-03-29,FixNix,Consumer Internet,GRC SAAS Platform,Chennai,Jay Vijayan,Seed / Angel,500000.0,2016,2016-03,True,False
2016-03-30,True Balance,Technology,Mobile Balance Check App,Gurgaon,SoftBank Ventures Korea,Private Equity,,2016,2016-03,False,False
2016-03-30,Touchkin,Healthcare,Predictive Healthcare platform,Bangalore,"Alok Mittal, Amit Gupta, Anuj Srivastava, Himanshu Aggarwal, Raghunandan G, Puneet Agarwal",Seed / Angel,400000.0,2016,2016-03,True,False
2016-03-31,SwitchMe,Consumer Internet,Home Loan Rate comparison platform,Mumbai,"Mohandas Pai, Hiro Mashita, Singapore Angel Network, 500 Startups, Rajan Anandan, Ajay Sarupria",Seed / Angel,,2016,2016-03,False,False
2016-03-31,Transcell,Healthcare,Family Stem Cell Banking Services,Hyderabad,Indian Angel Network,Seed / Angel,,2016,2016-03,False,False
2016-02-01,Blue Tokai Coffee,E-Commerce,Specialty Coffee Etailer,New Delhi,Snow Leopard Technology Ventures,Seed / Angel,,2016,2016-02,False,False
2016-02-02,Altizone,Technology,IoT & M2M Solutions,Pune,"Wipro Ventures, Lumis Partners",Private Equity,4000000.0,2016,2016-02,True,False
2016-02-02,Oust App,Consumer Internet,Competitive Exam Preparation Platform,Bangalore,"T V Mohandas Pai, Aarin Capital",Seed / Angel,,2016,2016-02,False,False
2016-02-02,Strike,Consumer Internet,Mobile Email productivity tool,Bangalore,Multiple investors through Ten Minute Million competition,Seed / Angel,22500.0,2016,2016-02,True,False
2016-02-02,MaaxMarket,Consumer Internet,Marketing Automation platform,Unknown,Multiple investors through Ten Minute Million competition,Seed / Angel,22500.0,2016,2016-02,True,False
2016-02-02,Gamooz,Technology,Augmented Reality Solutions,Gurgaon,Multiple investors through Ten Minute Million competition,Seed / Angel,22500.0,2016,2016-02,True,False
2016-02-02,SoundSurround,Technology,Audio Technology Solutions,Mumbai,Multiple investors through Ten Minute Million competition,Seed / Angel,22500.0,2016,2016-02,True,False
2016-02-03,Mazkara,Consumer Internet,Beauty & Wellness Platform,Pune,Dunamis Ventures Pte Ltd.,Seed / Angel,1000000.0,2016,2016-02,True,False
2016-02-03,RoadGods,E-Commerce,Auto Spare Parts eTailer,New Delhi,Green House Ventures (GHV),Seed / Angel,100000.0,2016,2016-02,True,False
2016-02-03,Pindropmusic,Consumer Internet,Music Discovery Mobile App,Noida,Green House Ventures (GHV),Seed / Angel,100000.0,2016,2016-02,True,False
2016-02-03,Woodpie,Consumer Internet,Book Recommendation Service,Bangalore,Ingram Content Group,Seed / Angel,30000.0,2016,2016-02,True,False
2016-02-04,Perfumery,E-Commerce,Fragrances & Perfume eTailer,New Delhi,Oranda Global & Others,Seed / Angel,30000.0,2016,2016-02,True,False
2016-02-05,Magic Crate,EdTech,Children Education Platform,Bangalore,"TV Mohandas Pai, Aarin Capital",Seed / Angel,,2016,2016-02,False,False
2016-02-05,ZenDrive,Technology,Safe Driving Data & Analytics platform,Bangalore,"Sherpa Capital, Nyca Partners and Thomvest Ventures",Private Equity,13500000.0,2016,2016-02,True,False
2016-02-05,Smartcooky,E-Commerce,Marketplace for Health Foods,New Delhi,"Vandana Luthra,",Private Equity,,2016,2016-02,False,False
2016-02-05,Turtlemint,Consumer Internet,online personalized insurance platform,Mumbai,Nexus Venture Partners,Private Equity,,2016,2016-02,False,False
2016-02-05,BHIVE,Real Estate,Workspace Rentals,Bangalore,"Raghunandan G, Venturesity, Arihant Patni",Seed / Angel,,2016,2016-02,False,False
2016-02-05,Gingercrush,E-Commerce,Personalized Products & Merchandize eTailer,Vadodara,"Saha Fund, TV Mohandas Pai, Zia Mody, Mumbai Angels, Ananda Kallugadde, Rakesh Desai, Rakesh Malhotra",Private Equity,1000000.0,2016,2016-02,True,False
2016-02-05,American Vision,Consumer Internet,Optical Store Aggregator Platform,Pune,Undisclosed,Seed / Angel,81000.0,2016,2016-02,True,False
2016-02-05,DawaiLelo,Consumer Internet,Healthcare Services & Online Pharmacy Mobile App,Varanasi,Undisclosed,Seed / Angel,52000.0,2016,2016-02,True,False
2016-02-06,Heads Up For Tails,E-Commerce,Pet Products eTailer,New Delhi,Undisclosed,Seed / Angel,1000000.0,2016,2016-02,True,False
2016-02-06,LiveNutriFit,Healthcare,Weight loss & Healthcare Info portal,New Delhi,"Mohit Goel, Vinod Jain & Others",Seed / Angel,,2016,2016-02,False,False
2016-02-08,Moglix,E-Commerce,Industrial & Home Products Marketplace,New Delhi,Ratan Tata,Private Equity,,2016,2016-02,False,False
2016-02-08,iStyleYou,Consumer Internet,Personal Fashion Stylist App,Gurgaon,Green House Ventures (GHV),Seed / Angel,100000.0,2016,2016-02,True,False
2016-02-08,AdUrCup,Consumer Internet,Ad Network,New Delhi,Green House Ventures (GHV),Seed / Angel,100000.0,2016,2016-02,True,False
2016-02-08,Weddingz,Consumer Internet,online marketplace for wedding venues and vendors,Mumbai,Sixth Sense Ventures,Private Equity,,2016,2016-02,False,False
2016-02-08,Urban Dhobi,Consumer Internet,On Demand Laundry Services,Jaipur,"Vinod Bansal, Sanjeev Singhal",Seed / Angel,,2016,2016-02,False,False
2016-02-08,Gray Routes,Consumer Internet,Last mile logistics solutions,Mumbai,"Mahesh Parasuraman, Rahul Gautam & Others",Seed / Angel,,2016,2016-02,False,False
2016-02-08,Xpressbees,E-Commerce,ECommerce Logistics solutions,Pune,"SAIF Partners, IDG Ventures India, Vertex Ventures, Valiant Capital",Private Equity,12500000.0,2016,2016-02,True,False
2016-02-08,Invictus Oncology,Healthcare,Cancer therapeutic Info & Solutions,New Delhi,Ratan Tata,Private Equity,,2016,2016-02,False,False
2016-02-08,Hansel.io,Technology,Mobile App Tech Solutions,Bangalore,"Endiya Partners, Mekin Maheshwari, Rajesh Sawhney",Seed / Angel,,2016,2016-02,False,False
2016-02-09,Inc42,Consumer Internet,Startup Focused Media News Portal,New Delhi,"India Ventures, Aarin Capital & Others",Seed / Angel,,2016,2016-02,False,False
2016-02-09,GOQii,Technology,Personalized fitness coaching & Fitness band,Mumbai,Edelweiss Financial Services,Private Equity,,2016,2016-02,False,False
2016-02-10,Capzest,Consumer Internet,Digital Lending Platform,Mumbai,Lion Ventures,Seed / Angel,200000.0,2016,2016-02,True,False
2016-02-10,GlamStudios,Consumer Internet,Online Salon Aggregator,Noida,Aqeel Ahmed,Seed / Angel,,2016,2016-02,False,False
2016-02-10,Affimity,Consumer Internet,Social Networking platform,Bangalore,undisclosed investors,Seed / Angel,1200000.0,2016,2016-02,True,False
2016-02-10,Anandakanda,Technology,Medicine Intake Reminder System,Pune,undisclosed investors,Seed / Angel,150000.0,2016,2016-02,True,False
2016-02-10,JoulestoWatts,Technology,IT services & Talent collaboration services startup,Bangalore,Manipal Global Education Services,Seed / Angel,,2016,2016-02,False,False
2016-02-10,Shopkirana,Consumer Internet,Retailer Supply Chain platform,Indore,"Atul Jain, Anil Gelra, Jaikumar Nair",Seed / Angel,,2016,2016-02,False,False
2016-02-10,Stylofie,Consumer Internet,Online Beauty Parlour search & discovery Platform,Gurgaon,Jaideep Mehta,Seed / Angel,,2016,2016-02,False,False
2016-02-10,OyBob,E-Commerce,Hyperlocal Products & Services marketplace,Gurgaon,Sachin Dalal,Seed / Angel,,2016,2016-02,False,False
2016-02-12,ActOnMagic,Technology,Cloud Analytics and Management Products,Bangalore,Jayabalan Subramanian,Seed / Angel,125000.0,2016,2016-02,True,False
2016-02-12,Bonhomia,Food & Beverage,premium Tea and Coffee,New Delhi,"Alok Rawat, Grey Orange Robotics",Seed / Angel,1000000.0,2016,2016-02,True,False
2016-02-12,iGrenEnergi,Technology,Solar Power Solutions,Mumbai,Sunil Mehta,Seed / Angel,1000000.0,2016,2016-02,True,False
2016-02-12,RKSV,Consumer Internet,Online Stock Trading Platform,Mumbai,Kalaari Capital,Private Equity,4000000.0,2016,2016-02,True,False
2016-02-15,Aasaanjobs,Consumer Internet,Online Recruitment Marketplace,Mumbai,"Aspada Advisors, IDG Ventures, Inventus Capital",Private Equity,5000000.0,2016,2016-02,True,False
2016-02-15,Snapdeal,E-Commerce,Horizontal Online Marketplace,New Delhi,Ontario Teachers\\xe2\\x80\\x99 Pension Plan & Others,Private Equity,200000000.0,2016,2016-02,True,False
2016-02-15,Jugnoo,Consumer Internet,Transportation & On-demand delivery aggregator,Chandigarh,Saumya Tandon,Private Equity,,2016,2016-02,False,False
2016-02-15,Snapbizz,Technology,Connectivity platform for local grocery stores,Bangalore,Ratan Tata,Private Equity,,2016,2016-02,False,False
2016-02-15,GoYaNo,Consumer Internet,Events & Restaurant Discovery Marketplace App,Gurgaon,Mukesh Kumar Gupta,Seed / Angel,50000.0,2016,2016-02,True,False
2016-02-15,RentSher,Consumer Internet,Online Household Product Rental platform,Bangalore,"Vaibhav Doshi, Abhay Singhal, Vibhu Garg, Joby Babu, Abhishek Acharya, Manish Shah",Seed / Angel,300000.0,2016,2016-02,True,False
2016-02-15,Buddy,FinTech,Micro Lending Platform for eCommerce purchases,Bangalore,"Blume Ventures, Tracxn Labs",Seed / Angel,500000.0,2016,2016-02,True,False
2016-02-15,Legistify,Consumer Internet,Online Legal services platform,New Delhi,Ranjit Singh,Seed / Angel,,2016,2016-02,False,False
2016-02-16,TableHero,Consumer Internet,Dynamic Restaurant Website creator,Bangalore,"GrowX Ventures, Kunal Shah, Sandeep Tandon, Haresh Chawla, Powai Lake Ventures, Globevestor",Seed / Angel,1000000.0,2016,2016-02,True,False
2016-02-16,BetterPlace,Technology,Data analytics based Verification services Platform,Bangalore,Unitus Seed Fund,Seed / Angel,970000.0,2016,2016-02,True,False
2016-02-16,Salebhai,E-Commerce,"Sweets, Eatables, Handicrafts Online Marketplace",Ahmedabad,"Virendra Shekhawat, Deepak Chokhani, Yogesh Patel & Others",Seed / Angel,,2016,2016-02,False,False
2016-02-16,icustommadeit,E-Commerce,Professional Custom creators Marketplace,Pune,"Brand Capital, Siddhivinayak Skyscrapers, Dinesh R. Challa",Private Equity,4000000.0,2016,2016-02,True,False
2016-02-16,Tring,Consumer Internet,Instant Messaging App,Pune,Vishwadeep Bajaj & Others,Seed / Angel,,2016,2016-02,False,False
2016-02-16,Medinfi,Consumer Internet,Doctor & Clinics Discovery platform,Bangalore,"Rajnish Sinha, Prijit Debnath, Kanchan Ghoshal",Seed / Angel,,2016,2016-02,False,False
2016-02-17,Timemytask,Consumer Internet,On-Demand home cleaning services,Mumbai,Lead Angels,Seed / Angel,,2016,2016-02,False,False
2016-02-17,GameZop,Technology,Mobile Gaming Platform,New Delhi,"KWAN Entertainment & Marketing Solutions, Powerhouse Ventures & Others",Seed / Angel,350000.0,2016,2016-02,True,False
2016-02-17,Notary Mama,Consumer Internet,On-demand Legal documentation and registration service,Bangalore,"Dr Nandish Domlur, Amit Sandill",Seed / Angel,,2016,2016-02,False,False
2016-02-17,The Viral Fever,Consumer Internet,Independent Online Video production company,Mumbai,Tiger Global,Private Equity,10000000.0,2016,2016-02,True,False
2016-02-17,Avanti Learning,EdTech,Private Coaching Classes,New Delhi,Michael & Susan Dell Foundation,Private Equity,5000000.0,2016,2016-02,True,False
2016-02-17,Bollant Industries,Technology,Eco-friendly consumer & packaging products,Hyderabad,Ratan Tata,Private Equity,,2016,2016-02,False,False
2016-02-18,GetVee,Consumer Internet,Matrimony & Couples only mobile platform,New Delhi,"Lightspeed Venture Partners, K Ganesh",Private Equity,,2016,2016-02,False,False
2016-02-18,HealthKumbh,Consumer Internet,Health related Information portal,Ahmedabad,Undisclosed investor,Seed / Angel,73000.0,2016,2016-02,True,False
2016-02-18,Unlaze,Consumer Internet,Social Networking app for outdoor interests,Gurgaon,"Sujal Shah, Dino Morea",Seed / Angel,,2016,2016-02,False,False
2016-02-18,Tracxn,Technology,Indian Startup ecosystem trends analyzer & funding platform,Bangalore,"Nandan Nilekani, Mohandas Pai, Neeraj Arora, Anand Rajaraman, Girish Mathrubootham, Aneesh Reddy & Teruhide Sato",Private Equity,,2016,2016-02,False,False
2016-02-18,Careongo,E-Commerce,Online Pharmacy store,New Delhi,Farooq Oomerbhoy & Other angel investors,Seed / Angel,300000.0,2016,2016-02,True,False
2016-02-18,Ark Robot,Technology,Warehouse Automation,Bangalore,Qualcomm (Through QPrize Contest),Seed / Angel,350000.0,2016,2016-02,True,False
2016-02-19,Jaypore,E-Commerce,Ethnic Products marketplace,New Delhi,Aavishkaar,Private Equity,5000000.0,2016,2016-02,True,False
2016-02-19,Finance Buddha,Consumer Internet,Online Loan Comparison & Discovery platform,Bangalore,Chennai Angels,Seed / Angel,,2016,2016-02,False,False
2016-02-19,AlmaConnect,Consumer Internet,Alumni social network,New Delhi,"Mohandas Pai, Varun Aggarwal",Seed / Angel,,2016,2016-02,False,False
2016-02-19,Advantage Club,Consumer Internet,mobile platform for corporate employee benefits,Gurgaon,Purvi Ventures & Others,Seed / Angel,400000.0,2016,2016-02,True,False
2016-02-19,LocalRamu,Consumer Internet,mobile based aggregator for local service providers,Bangalore,3 undisclosed investors,Seed / Angel,,2016,2016-02,False,False
2016-02-22,Baby Berry,Consumer Internet,Parenting Mobile app,Bangalore,Nitin Bagmane & Other undisclosed investors,Seed / Angel,1000000.0,2016,2016-02,True,False
2016-02-22,Magicpin,Consumer Internet,Hyperlocal Discover Mobile App,New Delhi,Lightspeed India,Private Equity,3000000.0,2016,2016-02,True,False
2016-02-22,First Eat,Consumer Internet,Healthy Food Delivery platform,New Delhi,Undisclosed investor,Seed / Angel,100000.0,2016,2016-02,True,False
2016-02-22,SigTuple,Technology,Healthcare based Tech Solutions,Bangalore,"Sachin Bansal, Binny Bansal, Accel Partners & Others",Seed / Angel,,2016,2016-02,False,False
2016-02-22,Taskbob,Consumer Internet,Hyperlocal Handyman services platform,Mumbai,"IvyCap Ventures, Orios Venture Partners, Mayfield India",Private Equity,4500000.0,2016,2016-02,True,False
2016-02-22,Styledotme,Consumer Internet,Mobile Fashion App,New Delhi,Indian Angel Network,Seed / Angel,37000.0,2016,2016-02,True,False
2016-02-22,NewsLaundry,Consumer Internet,Independent News Media Portal,New Delhi,"Omidyar Network, Vikram Lal, Abhijit Bhandari, Mahesh Murthy, Shashank Bhagat",Private Equity,,2016,2016-02,False,False
2016-02-23,CupoNation,Consumer Internet,Deals and Discount platform,Gurgaon,"Rocket Internet AG, Holtzbrink Ventures, New Enterprise Associates (NEA), e.ventures, ru-Net, Deutsche Telekom Strategic Investments (DTSI), Silicon Valley Bank",Private Equity,11000000.0,2016,2016-02,True,False
2016-02-23,Aarav UAV,Technology,unmanned aerial vehicles creator,Kanpur,"StartupXseed Ventures, The Phoenix Fund and others",Seed / Angel,,2016,2016-02,False,False
2016-02-24,Sayfix,Consumer Internet,Hyperlocal Home Services Provider,Bangalore,Yajnanarayana Kammaje,Seed / Angel,160000.0,2016,2016-02,True,False
2016-02-24,LoanZen,Consumer Internet,Peer to peer Lending marketplace,Bangalore,Tracxn Syndicate,Seed / Angel,,2016,2016-02,False,False
2016-02-24,NoBroker,Consumer Internet,Peer to peer property listing platform,Bangalore,"Beenext, Digital Garage, Beenos, Qualgro, Mamoru Taniya, SAIF Partners",Private Equity,10000000.0,2016,2016-02,True,False
2016-02-24,AppilyEver,Consumer Internet,Online wedding services marketplace,Hyderabad,"Varun Aggarwal, Suresh Venkat, Raj Y",Seed / Angel,400000.0,2016,2016-02,True,False
2016-02-24,Pocketin,Consumer Internet,Hotel reservations & Deal platform,Noida,Swastika Company Ltd,Seed / Angel,150000.0,2016,2016-02,True,False
2016-02-24,FeetApart,Consumer Internet,Employee engagements & Rewards platform,Bangalore,Vishal Bali & Others,Seed / Angel,,2016,2016-02,False,False
2016-02-25,OfBusiness,E-Commerce,B2B commerce Marketplace,Gurgaon,Matrix Partners India,Private Equity,5000000.0,2016,2016-02,True,False
2016-02-25,CarveNiche,Consumer Internet,Personalized Learning Solutions & products,Bangalore,"Calcutta Angels, Lead Angels & Others",Seed / Angel,,2016,2016-02,False,False
2016-02-25,Juspay,Consumer Internet,Digital Payments solutions,Bangalore,"Accel Partners, Ashish Hemrajani, Parikshit Dar, Rajesh Balpande",Private Equity,5800000.0,2016,2016-02,True,False
2016-02-25,Funcart,E-Commerce,Party Supplies Etailer,New Delhi,Undisclosed HNIs,Seed / Angel,70000.0,2016,2016-02,True,False
2016-02-26,Freedom Smart Labs,Technology,IoT retail solutions,New Delhi,Kapil Goel,Seed / Angel,145000.0,2016,2016-02,True,False
2016-02-26,EduBridge,Consumer Internet,Skill development and vocational training platform,Mumbai,"Insitor Impact Asia Fund, Acumen Fund",Private Equity,2500000.0,2016,2016-02,True,False
2016-02-29,Nestaway,Consumer Internet,Online Home Rental Marketplace,Bangalore,Ratan Tata,Private Equity,,2016,2016-02,False,False
2016-02-29,Hopscotch,E-Commerce,Baby & Kids Products Online Flash sales platform,Mumbai,Eduardo Saverin,Private Equity,13000000.0,2016,2016-02,True,False
2016-02-29,PinClick,Consumer Internet,Online real estate listings,Bangalore,Undisclosed,Private Equity,,2016,2016-02,False,False
2016-01-01,Smartcooky,E-Commerce,Health Food / Personal Care Marketplace,New Delhi,"Rajan Anandan, Pramod Bhasin, Siddharth Pai, TV Mohandas Pai, Manvinder Singh Banga",Seed / Angel,,2016,2016-01,False,False
2016-01-01,Helpi,Consumer Internet,On Demand Cleaning Services Mobile App,Mumbai,Undisclosed,Seed / Angel,,2016,2016-01,False,False
2016-01-04,DogSpot,E-Commerce,Online Pet Store,Gurgaon,Ratan Tata,Seed / Angel,,2016,2016-01,False,False
2016-01-04,Career360,EdTech,College Education Portal,New Delhi,MeritTrac,Private Equity,,2016,2016-01,False,False
2016-01-04,B9 Beverages,Food & Beverage,Craft Beer manufacturing company,New Delhi,"Sequoia Capital, Kunal Bahl, Rohit Bansal, Deepinder Goyal, Ashish Dhawan, Mayank Singhal",Private Equity,6000000.0,2016,2016-01,True,False
2016-01-05,WIMWI Foods,Food & Beverage,Healthy food manufacturing & sales startup,Ahmedabad,Centre for Innovation Incubation and Entrepreneurship (CIIE),Seed / Angel,,2016,2016-01,False,False
2016-01-05,MyChild App,EdTech,Child Disorder Information & Education,Bhopal,"Samir Bangara, Anisha Mittal, Amit Gupta, Pallav Nadhani, Lalit Mangal, Arihant Patni, Dr. Ritesh Malik, Deobrat Singh, Saurab Paruthi, Singapore Angel Network.",Seed / Angel,100000.0,2016,2016-01,True,False
2016-01-05,Instaproc,E-Commerce,B2B Procurement Marketplace for Office Products,Noida,Dinesh Agarwal,Seed / Angel,,2016,2016-01,False,False
2016-01-05,360Ride,Consumer Internet,Ride Sharing platform,Bangalore,Undisclosed,Seed / Angel,150000.0,2016,2016-01,True,False
2016-01-05,Alef Mobitech,Consumer Internet,Cloud Mobility Solutions,Mumbai,Tata Capital Innovation Fund,Private Equity,5000000.0,2016,2016-01,True,False
2016-01-06,Tracxn,BFSI,Startup Funding Deal Discovery & Execution platform,Bangalore,Ratan Tata,Seed / Angel,,2016,2016-01,False,False
2016-01-06,Qdesq,Real Estate,Branded Workspaces Aggregator,Gurgaon,"Dheeraj Jain, Jagdish Kumar, Bharat Gupta, Ankush Saigal, Praveen Saini",Seed / Angel,,2016,2016-01,False,False
2016-01-06,Sensara,Technology,"TV Search, Guide and Remote mobile app",Bangalore,"Lalitesh Katragadda, Ganayantrika Systems",Seed / Angel,750000.0,2016,2016-01,True,False
2016-01-06,Zebpay,Consumer Internet,Bitcoin Buying & Selling Mobile App,Ahmedabad,"Arjun Handa, Amit Jindal, Nagendra Chaudhary",Private Equity,1000000.0,2016,2016-01,True,False
2016-01-06,PlanMy MedicalTrip,Healthcare,Medical Tourism platform,Pune,"Bhanu Vikram Parsotam, Rohan Desai and Paras Patel",Seed / Angel,150000.0,2016,2016-01,True,False
2016-01-06,MyCity4Kids,EdTech,Children Education & Information platform,Gurgaon,"SIDBI Venture Capital Limited, YourNest Angel Fund",Private Equity,3000000.0,2016,2016-01,True,False
2016-01-06,Justdakhila,EdTech,School Student admissions platform,New Delhi,Ankur Gupta,Seed / Angel,750000.0,2016,2016-01,True,False
2016-01-07,PitStop,Consumer Internet,Automobile Service Booking App,Bangalore,Myntra/LivSpace Founders,Seed / Angel,,2016,2016-01,False,False
2016-01-07,Bikxie,Consumer Internet,Two Wheeler Taxi Service,Gurgaon,Undisclosed,Seed / Angel,,2016,2016-01,False,False
2016-01-07,Infurnia,Consumer Internet,Online Furniture Customization platform,Bangalore,Idein Ventures,Seed / Angel,160000.0,2016,2016-01,True,False
2016-01-07,Myly,EdTech,Mobile Based Education platform,Jaipur,Newbie Promoter Pvt Ltd,Seed / Angel,100000.0,2016,2016-01,True,False
2016-01-07,MakeMyTrip,Consumer Internet,Online Travel/Hotel Booking platform,Gurgaon,Ctrip.com International Ltd,Private Equity,180000000.0,2016,2016-01,True,False
2016-01-08,Melorra,E-Commerce,Online/ Mobile Jewellery Retailer,Bangalore,Lightbox Ventures,Private Equity,5000000.0,2016,2016-01,True,False
2016-01-08,ConfirmTKT,Consumer Internet,Train PNR Status Prediction Platform,Bangalore,"Krishna Jhujhunwala, Dr. Apoorv Ranjan Sharma, Anirudh Damani, Anand Ladsariya, Sanjay Mehta & Others",Seed / Angel,250000.0,2016,2016-01,True,False
2016-01-08,Gyaanzone,EdTech,Career Planning and Education Advisory Platform,Mumbai,GBIM Technologies Pvt Ltd,Seed / Angel,45000.0,2016,2016-01,True,False
2016-01-08,FlatFurnish,Consumer Internet,Online Furnishing Rental Platform,Gurgaon,Arun Chandra Mohan,Seed / Angel,,2016,2016-01,False,False
2016-01-09,Lumiere,E-Commerce,Organic Food eTailer,Bangalore,Undisclosed,Private Equity,,2016,2016-01,False,False
2016-01-11,Koovs,E-Commerce,Online Fashion Apparel Retailer,Gurgaon,"Nahata Family, Waheed Alli",Private Equity,5400000.0,2016,2016-01,True,False
2016-01-11,Wishup,Consumer Internet,Mobile app based Concierge Service,New Delhi,"500 Startups, Mato Peric, TracxnLabs",Seed / Angel,,2016,2016-01,False,False
2016-01-11,FreshMenu,Consumer Internet,Online / Mobile Food Ordering platform,Bangalore,"Zodius Capital, Lightspeed Venture Partners",Private Equity,16500000.0,2016,2016-01,True,False
2016-01-11,SavvyMob,E-Commerce,Last Minute Hotel Bookings mobile marketplace,Bangalore,"TV Mohandas Pai, LetsVenture",Seed / Angel,1000000.0,2016,2016-01,True,False
2016-01-11,Fashionablyin,Consumer Internet,Mobile based Geo-target Fashion Marketplace,Mumbai,Ranjan Mahtani,Seed / Angel,,2016,2016-01,False,False
2016-01-12,Shopclues,E-Commerce,ECommerce Marketplace,Gurgaon,"GIC, Tiger Global Management, Nexus Venture Partners",Private Equity,100000000.0,2016,2016-01,True,False
2016-01-12,Hike Messenger,Consumer Internet,P2P Messaging Service,New Delhi,"Matt Mullenweg, Adam D\\xe2\\x80\\x99Angelo, Aditya Agarwal, Ruchi Sanghvi & Others",Private Equity,,2016,2016-01,False,False
2016-01-12,iBus Networks,Technology,Next Generation in-building connectivity,Bangalore,"Vallabh Bhanshali, N Squared Management LLC, Jagdish & Sandeep Mehta Family Office",Private Equity,2300000.0,2016,2016-01,True,False
2016-01-12,Happy2Refer,Consumer Internet,Mobile based Referral Platform,Mumbai,"Equity Crest, Vinners, Sparknext",Seed / Angel,250000.0,2016,2016-01,True,False
2016-01-13,CarTrade,Consumer Internet,Auto Classifieds Portal,Mumbai,"Temasek Holdings, March Capital, Warburg Pincus",Private Equity,145000000.0,2016,2016-01,True,False
2016-01-13,Rentomo,Consumer Internet,peer-to-peer renting Marketplace,Bangalore,Shiva Ashok & Other unnamed investors,Seed / Angel,100000.0,2016,2016-01,True,False
2016-01-13,Roder,Consumer Internet,inter-city cab aggregator,New Delhi,Unicorn India Ventures,Seed / Angel,240000.0,2016,2016-01,True,False
2016-01-13,Bucker,Consumer Internet,Food Ordering Mobile App,Hyderabad,"50k Ventures, Munish Jauhar, Pulkit Jain, Rohit Narang",Seed / Angel,,2016,2016-01,False,False
2016-01-13,Care24,Healthcare,Professional Health Services Platform,Mumbai,"SAIF Partners, India Quotient",Private Equity,4000000.0,2016,2016-01,True,False
2016-01-13,Obino,Healthcare,Weigh Loss Coaching,Mumbai,RoundGlass Partners,Private Equity,,2016,2016-01,False,False
2016-01-14,Snapshopr,Consumer Internet,Visual Search & Image Recognition Platform,Bangalore,Amod Malviya,Seed / Angel,,2016,2016-01,False,False
2016-01-14,Buildkar,E-Commerce,Construction Material Marketplace,Bangalore,"Mustafa Wajid, Umang Kumar & Others",Seed / Angel,,2016,2016-01,False,False
2016-01-14,Orahi,Consumer Internet,Carpooling Mobile App,Gurgaon,Indian Angel Network,Seed / Angel,520000.0,2016,2016-01,True,False
2016-01-14,Zapr,Technology,TV to Mobile audience Platform,Gurgaon,"Flipkart, Saavn, Micromax, Dhiraj Rajaram, Ambiga Dhiraj, Dinesh Agarwal, Samir Bangara, Sanjay Nath, Arihant Patni",Seed / Angel,,2016,2016-01,False,False
2016-01-15,Remidio,Healthcare,Healthcare Product Manufacturer,Bangalore,Cipher-Plexus Capital Advisors & Indian HNIs,Private Equity,,2016,2016-01,False,False
2016-01-15,Fitso,Consumer Internet,Fitness related Social Networking App & Forum,Gurgaon,"Varun Khurana, Samar Singla, Vinay Bansal,",Seed / Angel,200000.0,2016,2016-01,True,False
2016-01-15,evibe,Consumer Internet,Party Hall Booking platform,Bangalore,"Hyderabad Angels, Lalit Mangal, Vikas Malpani, Gaurav Bhalotia, LV Prasad",Seed / Angel,,2016,2016-01,False,False
2016-01-15,Zoctr,Consumer Internet,healthcare aggregator platform,Mumbai,Times Group,Seed / Angel,,2016,2016-01,False,False
2016-01-15,Jobick,Consumer Internet,Mobile app based Job Search,Noida,Abhinav Mathur,Seed / Angel,,2016,2016-01,False,False
2016-01-16,Plick,Consumer Internet,Instant Content Transfer Mobile App,Mumbai,Sanjay Mehta,Seed / Angel,,2016,2016-01,False,False
2016-01-18,Voice Friends,Consumer Internet,Dating & Singles Chat Platform,Mumbai,Huzaifa Khorakiwala,Seed / Angel,,2016,2016-01,False,False
2016-01-18,Kartrocket,Consumer Internet,SAAS DIY ECommerce Platform,New Delhi,"Bertelsmann India Investments, Nirvana Digital India Fund, Nirvana Digital Investment Holding, 500 Startups",Private Equity,6000000.0,2016,2016-01,True,False
2016-01-19,Swiggy,Consumer Internet,Online/Mobile food ordering platform,Bangalore,"Harmony Partners, RB Investments & existing investors",Private Equity,35000000.0,2016,2016-01,True,False
2016-01-19,TinyStep,Consumer Internet,Parenting Social Network,Bangalore,Flipkart,Seed / Angel,,2016,2016-01,False,False
2016-01-19,Cashkaro,Consumer Internet,Coupon & Cashback platform,Gurgaon,Ratan Tata,Private Equity,,2016,2016-01,False,False
2016-01-19,Gameezop,Consumer Internet,Casual Gaming platform,New Delhi,Anand Chandrasekaran & Others,Seed / Angel,,2016,2016-01,False,False
2016-01-19,DailyObjects,E-Commerce,Mobile Accessories etailer,New Delhi,"Unilazer Fund, Phanindra Sama, Peyush Bansal",Private Equity,1400000.0,2016,2016-01,True,False
2016-01-19,Indus OS,Technology,Local language Mobile OS,Mumbai,"Omidyar Network,",Private Equity,5000000.0,2016,2016-01,True,False
2016-01-19,CollegeDunia,Consumer Internet,Educational College Search platform,New Delhi,Umang Kumar,Seed / Angel,445000.0,2016,2016-01,True,False
2016-01-19,Villgro,FinTech,Social Business Incubator & Fund,Chennai,"Lemelson Foundation, Michael and Susan Dell Foundation",Private Equity,3500000.0,2016,2016-01,True,False
2016-01-20,Reddoorz,Consumer Internet,Budget Accomodation Aggregator,New Delhi,500 Startups,Private Equity,,2016,2016-01,False,False
2016-01-20,IndustryBuying,E-Commerce,B2B Industrial Goods Marketplace,New Delhi,Trifecta Capital,Private Equity,1800000.0,2016,2016-01,True,False
2016-01-20,Just Buy Live,E-Commerce,B2B Marketplace for Distributors,Mumbai,Alpha Capital,Private Equity,20000000.0,2016,2016-01,True,False
2016-01-20,IMbesharam,E-Commerce,Adult Products Etailers,New Delhi,Undisclosed US Based Investors,Private Equity,4000000.0,2016,2016-01,True,False
2016-01-20,Moodoo,Consumer Internet,Social Meeting organizer App,Mumbai,Sa\\xc3\\xafd Business School Seed Fund.,Seed / Angel,40000.0,2016,2016-01,True,False
2016-01-20,Saral Designs,Healthcare,Women Hygiene Product Manufacturer,Mumbai,"Farooq Adam, Ambi Parameswaran,",Seed / Angel,,2016,2016-01,False,False
2016-01-21,FirstCry,E-Commerce,Kids Focused eTailer,Pune,Ratan Tata,Private Equity,,2016,2016-01,False,False
2016-01-21,Fisdom,Consumer Internet,Personal Finance Mobile App,Bangalore,Rob Chandra,Seed / Angel,500000.0,2016,2016-01,True,False
2016-01-21,Easypolicy,Consumer Internet,Online insurance policy aggregator,Noida,Unilazer Ventures,Private Equity,2200000.0,2016,2016-01,True,False
2016-01-21,Housing,Consumer Internet,Online Real Estate Portal,Mumbai,SoftBank Corp,Private Equity,15000000.0,2016,2016-01,True,False
2016-01-21,CREO,Technology,Smartphone OS Developer,Bangalore,"Sequoia Capital, Beenext Ventures, India Quotient, Anand Chandrasekaran",Private Equity,3000000.0,2016,2016-01,True,False
2016-01-22,ShabdaNagari,Consumer Internet,Hindi Language Social Networking Portal,Kanpur,Kanpur Angels & Others,Seed / Angel,200000.0,2016,2016-01,True,False
2016-01-22,Little,Consumer Internet,Deal Discovery App,Bangalore,GIC,Private Equity,,2016,2016-01,False,False
2016-01-22,SnapBizz,E-Commerce,Mobile based Retail Market Ecosystem,Bangalore,"Jungle Ventures, Taurus Value Creation, Konly Venture, Blume Ventures",Private Equity,7200000.0,2016,2016-01,True,False
2016-01-22,Qlivery,Consumer Internet,on-demand concierge services,Gurgaon,Chandigarh Angels Funding,Seed / Angel,,2016,2016-01,False,False
2016-01-22,PlexusMD,Consumer Internet,Social Network for Healthcare Professionals,Ahmedabad,"Arihant Patni, Avnish Mehra, Pranay Adhvaryu, Ravi Sampat",Seed / Angel,,2016,2016-01,False,False
2016-01-22,Silvan,Technology,Home Automation & Security Solutions,Bangalore,The Chennai Angels,Seed / Angel,515000.0,2016,2016-01,True,False
2016-01-22,EPS,Technology,Electronic Payments Solution Company,Mumbai,APIS Partners,Private Equity,35000000.0,2016,2016-01,True,False
2016-01-22,Qubole,Technology,Enterprise Cloud Based Data Processing,Bangalore,"Institutional Venture Partners, Norwest Venture Partners, Lightspeed Venture Partners, CRV",Private Equity,30000000.0,2016,2016-01,True,False
2016-01-22,Gajty,Healthcare,Salons & Spa Chain,Gurgaon,Purvi Ventures,Seed / Angel,,2016,2016-01,False,False
2016-01-25,SIFTR Labs,Consumer Internet,Photography curation & Aggregator platform,Mumbai,Venture Catalysts,Seed / Angel,150000.0,2016,2016-01,True,False
2016-01-25,Power2SME,Consumer Internet,SME Online Buying Hub,Gurgaon,"Nandan Nilekani, Accel Partners, Kalaari Capital and Inventus Capital",Private Equity,21000000.0,2016,2016-01,True,False
2016-01-25,SkyCandle,E-Commerce,Home D\\xc3\\xa9cor Product etailer,New Delhi,GPA group,Private Equity,,2016,2016-01,False,False
2016-01-27,Teabox,E-Commerce,Specialty Tea ETailer,Siliguri,Ratan Tata,Private Equity,,2016,2016-01,False,False
2016-01-27,Buildzar,E-Commerce,Construction Material ETailer,Gurgaon,Puneet Dalmia,Private Equity,4000000.0,2016,2016-01,True,False
2016-01-27,Applicate,Technology,"Sales, Market, Distribution & Data Analytics Platform",Bangalore,Undisclosed,Seed / Angel,1000000.0,2016,2016-01,True,False
2016-01-27,WhatsOnRent,E-Commerce,Online Rental Marketplace,Bangalore,Lalit Mangal & Others,Seed / Angel,,2016,2016-01,False,False
2016-01-28,Zebi (yet to launch),Technology,Data Intelligence & Analytics,Hyderabad,Un disclosed investors,Seed / Angel,1000000.0,2016,2016-01,True,False
2016-01-28,Truce,FMCG,Vegetables & Fruits Supply Chain,Mumbai,"Anupam Mittal, Amit Gupta, Utsav Somani, Neeraj Goenka, Farooq Adam Mukadam",Seed / Angel,370000.0,2016,2016-01,True,False
2016-01-28,JustDoc,Consumer Interne,Medical Video Consultation platform,Bangalore,"TV Mohandas Pai, Mohit Saxena, Raghunandan G, Singapore Angel Network, TracxnLabs",Seed / Angel,,2016,2016-01,False,False
2016-01-28,Myeglu,Technology,Connected Smart Home Solutions,Bangalore,Foxconn Technology Group & Others,Seed / Angel,,2016,2016-01,False,False
2016-01-29,BitGiving,Consumer Internet,Crowd Funding Platform,New Delhi,"Harminder Sahni, Krishna Mehra, Sanjay Bakshi",Seed / Angel,,2016,2016-01,False,False
2016-01-29,Qriyo,Consumer Internet,Online Fitness & Educational information Aggregator,Jodhpur,Idein Ventures,Seed / Angel,160000.0,2016,2016-01,True,False
2016-01-29,N.O.W,Consumer Internet,Rental Bike Aggregator App,Noida,Maple Capital Advisors,Seed / Angel,,2016,2016-01,False,False
2016-01-29,Aisle,Consumer Internet,Indians focused Matchmaking App,Bangalore,"TermSheet, ah! Ventures",Seed / Angel,185000.0,2016,2016-01,True,False
2016-01-29,FreshMenu,Consumer Internet,Fresh Food Delivery platform,Bangalore,"Zodius Technology Fund, Lightspeed Venture Partners",Private Equity,17000000.0,2016,2016-01,True,False
2016-01-29,Truebil,E-Commerce,Online marketplace for cars,Mumbai,"Kalaari Capital, Inventus Capital, Tekton Ventures, Kae Capital",Private Equity,5150000.0,2016,2016-01,True,False
2016-01-29,Rare Media,Technology,Mobile & Cloud based App developer,New Delhi,Info Edge (India) Ltd,Private Equity,1100000.0,2016,2016-01,True,False
2016-01-29,TinMen,Consumer Internet,Food Delivery Platform,Hyderabad,Lead Angel Network,Seed / Angel,,2016,2016-01,False,False
2016-01-29,CodingLabs,Technology,Coding Skill Showcase & Resume Builder,Hyderabad,Vineet Nalla,Seed / Angel,,2016,2016-01,False,False
2016-01-30,FindUrClass,Consumer Internet,Hobby & Activity Class Aggregator,Mumbai,"Amit Patni, Anirudh Damani, Samir Shah",Seed / Angel,,2016,2016-01,False,False
2016-01-30,DesignBids,Consumer Internet,Interior Design Marketplace,New Delhi,Indian Angel Network,Seed / Angel,,2016,2016-01,False,False
2015-12-01,CollegeDekho,Online Education Information platform,Unknown,Jaipur,GirnarSoft,Seed / Angel,1000000.0,2015,2015-12,True,False
2015-12-01,Black White Orange Brands,Brand Licensing Startup,Unknown,Mumbai,YouWeCan Ventures,Seed / Angel,,2015,2015-12,False,False
2015-12-01,Biteclub,Gourmet Food Discovery & Delivery platform,Unknown,Gurgaon,growX ventures,Private Equity,,2015,2015-12,False,False
2015-12-01,Patel Logistics,Transportation & Logistics Platform,Unknown,Mumbai,Frontline Strategy,Private Equity,5600000.0,2015,2015-12,True,False
2015-12-01,Wigzo,Enterprise Marketing Automation platform,Unknown,New Delhi,"Aarin Capital Partners, TV Mohandas Pai",Seed / Angel,500000.0,2015,2015-12,True,False
2015-12-01,Zapluk,"Health, Wellness & Beauty Services App",Unknown,Hyderabad,Unknown,Seed / Angel,,2015,2015-12,False,False
2015-12-01,Godof Hospitals,Digital Healthcare,Unknown,New Delhi,Pankaj Gupta,Seed / Angel,2000000.0,2015,2015-12,True,False
2015-12-02,RoomsTonite,Last Minute Hotel Booking App,Unknown,Bangalore,"Lashit Sanghvi, Nikhil Vora, Venkat Vardhan,Mohammed Bin Abdul Rehman Al Khalifa, Ralph Berezan, Vissal Mathew, Balamurali Krishna",Seed / Angel,1500000.0,2015,2015-12,True,False
2015-12-02,Kaaryah,Womens Fashion Wear Portal,Unknown,New Delhi,"The Saha Fund, TV Mohandas Pai",Private Equity,,2015,2015-12,False,False
2015-12-03,Anakage,Product Learning platform,Unknown,Bangalore,CIO Angel Network (CAN),Seed / Angel,,2015,2015-12,False,False
2015-12-03,EasyKhaana,Online Food ordering & Delivery platform,Unknown,New Delhi,Undisclosed,Seed / Angel,100000.0,2015,2015-12,True,False
2015-12-03,Shuttl,App based Bus Pooling Services,Unknown,Gurgaon,"Sequoia Capital, Times Internet Ltd & One more Fund",Private Equity,20000000.0,2015,2015-12,True,False
2015-12-03,Eckovation,Social Learning Platform,Unknown,New Delhi,Chandigarh Angel Network (CAN),Seed / Angel,,2015,2015-12,False,False
2015-12-03,Fitcircle,Social Fitness platform,Unknown,Mumbai,Beerud Sheth and Ravi Mantha,Seed / Angel,,2015,2015-12,False,False
2015-12-04,Applop,On Demand Mobile app developer,Unknown,Kolkata,GHV Accelerator,Seed / Angel,100000.0,2015,2015-12,True,False
2015-12-04,CaRPM,Car Maintenance & Management mobile app,Unknown,Gurgaon,GHV Accelerator,Seed / Angel,100000.0,2015,2015-12,True,False
2015-12-04,NDTV Wedding portal,Online Wedding Marketplace,Unknown,New Delhi,CerraCap,Private Equity,20000000.0,2015,2015-12,True,False
2015-12-04,Splitkart,Splitting Bills Mobile App,Unknown,New Delhi,"Rajesh Sawhney, Anupam Mittal, Dinesh Agarwal, Gaurav Gupta,",Seed / Angel,,2015,2015-12,False,False
2015-12-07,Zenatix,IOT Energy Management Analytics platform,Unknown,Gurgaon,Blume Ventures,Private Equity,,2015,2015-12,False,False
2015-12-07,Customfurnish,Custom Made furniture e-tailer,Unknown,Hyderabad,Agnus Capital,Private Equity,4500000.0,2015,2015-12,True,False
2015-12-07,Faasos,QSR Chain,Unknown,Pune,"ru-Net, Sequoia Capital, Lightbox Ventures",Private Equity,30000000.0,2015,2015-12,True,False
2015-12-07,Vlurn,eLearning platform,Unknown,Mumbai,Vidyadhar Sarfare,Seed / Angel,,2015,2015-12,False,False
2015-12-07,Leaf Wearables,Smart Safety Wearable Devices,Unknown,New Delhi,"Ajeet Khurana Jinesh Shah, Vikram Chachra, Dr. Aniruddha Malpani",Seed / Angel,250000.0,2015,2015-12,True,False
2015-12-07,Coolshare,Cab Sharing service Mobile app,Unknown,Mumbai,Gopal Aggarwal,Seed / Angel,100000.0,2015,2015-12,True,False
2015-12-08,mFicient,Cloud Enterprise Mobility Platform,Unknown,New Delhi,Undisclosed,Seed / Angel,,2015,2015-12,False,False
2015-12-08,HeyBiz,Online Shopping Assistant Mobile app,Unknown,New Delhi,Shopclues,Seed / Angel,,2015,2015-12,False,False
2015-12-08,Yumist,Home Cooked Food Order & Delivery platform,Unknown,Gurgaon,"Unilazer Ventures, Orios Venture Partners, Steven Lurie",Private Equity,2000000.0,2015,2015-12,True,False
2015-12-09,Jigsaw Academy,Online School for Analytics learning,Unknown,Bangalore,Manipal Global Education Services,Private Equity,3000000.0,2015,2015-12,True,False
2015-12-09,JoeHukum,Chat based personal Assistant App,Unknown,Gurgaon,"TracxnLabs, Jitendra Gupta, Prashant Tandon",Seed / Angel,,2015,2015-12,False,False
2015-12-09,Voxweb,Picture creation & Social mobile app,Unknown,Mumbai,Undisclosed Investor,Seed / Angel,350000.0,2015,2015-12,True,False
2015-12-09,Aye Finance,Nonbanking finance company,Unknown,New Delhi,"SAIF Partners, Accion",Private Equity,3000000.0,2015,2015-12,True,False
2015-12-09,JumboBasket,eCommerce returns etailer,Unknown,Chandigarh,Chandigarh Angels Network,Seed / Angel,,2015,2015-12,False,False
2015-12-10,BlackBuck,Online Freight Services Aggregator,Unknown,Bangalore,"Tiger Global Management, Yuri Milner, Apoletto, Accel Partners, Flipkart",Private Equity,25000000.0,2015,2015-12,True,False
2015-12-10,HomeStudio,Online Branded Furniture etailer,Unknown,Bangalore,Bren Corporation,Private Equity,5000000.0,2015,2015-12,True,False
2015-12-10,PropheSee,Digital Analytics Platform,Unknown,New Delhi,"Indian Angel Network, Stanford Angels, Entrepreneurs India",Seed / Angel,500000.0,2015,2015-12,True,False
2015-12-10,i2e1,Internet Network Infrastructure Services,Unknown,New Delhi,GrowX Ventures,Seed / Angel,500000.0,2015,2015-12,True,False
2015-12-10,Holisol Logistics,Supply Chain & Logistics Solutions,Unknown,New Delhi,CLSA Capital Partners ARIA IV Funds,Private Equity,10000000.0,2015,2015-12,True,False
2015-12-10,Stay Simple Resorts,Holiday Resort Chain,Unknown,Bangalore,"Mr. Sudhir & Ms. Shalini Sethi, Mr. Praveen Someshwar",Seed / Angel,,2015,2015-12,False,False
2015-12-10,Paynear,Mobile Point of Sale solutions,Unknown,Hyderabad,Mitesh Majithia,Private Equity,2500000.0,2015,2015-12,True,False
2015-12-10,Chillr,Peer-to-Peer Money Transfer & Recharge App,Unknown,Mumbai,"Sequoia Capital, Blume Ventures, Uniqorn Ventures and other",Private Equity,70000000.0,2015,2015-12,True,False
2015-12-11,EureQa,Test Automation SAAS platform,Unknown,Hyderabad,"Sashi Reddi, Gabriel Investments",Seed / Angel,600000.0,2015,2015-12,True,False
2015-12-11,LocalCircles,Citizens Engagement Platform,Unknown,Noida,Anand Mahindra,Private Equity,,2015,2015-12,False,False
2015-12-11,GetFocus,Indoor Navigation & Analytics Solutions,Unknown,Mumbai,Undisclosed,Seed / Angel,,2015,2015-12,False,False
2015-12-11,UrbanClap,Hyperlocal On-Demand Household Services platform,Unknown,Gurgaon,Ratan Tata,Private Equity,,2015,2015-12,False,False
2015-12-11,OnlineRTI,Online RTI application services,Unknown,Bangalore,"LetsVenture, Mohandas Pai",Seed / Angel,150000.0,2015,2015-12,True,False
2015-12-11,Powerstores,ECommerce Website Creation SAAS platform,Unknown,Goa,Extreme Venture Partners William Bissell,Seed / Angel,,2015,2015-12,False,False
2015-12-11,Weddingz,Wedding Venues & Vendors Marketplace,Unknown,Mumbai,"Rajan Anandan, Zoya Akhtar, Reema Kagati, Ruchi Narain, Amrish Kumar, Hrishikesh Parandekar",Seed / Angel,1000000.0,2015,2015-12,True,False
2015-12-11,Intelligent Interfaces,Interface development platform for Government officials,Unknown,Bangalore,"Sachin Bansal, Binny Bansal",Seed / Angel,,2015,2015-12,False,False
2015-12-14,Capricoast,Modular Furnishings Marketplace,Unknown,Bangalore,"Accel Partners India, RB Investments",Private Equity,3500000.0,2015,2015-12,True,False
2015-12-14,JetSetGo,Private Jet Bookings Marketplace,Unknown,Bangalore,Puneet Dalmia,Private Equity,,2015,2015-12,False,False
2015-12-14,Cabsguru,Cab search Comparison & Booking platform,Unknown,New Delhi,Prashanth Ranganathan,Seed / Angel,200000.0,2015,2015-12,True,False
2015-12-14,Whoop,Performance Optimization Platform for athletes,Unknown,Boston,Infosys,Private Equity,3000000.0,2015,2015-12,True,False
2015-12-15,BookEventz,Event Venue Booking Platform,Unknown,Mumbai,"Mumbai Angels, Singapore Angel Network, Zishaan Hayath",Seed / Angel,,2015,2015-12,False,False
2015-12-15,Deal Street Asia,Digital Media Platform,Unknown,Singapore,"Vijay Shekhar Sharma, Singapore Angels Network",Seed / Angel,,2015,2015-12,False,False
2015-12-15,Streamoid,visual search and discovery platform,Unknown,Bangalore,Undisclosed,Seed / Angel,1000000.0,2015,2015-12,True,False
2015-12-16,Housejoy,Home services marketplace,Unknown,Bangalore,"Amazon, Vertex Ventures, Qualcomm, Ru-Net Technology Partners, Matrix Partners",Private Equity,22500000.0,2015,2015-12,True,False
2015-12-16,Bluebirch,End to End reverse logistics Solution platform,Unknown,Bangalore,"Chicago Capital Ventures, Sanjay Mehta, Others",Seed / Angel,2000000.0,2015,2015-12,True,False
2015-12-16,MeraDoctor,Virtual Health consultation app,Unknown,Mumbai,Unilazer,Private Equity,1200000.0,2015,2015-12,True,False
2015-12-16,STAGE 3,Online Renting platform,Unknown,New Delhi,"Nisha Sharma, Puneet Dalmia, Balaji Prabhakar",Seed / Angel,,2015,2015-12,False,False
2015-12-17,Rivigo,Logistics Services Provider,Unknown,Gurgaon,SAIF Partners and others,Private Equity,30000000.0,2015,2015-12,True,False
2015-12-17,Springboard,Data Science & UX design Learning platform,Unknown,Bangalore,"Allen Blue, John Katzman, Naveen Tewari, Kartik Hosanagar, Kashyap Deorah, 500 Startups, Blue Fog Capital",Seed / Angel,1700000.0,2015,2015-12,True,False
2015-12-17,Eatfresh,Online marketplace for Chef Meals,Unknown,Bangalore,Kalaari Capital,Private Equity,,2015,2015-12,False,False
2015-12-18,Ampere Vehicles,Electric Bike Manufacturers,Unknown,Coimbatore,Kris Gopalakrishnan & Others,Seed / Angel,1200000.0,2015,2015-12,True,False
2015-12-18,Focus Digit,ECommerce platform solutions,Unknown,New Delhi,Turning Ideas,Seed / Angel,,2015,2015-12,False,False
2015-12-18,The News Minute,Online Media Publication,Unknown,Bangalore,Quintillion Media,Seed / Angel,,2015,2015-12,False,False
2015-12-18,CBREX,International Hiring Platform,Unknown,Mumbai,"Prahlad Rao, Sundara Rajan, Vikram Chachra",Seed / Angel,200000.0,2015,2015-12,True,False
2015-12-21,TruckMandi,Logistics Service Provider Marketplace,Unknown,New Delhi,"Ritesh Dwivedy, Ramakant Sharma, Mount Nathan Advisors",Private Equity,2000000.0,2015,2015-12,True,False
2015-12-21,Peppertap,Hyperlocal Grocery Delivery Service,Unknown,Gurgaon,Innoven Capital,Private Equity,4000000.0,2015,2015-12,True,False
2015-12-21,KOOH Sports,Sports Education Platform,Unknown,Mumbai,"TCS, HDFC, Faering Capital, Elevate Sports",Private Equity,2000000.0,2015,2015-12,True,False
2015-12-22,RentOnGo,"Bike, Appliances Renting marketplace",Unknown,Bangalore,"Anand Chandrasekaran, Rajesh Sawhney, Kalpana Tatavarti, Shivanandan Pare",Seed / Angel,,2015,2015-12,False,False
2015-12-22,Industrybuying,Online Marketplace for Industrial Goods,Unknown,New Delhi,"Murugappa Group, TVS Group, Vellayan Subbiah, Arathi Krishna, Arun Venkatachalam",Seed / Angel,,2015,2015-12,False,False
2015-12-22,Zapr,Reward points mobile app,Unknown,Gurgaon,Dinesh Agarwal,Seed / Angel,,2015,2015-12,False,False
2015-12-22,LatestOne,Mobile accessories online store,Unknown,Hyderabad,Palred Technologies Ltd,Private Equity,3000000.0,2015,2015-12,True,False
2015-12-22,PlanetGogo,Content Discovery & reward points platform,Unknown,Gurgaon,HT Digital Media Holdings Ltd,Seed / Angel,,2015,2015-12,False,False
2015-12-22,Arya.ai,Artificial Intelligence platform,Unknown,Mumbai,"YourNest Angel Fund, Venture Nursery",Private Equity,750000.0,2015,2015-12,True,False
2015-12-22,Doctor Insta,Medical Consultation & Doctor appointment booking platform,Unknown,Gurgaon,"Rishi Parti, BrahmaX Ventures",Private Equity,500000.0,2015,2015-12,True,False
2015-12-22,MobieFit,Mobile Fitness App,Unknown,Goa,Medi Assist,Private Equity,1000000.0,2015,2015-12,True,False
2015-12-23,LafaLafa,"Digital Coupons, Deal & Cashback aggregator app",Unknown,Mumbai,Vectr Ventures,Private Equity,,2015,2015-12,False,False
2015-12-23,Mech Mocha,Mobile Game development & Design platform,Unknown,Bangalore,"Blume Ventures, Flipkart",Seed / Angel,1000000.0,2015,2015-12,True,False
2015-12-23,Shotang,B2B eCommerce Marketplace,Unknown,Bangalore,"Exfinity Venture Partners, Unitus Impact Livelihoods Fund",Private Equity,5000000.0,2015,2015-12,True,False
2015-12-23,CityFurnish,Furniture and appliances rental platform,Unknown,Gurgaon,Jitendra Gupta,Seed / Angel,,2015,2015-12,False,False
2015-12-24,Black White Orange,B2B Merchandize platform,Unknown,Mumbai,Collaborative Licensing Ventures LLP,Seed / Angel,303000.0,2015,2015-12,True,False
2015-12-24,Kolabro,Real Estate focused Tech platform,Unknown,Gurgaon,"Umang Kumar, Ruchir Arora & others",Seed / Angel,,2015,2015-12,False,False
2015-12-24,Canvera,Photographer Online search & booking platform,Unknown,Bangalore,Info Edge (India) Ltd,Private Equity,2200000.0,2015,2015-12,True,False
2015-12-28,Town Essentials,Grocery Delivery platform,Unknown,Bangalore,"Sharad Hegde, Girish Reddy, Siddharth Patil, Shrikant Patil",Seed / Angel,1000000.0,2015,2015-12,True,False
2015-12-28,Bumper,Mobile Car Servicing appointment app,Unknown,Bangalore,SAIF Partners,Seed / Angel,500000.0,2015,2015-12,True,False
2015-12-29,Hotify,New Curation Mobile App,Unknown,Bangalore,Mahavir Pratap Sharma,Seed / Angel,150000.0,2015,2015-12,True,False
2015-12-29,MobiKwik,Mobile Wallet,Unknown,Gurgaon,"Sequoia Capital, Tree Line Asia, Innoven Capital",Private Equity,6600000.0,2015,2015-12,True,False
2015-12-30,Intelligent Interfaces,Interface development platform for Government officials,Unknown,Bangalore,Yuvraj Singh,Seed / Angel,,2015,2015-12,False,False
2015-11-02,Twigly,Online Food Ordering & Delivery platform,Unknown,Gurgaon,"Amit Gupta, Sahil Barua, Mukul Singhal, Tracxn Labs",Seed / Angel,200000.0,2015,2015-11,True,False
2015-11-02,CityFlo,Bus Aggregation and rental mobile app,Unknown,Mumbai,IDG Ventures,Seed / Angel,750000.0,2015,2015-11,True,False
2015-11-03,Findyahan,hyperlocal online Services platform,Unknown,Noida,Times Group Brand Capital,Private Equity,,2015,2015-11,False,False
2015-11-03,Sabse,WiFi \xe2\x80\x93 first Cloud communication platform,Unknown,Mumbai,Ratan Tata,Private Equity,,2015,2015-11,False,False
2015-11-03,Pokkt,Alternate Mobile Monetization platform,Unknown,Mumbai,"Segnel Venture, Shinji Kimura, Sundar Chanrai, JAFCO Asia, SingTel\\xe2\\x80\\x99s Innov8, Jungle Ventures, K Ganesh",Private Equity,5000000.0,2015,2015-11,True,False
2015-11-03,oibanit,Online Food Ordering Marketplace,Unknown,Vadodara,"Varun Ahuja, Anubhav Verma",Seed / Angel,150000.0,2015,2015-11,True,False
2015-11-03,Stuffed,Quick Service Restaurant & Online Delivery,Unknown,Mumbai,Riqueza Capital,Seed / Angel,385000.0,2015,2015-11,True,False
2015-11-03,LoanBaba,Online Loans Marketplace,Unknown,Mumbai,Unknown,Seed / Angel,320000.0,2015,2015-11,True,False
2015-11-03,Deyor Rooms,Budget Hotels Aggregator,Unknown,New Delhi,Dheeraj Jain & Others,Seed / Angel,500000.0,2015,2015-11,True,False
2015-11-03,Bidgely,Efficient Energy Management platform,Unknown,USA,"Constellation Technology Ventures (Exelon Corporation), E.ON, RWE, Khosla Ventures",Private Equity,16600000.0,2015,2015-11,True,False
2015-11-04,Shirsa Labs,Digital Intelligent learning platform,Unknown,Mumbai,ah! Ventures,Seed / Angel,250000.0,2015,2015-11,True,False
2015-11-04,Paytunes,Voice Call incentivization mobile app,Unknown,New Delhi,CIO Angel Network,Seed / Angel,,2015,2015-11,False,False
2015-11-04,YourDOST,Online Counselling and psychological support platform,Unknown,Gwalior,"Phanindra Sama, Aprameya Radhakrishna, Aneesh Reddy, Neeraj Jawalkar, Sanjay Anandaram, Pavan Ongole, Venk Krishnan",Seed / Angel,400000.0,2015,2015-11,True,False
2015-11-05,BookMyBai,Domestic Help Aggregation platform,Unknown,Mumbai,Vineel Nalla & Others,Seed / Angel,150000.0,2015,2015-11,True,False
2015-11-05,MyIndianStay,Home Stay & room rentals platform,Unknown,Goa,Undisclosed,Seed / Angel,200000.0,2015,2015-11,True,False
2015-11-05,Bobble,Selfie Mobile App,Unknown,New Delhi,SAIF Partners & others,Private Equity,,2015,2015-11,False,False
2015-11-06,RepUp,Online Reputation Management Platform,Unknown,Gurgaon,Indian Angel Network,Seed / Angel,,2015,2015-11,False,False
2015-11-06,Satvacart,Online Grocery platform,Unknown,Gurgaon,Undisclosed HNIs,Private Equity,1800000.0,2015,2015-11,True,False
2015-11-06,POPxo,Online content platform for women,Unknown,New Delhi,"IDG Ventures India, Kalaari Capital, 500 Startups",Private Equity,2000000.0,2015,2015-11,True,False
2015-11-06,SparesHub,Online Vehicle Spare Parts etailer,Unknown,Pune,"Hyderabad Angels, M&S Partners",Seed / Angel,460000.0,2015,2015-11,True,False
2015-11-06,Explara,Event Ticketing platform,Unknown,Pune,"Hyderabad Angels, Singapore Angel Network, Ness Wadia",Private Equity,490000.0,2015,2015-11,True,False
2015-11-06,Soothe Healthcare,affordable Personal Healthcare Products,Unknown,Noida,Saina Nehwal,Seed / Angel,,2015,2015-11,False,False
2015-11-06,Yuvi Hospitality,Premium dining Lounges & restaurants,Unknown,Gurgaon,Chandralekha Construction Pvt. Ltd.,Private Equity,15000000.0,2015,2015-11,True,False
2015-11-09,AppVirality,Mobile Growth Hacking Platform,Unknown,Hyderabad,"Rajan Anandan, Mike Galgon, Ravi Gururaj, Ashim Mehra, Mohit Saxena, Internet Group, TNN Capital and others",Seed / Angel,500000.0,2015,2015-11,True,False
2015-11-09,iStar Skill Development,Skill Training Startup,Unknown,Bangalore,"Michael & Susan Dell Foundation, Unitus Seed Fund",Private Equity,1500000.0,2015,2015-11,True,False
2015-11-09,BigStylist,Beauty and Wellness Marketplace,Unknown,Mumbai,Info Edge,Private Equity,1000000.0,2015,2015-11,True,False
2015-11-09,Zilingo,Marketplace App for Bangkok,Unknown,Bangalore,"Sequoia India, BEENEXT Ventures, Kunal Shah & Sandeep Tandon",Private Equity,1900000.0,2015,2015-11,True,False
2015-11-09,Didi,On-demand Maids Service Provider,Unknown,Mumbai,"Jozef Bardik, Leo Wang Sangeeth Ram",Seed / Angel,150000.0,2015,2015-11,True,False
2015-11-09,Skoov,eCommerce Product Search Engine,Unknown,Mumbai,undisclosed investor,Seed / Angel,150000.0,2015,2015-11,True,False
2015-11-10,Chefs Basket,Ready to cook packaged Foods,Unknown,Mumbai,"SAIF Partners, Haresh Chawla",Private Equity,6000000.0,2015,2015-11,True,False
2015-11-11,Gingercrush,Product Customization Platform,Unknown,Vadodara,TV Mohandas Pai\\xe2\\x80\\x99s family office,Seed / Angel,,2015,2015-11,False,False
2015-11-11,Delight Foods,Branded Food products online sales,Unknown,Bangalore,"Lensbridge Capital, Mape Advisory Group, Fireside Ventures",Private Equity,600000.0,2015,2015-11,True,False
2015-11-11,6Degree,Talent platform for Fashion professionals,Unknown,Goa,"Centre For Incubation & Business Acceleration (CIBA), Goa",Seed / Angel,,2015,2015-11,False,False
2015-11-11,RenewBuy,Auto Insurance Online platform,Unknown,Gurgaon,Mount Nathan Advisors Pte Ltd,Seed / Angel,500000.0,2015,2015-11,True,False
2015-11-11,Grab,Hyperlocal Logistics Service Provider,Unknown,Mumbai,Sixth Sense Ventures,Seed / Angel,,2015,2015-11,False,False
2015-11-12,Hitwicket,Cricket Management Mobile Game,Unknown,Hyderabad,Chennai Angels,Seed / Angel,250000.0,2015,2015-11,True,False
2015-11-13,Flashdoor,On Demand Laundry Service platform,Unknown,Bangalore,"Sujeet Kumar, Ankit Nagori, Traxcn Labs",Seed / Angel,,2015,2015-11,False,False
2015-11-16,Cashkaro,Ecommerce Discount & Cashback coupons platform,Unknown,Gurgaon,Kalaari Capital,Private Equity,3700000.0,2015,2015-11,True,False
2015-11-16,Absentia,Virtual Reality Headset creator,Unknown,Bangalore,"Astarc Ventures, 50K Ventures & others",Seed / Angel,180000.0,2015,2015-11,True,False
2015-11-16,Renowala,Home Improvement Service platform,Unknown,Hyderabad,Logtally,Seed / Angel,,2015,2015-11,False,False
2015-11-16,TaskBucks,mobile-only tasks marketplace,Unknown,New Delhi,Times Internet,Private Equity,15000000.0,2015,2015-11,True,False
2015-11-17,CraftsVilla,Women Ethnic Wear Online Marketplace,Unknown,Mumbai,"Sequoia India, Lightspeed Venture Partners, Nexus Venture Partners, Global Founders Capital, Apoletto",Private Equity,34000000.0,2015,2015-11,True,False
2015-11-17,Julia Computing,Numerical Computing & Data Science Platform,Unknown,Bangalore,Gordon and Betty Moore Foundation,Seed / Angel,600000.0,2015,2015-11,True,False
2015-11-17,StyleTag,Designer fashion Jewellery Marketplace,Unknown,Bangalore,Jitu Virwani,Seed / Angel,7500000.0,2015,2015-11,True,False
2015-11-17,Smytten,Online Products Discovery Platform,Unknown,Gurgaon,"Rimpal Chawla, Anuj Srivastava",Seed / Angel,200000.0,2015,2015-11,True,False
2015-11-17,BiBox,Kids Tool kit for Innovation platform,Unknown,Bangalore,Ravi Krishnamurthy,Seed / Angel,530000.0,2015,2015-11,True,False
2015-11-17,Convegenius,Mobile Learning Solutions,Unknown,Noida,Enablers platform,Seed / Angel,300000.0,2015,2015-11,True,False
2015-11-18,Ola,Car Aggregator & Retail Mobile App,Unknown,Bangalore,"Baillie Gifford, Falcon Edge Capital, Tiger Global, SoftBank Group, DST Global, Didi Kuaidi",Private Equity,500000000.0,2015,2015-11,True,False
2015-11-18,Goodbox,conversational commerce mobile app,Unknown,Bangalore,Nexus Venture Partners,Private Equity,2500000.0,2015,2015-11,True,False
2015-11-18,ScoopWhoop,Viral Content web Platform,Unknown,New Delhi,Kalaari Capital,Private Equity,4000000.0,2015,2015-11,True,False
2015-11-18,Hipship,Express local delivery platform,Unknown,Bangalore,"Inara Capital , Rishi Khiani",Seed / Angel,,2015,2015-11,False,False
2015-11-18,Pickrr,On-Demand Local Logistics provider,Unknown,New Delhi,Palaash Ventures,Seed / Angel,,2015,2015-11,False,False
2015-11-18,Truelancer,Curated Freelancer Marketplace,Unknown,New Delhi,"Blackstone Valley Group, Raghu Vohra, Aditya Dev Sood, Kamal Bansal",Seed / Angel,,2015,2015-11,False,False
2015-11-19,AHA Taxis,Online Taxi Rental Platform,Unknown,Noida,ah! Ventures,Seed / Angel,,2015,2015-11,False,False
2015-11-19,UrbanClap,Mobile Services Marketplace,Unknown,Gurgaon,"Bessemer Venture Partner, Accel, SAIF Partners",Private Equity,25000000.0,2015,2015-11,True,False
2015-11-19,SenseGiz,Smartwatch Maker,Unknown,Belgaum,Karnataka Semiconductor Venture Capital firm,Seed / Angel,500000.0,2015,2015-11,True,False
2015-11-19,PlaceofOrigin,Online Gourmet Food Marketplace,Unknown,Bangalore,"S.D. Shibulal, Kris Gopalakrishnan, Srinath Batni, Professor Tarun Khanna, Ganapathy Venugopal.",Seed / Angel,,2015,2015-11,False,False
2015-11-19,Fourseven,Online Jewellery etailer,Unknown,New Delhi,Indian Angel Network,Seed / Angel,455000.0,2015,2015-11,True,False
2015-11-20,MindTickle,Sales & Productivity Software,Unknown,Pune,New Enterprise Associates,Private Equity,12500000.0,2015,2015-11,True,False
2015-11-20,Shopsense,ecommerce related software product platform,Unknown,Mumbai,"Kae Capital, Kunal Bahl, Rohit Bansal",Seed / Angel,,2015,2015-11,False,False
2015-11-20,Medinfi,Health-Tech platform,Unknown,Bangalore,"Ram Kumar Kakani, Pradeep K Jaisingh, Sunil T V, Vijay Ghadge, Hemant Kaul, Gurmeet Chahal & Others",Seed / Angel,305000.0,2015,2015-11,True,False
2015-11-20,OUWT,Nightlife Discovery Mobile App,Unknown,Mumbai,Undisclosed,Seed / Angel,150000.0,2015,2015-11,True,False
2015-11-20,HeyPillow,Online Real Estate Marketplace,Unknown,Bangalore,Hampton Capital,Private Equity,3000000.0,2015,2015-11,True,False
2015-11-21,Healers At Home,"Home Healthcare Services platform,",Unknown,New Delhi,"Daljit Singh, Dr. Pramath Raj Sinha, BVR Mohan Reddy",Seed / Angel,,2015,2015-11,False,False
2015-11-21,Caravan Craft,Indian Ethnic Crafts Etailer,Unknown,Bangalore,"Unitus Seed Fund, Bijou Kurien, Narayan Ramachandran",Private Equity,1200000.0,2015,2015-11,True,False
2015-11-21,Talkoot,Social platform for traders and investors,Unknown,Bangalore,Undisclosed,Seed / Angel,100000.0,2015,2015-11,True,False
2015-11-23,RentoMojo,"Online Furniture, Home Appliances Rental Platform",Unknown,Bangalore,"IDG Ventures India, Accel Partners India",Private Equity,2000000.0,2015,2015-11,True,False
2015-11-23,Medikoe,Healthcare Services Discovery platform,Unknown,Bangalore,Anil Menon,Seed / Angel,100000.0,2015,2015-11,True,False
2015-11-24,Stylofie,Health and Beauty Services Marketplace,Unknown,Gurgaon,Swastika,Seed / Angel,250000.0,2015,2015-11,True,False
2015-11-24,ServX,Automotive Services platform,Unknown,New Delhi,Manish Gupta,Seed / Angel,,2015,2015-11,False,False
2015-11-24,Naaptol,Online and TV Shopping Marketplace,Unknown,Mumbai,"Mitsui & Co., New Enterprise Associates, Canaan Partners, Silicon Valley Bank",Private Equity,52000000.0,2015,2015-11,True,False
2015-11-24,Crayon Data,Big Data Analytics Platform,Unknown,Chennai,Ratan Tata,Private Equity,,2015,2015-11,False,False
2015-11-25,EarlySalary,Mobile App based Loan disbursement platform,Unknown,Mumbai,Ashok Agarwal,Seed / Angel,1500000.0,2015,2015-11,True,False
2015-11-25,Tooler,On Demand Laundry Services App,Unknown,New Delhi,"Raghu Khanna, Sameer Gupta",Seed / Angel,110000.0,2015,2015-11,True,False
2015-11-25,S Chand,Education Content Provider,Unknown,New Delhi,IFC Everstone Group,Private Equity,27000000.0,2015,2015-11,True,False
2015-11-26,Stelae,Content Management Software Solutions,Unknown,Chennai,Earlsfield Capital,Private Equity,,2015,2015-11,False,False
2015-11-26,GoQii,Fitness Tracking Management Solutions,Unknown,Mumbai,"New Enterprise Associates, Cheetah Mobile",Private Equity,13400000.0,2015,2015-11,True,False
2015-11-26,Grofers,Hyper-local Grocery Delivery platform,Unknown,Gurgaon,"Softbank, Tiger Global, Sequoia Capital, Apoletto Managers",Private Equity,120000000.0,2015,2015-11,True,False
2015-11-26,Pluss,Hyperlocal healthcare product Delivery Service provider,Unknown,Gurgaon,"IDG Ventures, M & S partners, Powerhouse Ventures (USA).",Private Equity,1000000.0,2015,2015-11,True,False
2015-11-26,KountMoney,Online Lending Marketplace,Unknown,Bangalore,"Tracxn, Ashish Goenka & Others",Seed / Angel,,2015,2015-11,False,False
2015-11-27,StayGlad,On Demand Beauty Services Platform,Unknown,Bangalore,"Bessemer Venture Partners, Anil Chopra",Private Equity,,2015,2015-11,False,False
2015-11-27,JustRide,Self Driven Rental Car Platform,Unknown,Mumbai,Unknown,Private Equity,2000000.0,2015,2015-11,True,False
2015-11-27,Fastudent,Education Content etailer,Unknown,Noida,Ashish Gupta,Seed / Angel,,2015,2015-11,False,False
2015-11-27,LearnOn,Clud based Learning platform,Unknown,Chennai,JMR Infotech India Pvt Ltd,Seed / Angel,,2015,2015-11,False,False
2015-11-27,Talentrack,Talent Exchange & Talent Services Marketplace,Unknown,New Delhi,Unigrowth Inc,Seed / Angel,,2015,2015-11,False,False
2015-11-28,M-TAXI,Two-Wheeler Taxi Service,Unknown,Gurgaon,"Mandeep Singh, Jairaj Singh",Seed / Angel,,2015,2015-11,False,False
2015-11-30,Baxi,Two-Wheeler Taxi Service,Unknown,Gurgaon,"Manish Kheterpal, Alok Mittal, Puneet Dalmia,",Seed / Angel,1450000.0,2015,2015-11,True,False
2015-11-30,Superhero Brands,character merchandize sales platform,Unknown,Mumbai,DSG Consumer Partners,Seed / Angel,540000.0,2015,2015-11,True,False
2015-11-30,MoMagic,Mobile Application Developer,Unknown,New Delhi,FIH Mobile Ltd,Private Equity,,2015,2015-11,False,False
2015-11-30,QikPod,Ecommerce Delivery locker services,Unknown,Bangalore,"Flipkart, Accel Partners, Delhivery, Foxconn",Private Equity,9000000.0,2015,2015-11,True,False
2015-11-30,Butterfly Interactive,extra curricular activities marketplace app,Unknown,New Delhi,Undisclosed,Seed / Angel,,2015,2015-11,False,False
2015-11-30,Bro4U,Hyperlocal Online Home services provider,Unknown,Bangalore,Sargod Ventures,Seed / Angel,,2015,2015-11,False,False
2015-10-01,Indifi,Easy Business Loans platform,Unknown,Gurgaon,"Accel Partners, Elevar Equity, Pramod Bhasin, Rajan Anandan, Gaurav Dalmia, Abhishek Goyal, Gagan Hasteer , Arun Tadanki",Seed / Angel,,2015,2015-10,False,False
2015-10-01,Wydr,Performance based Wholesale Marketplace,Unknown,New Delhi,Sandeep Aggarwal,Seed / Angel,,2015,2015-10,False,False
2015-10-01,EasyFix,Professional Services Marketplace,Unknown,Gurgaon,Axilor Ventures,Seed / Angel,,2015,2015-10,False,False
2015-10-01,Muvizz,Movie-on-demand platform,Unknown,Singapore,"Ashish Todi, Abhinav Patodia, Kumar Shwetabh",Seed / Angel,350000.0,2015,2015-10,True,False
2015-10-01,Abhibus,us ticketing and fleet management platform,Unknown,Hyderabad,Paytm (One97 communications),Private Equity,,2015,2015-10,False,False
2015-10-01,Cleartax,Online Income Tax Filing platform,Unknown,New Delhi,Paytm (One97 communications),Private Equity,,2015,2015-10,False,False
2015-10-02,Shopalyst,Product discovery & recommendation platform,Unknown,Bangalore,Kalaari Capital,Private Equity,2000000.0,2015,2015-10,True,False
2015-10-03,Chillr,Mobile Payments App,Unknown,Mumbai,Sequoia Capital,Private Equity,6000000.0,2015,2015-10,True,False
2015-10-05,Nykaa,Beauty & Wellness Products e-tailer,Unknown,Mumbai,"Harsh Mariwala, Atul Nishar, Dalip Pathak, Michael Carlos",Private Equity,9500000.0,2015,2015-10,True,False
2015-10-05,Voylla,Fashion jewelry and accessories e-tailer,Unknown,Jaipur,Peepul Capital,Private Equity,15000000.0,2015,2015-10,True,False
2015-10-05,IndiaLends,Online Consumer Lending platform,Unknown,New Delhi,"DSG consumer Partners, Paragon Partners",Private Equity,1000000.0,2015,2015-10,True,False
2015-10-05,Rock N Shop,Premium Apparel shopping portal,Unknown,New Delhi,High Networth Individuals (undisclosed),Seed / Angel,150000.0,2015,2015-10,True,False
2015-10-06,DocPlexus,Exclusive Platform for Doctors & Healthcare professionals,Unknown,Pune,"Uniqorn ventures, ASP Consulting",Seed / Angel,700000.0,2015,2015-10,True,False
2015-10-06,WorkIndia,Job Board,Unknown,Mumbai,"Satyen Kothari, Keshav Sanghi, Riddhesh Gandhi & Others",Seed / Angel,500000.0,2015,2015-10,True,False
2015-10-06,SportzVillage,Sports Management & Physical Education Business,Unknown,Bangalore,Gaja Capital Private Equity Fund,Private Equity,10000000.0,2015,2015-10,True,False
2015-10-06,SportyBeans,multi-sport program for preschoolers,Unknown,Pune,YouWeCan Ventures,Seed / Angel,,2015,2015-10,False,False
2015-10-06,Burger Singh,QSR & Online delivery portal,Unknown,Gurgaon,"Ashvin Chadha, Avtar Monga, Udaan Angels, Dheeraj Jain",Seed / Angel,500000.0,2015,2015-10,True,False
2015-10-06,Welcome Cure,Online Homeopathy Clinic,Unknown,Mumbai,Unnamed Media house and HNIs,Private Equity,6000000.0,2015,2015-10,True,False
2015-10-07,SchoolGuru,E-Learning Service Provider,Unknown,Mumbai,High Networth Individuals from India & USA,Private Equity,3000000.0,2015,2015-10,True,False
2015-10-07,Naturally Yours,Organic Food etailer,Unknown,Mumbai,Sanjay Mehta,Seed / Angel,,2015,2015-10,False,False
2015-10-07,GoJavas,Delivery & Logistics Service provider,Unknown,Gurgaon,Snapdeal,Private Equity,20000000.0,2015,2015-10,True,False
2015-10-07,Scandid,Product Discovery & comparison App,Unknown,Pune,Micromax Informatics,Private Equity,,2015,2015-10,False,False
2015-10-07,StalkBuyLove,Online Apparels Fashion brand,Unknown,New Delhi,"Mato Peric, Peter Kabel & others",Private Equity,,2015,2015-10,False,False
2015-10-08,ZuperMeal,Home Cooked Food marketplace & Delivery,Unknown,Mumbai,"Sanjeev Kapoor, Ravi Saxena & Others",Private Equity,2000000.0,2015,2015-10,True,False
2015-10-08,Cube26,Gesture based Mobile Development,Unknown,New Delhi,"Tiger Global Management, Flipkart",Private Equity,7700000.0,2015,2015-10,True,False
2015-10-08,Mobikon,Hotel Mobile CRM Software platform,Unknown,Pune,"Life.SREDA, Qualgro",Private Equity,,2015,2015-10,False,False
2015-10-08,Grabhouse,Rental Accommodation Search platform,Unknown,Bangalore,Sequoia and Kalaari Capital.,Private Equity,10000000.0,2015,2015-10,True,False
2015-10-08,Quifers,Logistics Tech Platform,Unknown,Mumbai,"Vikas Agarwal, Vishal Khare, Sanjeev Kakkar, Smile Group",Seed / Angel,310000.0,2015,2015-10,True,False
2015-10-09,Stockroom.io,Developer Portfolio Showcase platform,Unknown,Hyderabad,Undisclosed,Seed / Angel,70000.0,2015,2015-10,True,False
2015-10-09,Curofy,Doctors Network Mobile App,Unknown,New Delhi,RoundGlass Partners,Private Equity,,2015,2015-10,False,False
2015-10-09,Cloud Lending,End-to-End Lending platform,Unknown,Bangalore,SF Capital Group,Private Equity,8000000.0,2015,2015-10,True,False
2015-10-09,Inayo,on-demand healthcare marketplace,Unknown,Mumbai,"Kemark Ventures, Amit Ranjan, Zishaan Hayath and Others",Seed / Angel,300000.0,2015,2015-10,True,False
2015-10-09,WoNoBo,360-degree view creating platform,Unknown,Bangalore,Quikr,Private Equity,,2015,2015-10,False,False
2015-10-09,Kulzy,Advertising & Marketing Community Networking platform,Unknown,New Delhi,"Seedfund, Bedrock Ventures",Seed / Angel,1000000.0,2015,2015-10,True,False
2015-10-09,Zeppery,Food Ordering & Delivery App,Unknown,New Delhi,Suyash Sharma,Seed / Angel,77000.0,2015,2015-10,True,False
2015-10-12,Zify,Ride Sharing platform,Unknown,Hyderabad,Sean O\\xe2\\x80\\x99Sullivan & Others,Seed / Angel,190000.0,2015,2015-10,True,False
2015-10-12,Faircent,Online P2P lending marketplace,Unknown,Gurgaon,Aarin Capital Partners,Private Equity,,2015,2015-10,False,False
2015-10-12,Bizongo,B2B marketplace for industrial goods,Unknown,Mumbai,Accel Partners,Seed / Angel,,2015,2015-10,False,False
2015-10-12,Gridle,Cloud Based Collaboration platform,Unknown,Ahmedabad,LetsVenture,Seed / Angel,100000.0,2015,2015-10,True,False
2015-10-12,Tripoto,global community for travellers,Unknown,New Delhi,"500 Startups, IDG Ventures & Advantedge fund, Neeraj Arora, Leon Seynave",Private Equity,,2015,2015-10,False,False
2015-10-12,Mubble,Prepaid Bill manager App,Unknown,Bangalore,Accel Partners,Private Equity,,2015,2015-10,False,False
2015-10-13,Voodoo,Mobile Only Shopping Assistant,Unknown,New Delhi,SAIF Partners,Seed / Angel,1000000.0,2015,2015-10,True,False
2015-10-13,Lookup,Mobile Messaging Assistant App,Unknown,Bangalore,"Khosla Impact, Biz Stone, Catamaran Ventures, Global Founders Capital, European investment fund",Private Equity,2500000.0,2015,2015-10,True,False
2015-10-14,AskMyGift,Personalized Wish List creator app,Unknown,Noida,Turning Ideas,Seed / Angel,50000.0,2015,2015-10,True,False
2015-10-14,Gaana,Music Streaming mobile app,Unknown,Mumbai,Micromax Informatics Ltd,Private Equity,,2015,2015-10,False,False
2015-10-14,Zappfresh,Raw Meat & Ready to eat food etailer,Unknown,Gurgaon,Undisclosed,Seed / Angel,77000.0,2015,2015-10,True,False
2015-10-14,GymTrekker,Gym Discovery platform,Unknown,Mumbai,"Dewang Neralla,Roopak Taneja, Manisha Gupta",Seed / Angel,,2015,2015-10,False,False
2015-10-15,Bounty App,Online Purchase rewards app,Unknown,Bangalore,"Fireside Ventures, Mumbai Angels MAPE Advisory Group.",Seed / Angel,,2015,2015-10,False,False
2015-10-16,Homers,Home rental platform,Unknown,Gurgaon,"Devesh Rai G, Rajesh Aggarwal, Amitpal Bhutani",Seed / Angel,,2015,2015-10,False,False
2015-10-16,mShipper,Crowdsourced Delivery platform,Unknown,New Delhi,Vijai Laxmi,Seed / Angel,,2015,2015-10,False,False
2015-10-16,BolRealty,Real Estate Insights platform,Unknown,New Delhi,Manpreet Singh,Seed / Angel,,2015,2015-10,False,False
2015-10-17,S-Cube Futuretech,Structural & Civil Engg Service Automation,Unknown,Mumbai,Parampara Capital,Private Equity,1000000.0,2015,2015-10,True,False
2015-10-19,LetsVenture,Startup Funding Marketplace,Unknown,Bangalore,"Accel Partners, Anupam Mittal & other marquee investors",Private Equity,,2015,2015-10,False,False
2015-10-19,Citrus Payment,Payments Solution platform,Unknown,Mumbai,"Sequoia Capital, Ascent Capital, eContext Asia, Beenos Asia",Private Equity,25000000.0,2015,2015-10,True,False
2015-10-19,Holidify,Travel Destination Discovery platform,Unknown,New Delhi,Aarti Group,Seed / Angel,100000.0,2015,2015-10,True,False
2015-10-20,PrimaSeller,Order Fulfillment SAAS platform,Unknown,Bangalore,"Dr. Aniruddha Malpani Manish Gupta, M&S Partners & others",Seed / Angel,,2015,2015-10,False,False
2015-10-20,Opinio,Last Mile Delivery Service,Unknown,Bangalore,"Delhivery, Sands Capital and Accel Partners",Private Equity,7000000.0,2015,2015-10,True,False
2015-10-20,Attune Technologies,Healthcare IT Solutions & services,Unknown,Chennai,"Qualcomm Venture, Norwest Venture Partners",Private Equity,10000000.0,2015,2015-10,True,False
2015-10-20,iChef,Gourmet Meals Delivery,Unknown,Mumbai,Springboard Ventures,Private Equity,,2015,2015-10,False,False
2015-10-21,Jiyo Natural,Healthy Meals Food delivery platform,Unknown,Bangalore,Indian Angel Network,Seed / Angel,,2015,2015-10,False,False
2015-10-21,AgentDesks,Real Estate Mobile CRM,Unknown,New York,"Sierra Ventures, Cota Capital, Vegas Tech Fund",Seed / Angel,2950000.0,2015,2015-10,True,False
2015-10-21,White Owl Brewery,Micro-Brewery,Unknown,Mumbai,"Arihant Patni, RAAY Global Investments",Private Equity,1530000.0,2015,2015-10,True,False
2015-10-21,MealHopper,Home Made Food Marketplace,Unknown,Gurgaon,"Alok Bajpai, Rajnish Kumar, Amit Dey",Seed / Angel,100000.0,2015,2015-10,True,False
2015-10-21,Zenify,residential rental management platform,Unknown,Bangalore,"Atul Jalan, Shrikanth & Bharath",Seed / Angel,640000.0,2015,2015-10,True,False
2015-10-21,Stockal,Personalized Stock Intelligence Platform,Unknown,Bangalore,"R Natarajan, Mohan Alexander",Seed / Angel,,2015,2015-10,False,False
2015-10-23,Medd,Personal Diagnostic Mobile App,Unknown,Mumbai,Group of Angel investors,Seed / Angel,150000.0,2015,2015-10,True,False
2015-10-23,Leaping Caravan,Online food ordering & Delivery service,Unknown,Gurgaon,Group of Angel investors,Seed / Angel,150000.0,2015,2015-10,True,False
2015-10-23,Frsh,Online food ordering & Delivery service,Unknown,Gurgaon,"Mumbai Angels, Mayank Bhangdia, Kae Capital",Private Equity,1000000.0,2015,2015-10,True,False
2015-10-23,Qik Stay,Hotel Aggregator & booking platform,Unknown,New Delhi,ID Enablers Pvt Ltd,Seed / Angel,250000.0,2015,2015-10,True,False
2015-10-26,Parcelled,Online Logistics Platform,Unknown,Bangalore,Delhivery,Private Equity,5000000.0,2015,2015-10,True,False
2015-10-26,AlmaMapper,Online Student & Campus Social Networking platform,Unknown,Ahmedabad,Oswal Techno Ventures LLP,Seed / Angel,400000.0,2015,2015-10,True,False
2015-10-26,Flexing It,Professionals & Project Search Marketplace,Unknown,New Delhi,undisclosed private investors,Seed / Angel,500000.0,2015,2015-10,True,False
2015-10-26,Netmeds,Online Pharmacy,Unknown,Chennai,"OrbiMed, Pradip Dadha Group",Private Equity,50000000.0,2015,2015-10,True,False
2015-10-26,Razorpay,Online Payment Gateway,Unknown,Jaipur,"Tiger Global Management, Matrix Partners",Private Equity,9000000.0,2015,2015-10,True,False
2015-10-27,Jombay,Psychometric Test Online Software,Unknown,Pune,Ventureworks India,Private Equity,,2015,2015-10,False,False
2015-10-27,Happitoo,Location based Nightlife recommendation Platform,Unknown,Mumbai,Unnamed investor,Seed / Angel,77000.0,2015,2015-10,True,False
2015-10-27,Care24,Professional Health Services Platform,Unknown,Mumbai,India Quotient,Seed / Angel,350000.0,2015,2015-10,True,False
2015-10-27,Roadrunnr,Hyperlocal Logistics Service,Unknown,Bangalore,"Sequoia Capital, Nexus Venture Partners",Private Equity,10000000.0,2015,2015-10,True,False
2015-10-27,Simpli5d,Online user engagement platform,Unknown,Gurgaon,"Redcliffe Capital, YourNest Angel Fund",Private Equity,,2015,2015-10,False,False
2015-10-28,ORIGA Leasing,Asset Financing platform,Unknown,Mumbai,"ah! Ventures, 500 Startups & Other HNIs",Seed / Angel,1100000.0,2015,2015-10,True,False
2015-10-28,Smartivity,Virtual Reality activity based learning platform,Unknown,New Delhi,S Chand and Co Pvt Ltd,Seed / Angel,200000.0,2015,2015-10,True,False
2015-10-28,UrDoorStep,Online Grocery Store,Unknown,Bangalore,Jupiter Capital,Private Equity,,2015,2015-10,False,False
2015-10-29,Tavaga,Investment management platform,Unknown,Mumbai,Tracxn Syndicate,Seed / Angel,,2015,2015-10,False,False
2015-10-29,Moglix,Industrial Toons Marketplace,Unknown,Noida,"Accel Partner, Jungle Ventures",Private Equity,,2015,2015-10,False,False
2015-10-29,ZopHop,Public Commute helper App,Unknown,Mumbai,"Amit Singhal, PK Gulati & others",Seed / Angel,450000.0,2015,2015-10,True,False
2015-10-30,Niki.ai,Artificial Intelligence Ecommerce Chatbot,Unknown,Bangalore,Unilazer Ventures,Seed / Angel,,2015,2015-10,False,False
2015-10-30,Instavans,Truck Aggregator & Logistics service,Unknown,Bangalore,Suresh Vaswani,Seed / Angel,,2015,2015-10,False,False
2015-10-30,LiftO,Ridesharing Mobile app,Unknown,Mumbai,"Rajesh Bhatia, Dheeraj Mehta & Others",Seed / Angel,130000.0,2015,2015-10,True,False
2015-10-30,TinyOwl,Food Discovery & Delivery Mobile app,Unknown,Mumbai,"Sequoia Capital, Matrix Partners",Private Equity,7500000.0,2015,2015-10,True,False
2015-10-30,Toppr,Competitive exam learning platform,Unknown,Mumbai,InnoVen Capital,Private Equity,2000000.0,2015,2015-10,True,False
2015-10-30,Kleeto,Document Digitization platform,Unknown,Gurgaon,GREX,Seed / Angel,230000.0,2015,2015-10,True,False
2015-10-30,BeaconsTalk,proximity marketing & Mobile Advertising platform,Unknown,Mumbai,Puneet Bhatia & others,Seed / Angel,80000.0,2015,2015-10,True,False
2015-10-31,Jugnoo,Autorickshaw Aggregator & Booking platform,Unknown,Chandigarh,Paytm,Private Equity,10000000.0,2015,2015-10,True,False
2015-09-01,TOFlo,FinTech Startup Incubation platform,Unknown,Mumbai,Tania Johny Palathinkal,Seed / Angel,100000.0,2015,2015-09,True,False
2015-09-01,FXMartIndia,Payment Services platform,Unknown,Chandigarh,Flipkart,Private Equity,,2015,2015-09,False,False
2015-09-01,Stylecracker,Personalized Styling platform,Unknown,Mumbai,Group of HNI investors,Private Equity,1000000.0,2015,2015-09,True,False
2015-09-01,Luxuryhues,Luxury goods Shopping Platform,Unknown,Gurgaon,Reliance Capital,Private Equity,900000.0,2015,2015-09,True,False
2015-09-02,HolaChef,Food Delivery Platform,Unknown,Mumbai,Ratan Tata,Private Equity,,2015,2015-09,False,False
2015-09-02,Zivame,Online Lingerie Marketplace,Unknown,Bangalore,"Zodius Technology Fund, Khazanah Nasional Berhad",Private Equity,40000000.0,2015,2015-09,True,False
2015-09-02,Capillary Tech,Cloud software solutions,Unknown,New Delhi,"Warburg Pincus, Sequoia Capital, Norwest Venture Partners",Private Equity,45000000.0,2015,2015-09,True,False
2015-09-03,Jobspire,Job Search Platform,Unknown,Bangalore,Purvi Capital,Seed / Angel,260000.0,2015,2015-09,True,False
2015-09-03,MeraDoctor,Doctor consultancy Mobile App,Unknown,Mumbai,India Quotient & other investors,Seed / Angel,,2015,2015-09,False,False
2015-09-03,Vistaar Finance,Small Business Financing (NBFC),Unknown,Bangalore,"WestBridge Capital, Omidyar Network, Elevar Equity, Saama Capital, Lok Capital",Private Equity,40000000.0,2015,2015-09,True,False
2015-09-03,HiJinny,Beauty & Wellness Services Marketplace,Unknown,Mumbai,CMYK Health Boutique Pvt Ltd & Other individual investors,Seed / Angel,,2015,2015-09,False,False
2015-09-04,Clapsnslaps,Online Movie Review Platform,Unknown,Mumbai,R M Picture Company Pvt. Ltd.,Seed / Angel,150000.0,2015,2015-09,True,False
2015-09-04,Blubox,ECommerce Brands\\xe2\\x80\\x99 Full Service Agency,Unknown,Mumbai,Ashish Jhalani,Seed / Angel,100000.0,2015,2015-09,True,False
2015-09-04,RoomCentral,Cloud-based Hotel Booking Platform,Unknown,Bangalore,Karanpal Singh,Seed / Angel,2000000.0,2015,2015-09,True,False
2015-09-07,YouthKiAwaaz,Community Driven News/Views Platform,Unknown,New Delhi,"Raghav Bahl, Ritu Kapur",Seed / Angel,600000.0,2015,2015-09,True,False
2015-09-07,Prozo,Study Material Marketplace,Unknown,New Delhi,"Nalin Jain, Shomil Pant, Dinesh Kundu & others",Seed / Angel,205000.0,2015,2015-09,True,False
2015-09-07,Zomato,Restaurant Ratings & Reviews platform,Unknown,Gurgaon,"Temasek, Vy Capital",Private Equity,60000000.0,2015,2015-09,True,False
2015-09-07,Sahayog Dairy,Dairy Based Product Manufacturer,Unknown,Bhopal,Acumen Fund,Private Equity,1800000.0,2015,2015-09,True,False
2015-09-08,MockBank,Government Test Preparation platform,Unknown,Bangalore,Blume Ventures,Seed / Angel,400000.0,2015,2015-09,True,False
2015-09-08,ReportBee,Smart Report Cards for Schools,Unknown,Chennai,India Educational Investment Fund,Seed / Angel,,2015,2015-09,False,False
2015-09-08,GuruG Learning,Teacher empowerment platform,Unknown,Bangalore,India Educational Investment Fund,Seed / Angel,,2015,2015-09,False,False
2015-09-10,OnlineTyari,Multilingual Test Preparation Platform,Unknown,Gurgaon,"500 Startups, TV Mohandas Pai, Tandem Capital, Vikram Chachra, Aloke Bajpai",Private Equity,770000.0,2015,2015-09,True,False
2015-09-10,IndustryBuying,Industrial Tools Marketplace,Unknown,New Delhi,"Kalaari Capital, SAIF Partners, Beenextan investment fund",Private Equity,9200000.0,2015,2015-09,True,False
2015-09-10,The/Nudge Foundation,Non Profit Organization to alleviate poverty,Unknown,Bangalore,"Nanadan Nilekani, InMobi, Paytm",Seed / Angel,315000.0,2015,2015-09,True,False
2015-09-11,FitMeIn,Gym & Fitness Studios Subscription platform,Unknown,New Delhi,Green House Ventures,Seed / Angel,100000.0,2015,2015-09,True,False
2015-09-11,Envoged,pre-used luxury item Marketplace,Unknown,Mumbai,"Ankush Nijhawan, Manish Dhingra, Gaurav Bhatnagar",Seed / Angel,,2015,2015-09,False,False
2015-09-11,Zapyle,pre-used apparel shopping mobile app,Unknown,Bangalore,Unknown,Seed / Angel,1000000.0,2015,2015-09,True,False
2015-09-11,Renomania,Home Design & D\\xc3\\xa9cor platform,Unknown,New Delhi,Subodh Gupta,Seed / Angel,,2015,2015-09,False,False
2015-09-12,CredR,Used Vehicles Marketplace,Unknown,Mumbai,Eight Road Ventures,Private Equity,15000000.0,2015,2015-09,True,False
2015-09-12,YatraGenie,Online Bus & Cab ticketing platform,Unknown,Hyderabad,Ash Bhardwaj,Private Equity,,2015,2015-09,False,False
2015-09-14,CanvasFlip,Mobile App testing platform,Unknown,Hyderabad,Bessemer Venture Partners,Seed / Angel,1200000.0,2015,2015-09,True,False
2015-09-14,Shadowfax,Hyperlocal Delivery Services,Unknown,Gurgaon,Eight Roads Ventures,Private Equity,9000000.0,2015,2015-09,True,False
2015-09-14,UE Life Sciences,Early Cancer Detection Solutions,Unknown,US,"Aarin Capital, Unitus Seed Fund",Private Equity,3000000.0,2015,2015-09,True,False
2015-09-14,Ola,Cab rental Mobile app,Unknown,Bangalore,"Falcon Edge Capital, NY based Hedge Fund, Tiger Global, Softbank",Private Equity,225000000.0,2015,2015-09,True,False
2015-09-15,Coverfox,Online Insurance Distribution Platform,Unknown,Mumbai,Cataraman Ventures,Private Equity,2000000.0,2015,2015-09,True,False
2015-09-15,MoEngage,Mobile Marketing Automation Platform,Unknown,Bangalore,"Helion Venture Partners, Exfinity Ventures",Private Equity,4250000.0,2015,2015-09,True,False
2015-09-15,Mubble,Prepaid Mobile Bill Manager App,Unknown,Bangalore,Nandan Nilekani,Seed / Angel,,2015,2015-09,False,False
2015-09-15,Tea Trails,Chain of Tea Caf\\xc3\\xa9\\xe2\\x80\\x99s,Unknown,Mumbai,"Anil Matai, Vikram Tandon, Shyam Sundar R & others",Seed / Angel,1000000.0,2015,2015-09,True,False
2015-09-15,Room on Call,Branded Budget Hotel Marketplace,Unknown,Noida,Payal Syal,Seed / Angel,300000.0,2015,2015-09,True,False
2015-09-15,FYNE,Home Fitting & Fixtures Marketplace,Unknown,Bangalore,Sandeep Dama & Others,Seed / Angel,,2015,2015-09,False,False
2015-09-16,ChaiPoint,Food Subscription platform,Unknown,Bangalore,Eight Roads Ventures,Private Equity,10000000.0,2015,2015-09,True,False
2015-09-16,WedmeGood,Wedding Planning Platform,Unknown,Gurgaon,Indian Angel Network,Seed / Angel,410000.0,2015,2015-09,True,False
2015-09-16,XSTOK,B2B Mobile Auction Marketplace,Unknown,Mumbai,Oliphans Capital,Seed / Angel,450000.0,2015,2015-09,True,False
2015-09-17,UniLog,ECommerce Data Analytics Platform,Unknown,Bangalore,Kalaari Capital,Private Equity,,2015,2015-09,False,False
2015-09-17,Paintcollar,Designer Merchandize Marketplace,Unknown,Mumbai,Applyifi,Seed / Angel,,2015,2015-09,False,False
2015-09-17,YepMe,Private label Fashion eTailer,Unknown,Gurgaon,"Khazanah Nasional Berhad, Helion Venture Partners",Private Equity,75000000.0,2015,2015-09,True,False
2015-09-17,Bueno,Online Food ordering & delivery,Unknown,Gurgaon,High Networth Individuals (No details),Seed / Angel,600000.0,2015,2015-09,True,False
2015-09-18,Plabro,Real Estate Broker Platform App,Unknown,New Delhi,"Sachin Bansal & Binny Bansal, Sol Primero, Outbox Ventures, Sangram Singh",Seed / Angel,350000.0,2015,2015-09,True,False
2015-09-18,CureJoy,Online Health & Wellness platform,Unknown,Bangalore,"Accel Partners, Subrata Mitra, Larry Braitman, Venk Krishna",Private Equity,1150000.0,2015,2015-09,True,False
2015-09-18,Briston Technomach,Internet of Things platform,Unknown,New Delhi,Undisclosed,Seed / Angel,150000.0,2015,2015-09,True,False
2015-09-18,LabStreet,Diagnostic Labs aggregator platform,Unknown,Gurgaon,Multiple investors,Seed / Angel,150000.0,2015,2015-09,True,False
2015-09-19,DailyNinja,Hyperlocal Delivery Platform,Unknown,Bangalore,"Aprameya Radhakrishna, Naman Sarawagi, Afsal Salu,",Seed / Angel,,2015,2015-09,False,False
2015-09-21,Portea Medical,Home Medical Care Services,Unknown,Bangalore,"Accel Partners, International Finance Corporation (IFC), Qualcomm Ventures, Ventureast",Private Equity,37500000.0,2015,2015-09,True,False
2015-09-21,Neotrade Analytics,Real-Time stock data platform,Unknown,Bangalore,Rainmatter,Seed / Angel,235000.0,2015,2015-09,True,False
2015-09-21,DishCo,Food discovery & table booking app,Unknown,Mumbai,"Anand Mahindra, Uday Punj, Ashish Hemrajani, Sanjeev Mehra",Seed / Angel,,2015,2015-09,False,False
2015-09-21,LafaLafa,coupons and cashback aggregator app,Unknown,Mumbai,500 Startups,Seed / Angel,125000.0,2015,2015-09,True,False
2015-09-21,ConnectAbank,Financial Products lead generation platform,Unknown,Mumbai,Prakhar Bumb,Seed / Angel,,2015,2015-09,False,False
2015-09-22,VillFarm,Sustainable Agri-inputs Firm,Unknown,Bangalore,"Unitus Seed Fund, Rianta Capital, R Ramaraj, Sunil Edwards",Seed / Angel,,2015,2015-09,False,False
2015-09-22,Bestdealfinance,Financial Services Portal,Unknown,Mumbai,"Kalaari Capital, YourNest Angel Fund",Private Equity,3000000.0,2015,2015-09,True,False
2015-09-22,GameXS,Pre-owned games Marketplace,Unknown,New Delhi,Lead Angels,Seed / Angel,,2015,2015-09,False,False
2015-09-22,The Man Company,Content-based Subscription eCommerce platform,Unknown,New Delhi,"Karan Bajwa, Amanpreet Bajaj, Manish Vij",Seed / Angel,,2015,2015-09,False,False
2015-09-22,Virtual Logic,"virtual reality, 3d simulation and stereoscopic products",Unknown,Bangalore,Swarnim Multiventures,Private Equity,800000.0,2015,2015-09,True,False
2015-09-22,Furdo,Online Interior Designing platform,Unknown,Bangalore,Bhavdeep Reddy,Seed / Angel,400000.0,2015,2015-09,True,False
2015-09-22,LogiNext,End-to-end Logistics platform,Unknown,Mumbai,Paytm,Private Equity,10000000.0,2015,2015-09,True,False
2015-09-22,Korra,Private Label Apparel sales,Unknown,New Delhi,Asha Jadeja Motwani & Others,Seed / Angel,300000.0,2015,2015-09,True,False
2015-09-23,Credihealth,Healthcare Consulting platform,Unknown,Gurgaon,Rajat Malhotra,Seed / Angel,,2015,2015-09,False,False
2015-09-23,Amigobulls,Stock Market Portal,Unknown,Bangalore,"Sharad Sharma, Vijay Anand, Mohandas Pai. Pallav Nadhani, Singapore Angels Network & others",Seed / Angel,,2015,2015-09,False,False
2015-09-23,SilverPush,Cross-device retargeting platform,Unknown,Gurgaon,M&S Partners,Private Equity,1200000.0,2015,2015-09,True,False
2015-09-23,Juggernaut,Digital & Physical Publishing platform,Unknown,New Delhi,"William Bissell, Neeraj Aggarwal, Nandan Nilekani",Private Equity,2250000.0,2015,2015-09,True,False
2015-09-23,InnerChef,Food Delivery Platform,Unknown,New Delhi,"Phanindra Sama, Anupam Mittal, Vijay Shekhar Sharma, Vishal Gondal, Sateesh Andara & others",Private Equity,1750000.0,2015,2015-09,True,False
2015-09-24,Quintype,Data Driven Publishing platform,Unknown,Bangalore,Raghav Bahl,Private Equity,3300000.0,2015,2015-09,True,False
2015-09-24,Capabiliti,Employee OnBoarding & Orientation platform,Unknown,Noida,"500 Startups, Smile Multimedia, Kunal Bahl, Rohit Bansal, Girish Matrubootham",Seed / Angel,400000.0,2015,2015-09,True,False
2015-09-24,Fourth Partner Energy,Solar Power Solutions company,Unknown,Hyderabad,"Infuse Ventures, The Chennai Angels",Private Equity,2000000.0,2015,2015-09,True,False
2015-09-24,Licious,Online Meat Ordering platform,Unknown,Bangalore,"Kanwaljit Singh, TV Mohandas Pai",Seed / Angel,1000000.0,2015,2015-09,True,False
2015-09-25,TravelKhana,online meal-booking platform for train travelers,Unknown,New Delhi,Astarc Ventures & Others,Seed / Angel,,2015,2015-09,False,False
2015-09-28,Quickli,hyperlocal delivery platform,Unknown,New Delhi,"500 Startups, Mato Peric & Others",Seed / Angel,,2015,2015-09,False,False
2015-09-28,Ola,Cab Booking app platform,Unknown,Bangalore,Didi Kuaidi,Private Equity,30000000.0,2015,2015-09,True,False
2015-09-29,Paytm,E-Commerce & M-Commerce platform,Unknown,New Delhi,"Alibaba Group, Ant Financial",Private Equity,680000000.0,2015,2015-09,True,True
2015-09-29,Inmobi,Mobile Advertising platform,Unknown,Bangalore,Tennenbaum Capital Partners & Others,Private Equity,100000000.0,2015,2015-09,True,False
2015-09-29,Peppertap,Hyperlocal Grocery Delivery,Unknown,Gurgaon,"Sequoia India, SAIF Partners.",Private Equity,36000000.0,2015,2015-09,True,False
2015-09-29,Hugefly,Ecommerce Product recommendation platform,Unknown,Pune,Mayank Singhal and others,Seed / Angel,,2015,2015-09,False,False
2015-09-29,Brigge,Activity Based Social Network,Unknown,Chennai,The Chennai Angels,Seed / Angel,,2015,2015-09,False,False
2015-09-29,Zakoopi,Fashion Discovery platform,Unknown,New Delhi,Uniqorn Ventures,Seed / Angel,350000.0,2015,2015-09,True,False
2015-09-29,LoanCircle,Consumer lending marketplace,Unknown,Bangalore,"Zishaan Hayath, Rahul Khanna & Others",Seed / Angel,,2015,2015-09,False,False
2015-09-30,Infoworks,Big Data Management Platform,Unknown,Bangalore,"Nexus Venture Partners, Knoll Ventures and others",Private Equity,5000000.0,2015,2015-09,True,False
2015-09-30,RedDoorz,Budget Accommodation Platform,Unknown,Noida,Jungle Ventures,Seed / Angel,1000000.0,2015,2015-09,True,False
2015-09-30,FirstTouch,Local Mobile OS,Unknown,Gurgaon,"Kunal Bahl, Rohit Bansal, Pranay Chulet, Naveen Tiwari, Amit Gupta, Mayank Singhal",Seed / Angel,,2015,2015-09,False,False
2015-09-30,Eywa Media,Digital Signal processing platform,Unknown,Bangalore,"ah! Ventures, Viktor Koenig PE Fund, Mantra Ventures",Seed / Angel,1000000.0,2015,2015-09,True,False
2015-08-01,Snapdeal,Ecommerce Marketplace,Unknown,New Delhi,"Alibaba, Foxconn, Softbank",Private Equity,500000000.0,2015,2015-08,True,False
2015-08-01,Ressy,Restaurant Discount app,Unknown,Pune,Mohandas Pai & others,Seed / Angel,400000.0,2015,2015-08,True,False
2015-08-03,Cuelearn,Tech-enabled learning,Unknown,New Delhi,Alok Mittal,Seed / Angel,,2015,2015-08,False,False
2015-08-03,Connect India,ECommerce Logistics provider,Unknown,New Delhi,Aavishkaar,Private Equity,5000000.0,2015,2015-08,True,False
2015-08-03,The Home Salon,on-demand home beauty and wellness portal,Unknown,Mumbai,VentureNursery,Seed / Angel,,2015,2015-08,False,False
2015-08-03,Jusride,Self Driven Car rental,Unknown,Mumbai,"Alok Mittal, Zeeshan Hayat, Niraj Singh, Nikunj Jain, Anirudh Damani, Punit Goyal",Seed / Angel,,2015,2015-08,False,False
2015-08-03,Oyorooms,Budget Hotel accommodation brand,Unknown,New Delhi,"SoftBank Group, Greenoaks Capital, Sequoia Capital, Lightspeed India",Private Equity,100000000.0,2015,2015-08,True,False
2015-08-03,Glowship,Energy & Environment Online Marketplace,Unknown,Bangalore,Infuse Ventures,Seed / Angel,,2015,2015-08,False,False
2015-08-03,Wizrocket,User Engagment & Analytics platform,Unknown,Mumbai,"Sequoia Capital, Accel Partners",Private Equity,9600000.0,2015,2015-08,True,False
2015-08-04,Pickingo,On-Demand Delivery Logistics,Unknown,New Delhi,"Orios Venture Partners, Zishaan Hayath",Private Equity,1300000.0,2015,2015-08,True,False
2015-08-05,Grex,fund raising platform for startups,Unknown,Pune,"Kunal Bajaj, Chandru Badrinarayanan",Seed / Angel,650000.0,2015,2015-08,True,False
2015-08-05,LetsTransport,Logistics Tech Platform,Unknown,Bangalore,"Rebright Partners, Ankush Nijhawan, Gaurav Bhatnagar, Manish Dhingra",Seed / Angel,1300000.0,2015,2015-08,True,False
2015-08-05,Zo Rooms,Online budget hotel chain,Unknown,New Delhi,"Tiger Global Management, Orios Venture Partners",Private Equity,30000000.0,2015,2015-08,True,False
2015-08-05,Doormint,Hyperlocal Handyman services,Unknown,Mumbai,"Helion Venture Partners, Kalaari Capital",Private Equity,3000000.0,2015,2015-08,True,False
2015-08-05,NightStay,hotel booking app,Unknown,Noida,"BedRock Ventures, Rajesh Sawhney, Shailesh Singh",Seed / Angel,500000.0,2015,2015-08,True,False
2015-08-05,Zocalo,Rental Accomodation finder,Unknown,New Delhi,"Sachin Bhatia, Rajesh Sawhney",Seed / Angel,,2015,2015-08,False,False
2015-08-05,Sunday Realty Solutions,Tech Platform for property brokers,Unknown,Mumbai,"Ramesh Jogani, Shailesh Viswanathan, Jay Srinivasan",Seed / Angel,785000.0,2015,2015-08,True,False
2015-08-06,Klozee,Luxury Apparel rental,Unknown,Bangalore,Tracxn Labs,Seed / Angel,,2015,2015-08,False,False
2015-08-06,Appvigil,App security testing platform,Unknown,Mumbai,"Ravi Gururaj, Gaurav Sharma, Viswanath Ramachandran, RippleWave",Seed / Angel,500000.0,2015,2015-08,True,False
2015-08-06,practo,Doctor Appointment booking app,Unknown,Bangalore,"Sofina, Google Capital, Altimeter Capital, Sequoia Capital Global Equities, Yuri Milner, Sequoia Capital, Matrix Partners",Private Equity,90000000.0,2015,2015-08,True,False
2015-08-06,LoudShout,anonymous bulletin board app,Unknown,New Delhi,"Sanjay Sethi, Ravi Jaipuria & others",Seed / Angel,,2015,2015-08,False,False
2015-08-06,Wetravelsolo,Travel community platform,Unknown,New Delhi,"CCube Angels, Frontline Strategy",Seed / Angel,,2015,2015-08,False,False
2015-08-06,Ketto,Crowd funding platform,Unknown,Mumbai,"Chennai Angels, Calcutta Angels, ah! Ventures, Intellecap Impact Investment Network, Indus Age Partners, Singapore Angel Network, India Internet Fund, LetsVenture",Seed / Angel,700000.0,2015,2015-08,True,False
2015-08-06,Ezetap,Mobile based PoS solution,Unknown,Bangalore,"Horizons Ventures, Capricorn Investment Group, Social+Capital, Helion Advisors, Berggruen Holdings",Private Equity,25000000.0,2015,2015-08,True,False
2015-08-06,NDTV ecommerce venture,Car & Bike ecommerce platform,Unknown,Mumbai,"Inflexionpoint, Pramod Bhasin, Sixth Sense Ventures, Vindi Banga, Hiro Mashita",Private Equity,,2015,2015-08,False,False
2015-08-07,Carl\\xe2\\x80\\x99s Jr,Fast food Chain Franchisee,Unknown,Gurgaon,YouWeCan Ventures,Seed / Angel,630000.0,2015,2015-08,True,False
2015-08-07,EasyRewardz,Loyalty Programs & Reward Points,Unknown,Mumbai,"Wealth First, Ashneer Grover, Atul Phadnis",Private Equity,500000.0,2015,2015-08,True,False
2015-08-07,GIBSS,Energy saving solutions provider,Unknown,Mumbai,"responsAbility Investments, Infuse Ventures",Private Equity,,2015,2015-08,False,False
2015-08-07,StoreMore,Self-Storage Spaces,Unknown,Noida,Bedrock Ventures,Seed / Angel,,2015,2015-08,False,False
2015-08-07,iOrderFresh,Grocery retail Mobile app,Unknown,New Delhi,Best Foodworks,Seed / Angel,,2015,2015-08,False,False
2015-08-10,MyTaxiIndia,Taxi Rental platform,Unknown,Gurgaon,"Nihon Kotsu,",Private Equity,500000.0,2015,2015-08,True,False
2015-08-10,eSadar,E-Commerce,Unknown,New Delhi,"Neha Vats, Gaurav Vats",Seed / Angel,80000.0,2015,2015-08,True,False
2015-08-10,Actionable Analytics,Machine Learning Platform,Unknown,New Delhi,"B M Gupta, Vinod Singhal",Seed / Angel,,2015,2015-08,False,False
2015-08-10,MyPoolin,mobile social network,Unknown,New Delhi,QPrize from Qualcomm Ventures,Seed / Angel,250000.0,2015,2015-08,True,False
2015-08-10,NearBuy (previously groupon India),Hyper-Local Ecommerce,Unknown,New Delhi,Sequoia Capital,Private Equity,16000000.0,2015,2015-08,True,False
2015-08-10,Inkmonk,Online printing marketplace,Unknown,Chennai,"Girish Mathrubootham, Phanindra Sama, Vikram Chachra, Others from LetsVenture",Seed / Angel,250000.0,2015,2015-08,True,False
2015-08-10,ToneTag,mobile payment software platform,Unknown,Bangalore,Reliance Capital Venture,Private Equity,1000000.0,2015,2015-08,True,False
2015-08-10,Grey Orange,Automated Storage & Warehousing Solution,Unknown,Gurgaon,Tiger Global Management,Private Equity,30000000.0,2015,2015-08,True,False
2015-08-11,Livspace,Home Design & D\\xc3\\xa9cor solutions,Unknown,Bangalore,"Helion Ventures, Jungle Ventures & Bessemer Venture Partners",Private Equity,8000000.0,2015,2015-08,True,False
2015-08-11,WOW! MOMO,Quick Service Restaurant Chain,Unknown,Kolkata,Indian Angel Network,Seed / Angel,1600000.0,2015,2015-08,True,False
2015-08-11,RainCan,Subscription based Online Grocery platform,Unknown,Pune,Ajeet Khurana & Others,Seed / Angel,100000.0,2015,2015-08,True,False
2015-08-11,Allygrow Technologies,engineering services company,Unknown,Mumbai,Zodius Technology Fund,Private Equity,20000000.0,2015,2015-08,True,False
2015-08-11,Infogain,Business and IT consulting,Unknown,New Delhi,ChrysCapital,Private Equity,63000000.0,2015,2015-08,True,False
2015-08-12,OneAssist,Credit Card Fraud protection solutions,Unknown,Mumbai,"Sequoia Capital, Lightspeed Ventures",Private Equity,7500000.0,2015,2015-08,True,False
2015-08-12,BigBasket,Online & mobile Grocery store,Unknown,Bangalore,Bessemer Venture Partners,Private Equity,50000000.0,2015,2015-08,True,False
2015-08-12,Sheroes,Career Community for Women,Unknown,Noida,"Quintillion Media, 500 Startups",Seed / Angel,770000.0,2015,2015-08,True,False
2015-08-12,Scripbox,Mutual Fund Investing platform,Unknown,Bangalore,"Accel Partners, Deep Kalra, Rajesh Magow, Mohit Gupta, Shamik Sharma",Private Equity,2500000.0,2015,2015-08,True,False
2015-08-13,etaout,Ecommerce Marketing Software Platform,Unknown,Noida,"Amit Ranjan, Vijay Shekhar Sharma, Kunal Bahl, Girish Mathrubootham & Group of other Angel investors",Seed / Angel,500000.0,2015,2015-08,True,False
2015-08-13,IFMR Holdings,Financial Inclusion platform,Unknown,Chennai,"Accion, LeapFrog Investments, Lok Capital",Private Equity,25000000.0,2015,2015-08,True,False
2015-08-13,Massblurb,Digital Marketing automation solution,Unknown,Mumbai,"LetsVenture, Mumbai Angels",Seed / Angel,,2015,2015-08,False,False
2015-08-13,Agrostar,Mobile Commerce for Farmers,Unknown,Pune,IDG Ventures,Private Equity,4000000.0,2015,2015-08,True,False
2015-08-14,VoxWeb,Picture based Social App,Unknown,Mumbai,Jitendra Gupta & others,Seed / Angel,100000.0,2015,2015-08,True,False
2015-08-14,Trukky,Logistics service platform,Unknown,Ahmedabad,"Gujarat based angel investors, MMY co-Founder",Seed / Angel,245000.0,2015,2015-08,True,False
2015-08-14,VanityCube,On-Demand Beauty Services,Unknown,New Delhi,Group of angel investors,Seed / Angel,,2015,2015-08,False,False
2015-08-17,Edu4Share,Exam Preparation Platform,Unknown,New Delhi,Nalin Jain & other angel investors,Seed / Angel,220000.0,2015,2015-08,True,False
2015-08-17,YourStory,Startup Focused Online Publisher,Unknown,Mumbai,"Ratan Tata, Vani Kola, T V Mohandas Pai, Karthee Madasamay",Seed / Angel,,2015,2015-08,False,False
2015-08-17,Sampurnearth,Waste Management Solutions,Unknown,Mumbai,"Intellecap Impact Investment Network, family office fund",Seed / Angel,160000.0,2015,2015-08,True,False
2015-08-17,Orobind,App based Fitness coaching,Unknown,Bangalore,Existing & New Investors,Private Equity,,2015,2015-08,False,False
2015-08-17,Fixy,On demand cleaning & fixing services,Unknown,Mumbai,VentureNursery,Seed / Angel,,2015,2015-08,False,False
2015-08-17,MSM Box,Beauty & Lifestyle platform,Unknown,New Delhi,Rohit Goel,Seed / Angel,,2015,2015-08,False,False
2015-08-17,ShadowFax,on-demand delivery service,Unknown,Gurgaon,"Kunal Bahl, Rohit Bansal, Zishaan Hayath, Prashant Malik",Seed / Angel,310000.0,2015,2015-08,True,False
2015-08-17,Gadgets 360,Car & Bike ecommerce platform,Unknown,New Delhi,One97 Communications,Private Equity,,2015,2015-08,False,False
2015-08-18,Roposo,Fashion Discovery platform,Unknown,Gurgaon,Tiger Global,Private Equity,15000000.0,2015,2015-08,True,False
2015-08-18,IntelligenceNODE,Data Analytics Platform,Unknown,Mumbai,"New Enterprise Associates, Orios Venture Partners",Private Equity,4200000.0,2015,2015-08,True,False
2015-08-18,HyperVerge,Deep Learning Cloud Algorithms,Unknown,Chennai,"NEA, Milliways Ventures, Naya Ventures",Seed / Angel,1000000.0,2015,2015-08,True,False
2015-08-18,Twyst,Location based engagement & rewards platform,Unknown,Gurgaon,"Rohit Bhatia, Sunil Nikhar, Vaibhav Domkundwar, Siddharth Nautiyal",Seed / Angel,,2015,2015-08,False,False
2015-08-18,IDfy,Online Identity Verification Services platform,Unknown,Mumbai,"NEA, Blume Ventures & others",Private Equity,,2015,2015-08,False,False
2015-08-18,Zoojoo.be,Corporate Wellness App,Unknown,Bangalore,RoundGlass Partners,Private Equity,1000000.0,2015,2015-08,True,False
2015-08-19,Fashionove,Fashion Search & Review Platform,Unknown,Kolkata,Umesh Yadav,Seed / Angel,,2015,2015-08,False,False
2015-08-19,TimeSaverz,"Hyperlocal Maintenance, Repair & Cleaning services",Unknown,Mumbai,Unilazer Ventures,Private Equity,2400000.0,2015,2015-08,True,False
2015-08-19,Envoged,pre-owned Luxury online apparel seller,Unknown,Mumbai,"Manish Dhingra, Ankush Nijhawa, Gaurav Bhatnagar",Seed / Angel,,2015,2015-08,False,False
2015-08-19,MebelKart,Online Furniture Marketplace,Unknown,Bangalore,AskMe,Private Equity,20000000.0,2015,2015-08,True,False
2015-08-20,LabsAdvisor,Online Diagnostic Tests Marketplace,Unknown,New Delhi,Group of Angel Investors,Seed / Angel,156000.0,2015,2015-08,True,False
2015-08-20,Flatpebble,Online marketplace for Photographers,Unknown,Hyderabad,Indian Angel Network,Seed / Angel,600000.0,2015,2015-08,True,False
2015-08-20,Bluegape,Visual Blogging platform,Unknown,New Delhi,"ah! Ventures, Times Internet, Rudy Gopalakrishnan",Seed / Angel,600000.0,2015,2015-08,True,False
2015-08-21,ePoise,Job Search Platform,Unknown,Bangalore,"Orios Venture Partners, Amit Ranjan & others",Seed / Angel,500000.0,2015,2015-08,True,False
2015-08-24,Jolly Food Fellow,Food Customer analytics platform,Unknown,Ahmedabad,The 1947,Seed / Angel,300000.0,2015,2015-08,True,False
2015-08-24,BookMeIn,Professional Service Appointment booking service,Unknown,Mumbai,Ajmera Group of Companies,Seed / Angel,400000.0,2015,2015-08,True,False
2015-08-24,iZofy,Scientific Horoscope Online Assistance platform,Unknown,Kolkata,Prime Capital Markets Ltd,Seed / Angel,,2015,2015-08,False,False
2015-08-24,rBus,Tech enabled AC bus service,Unknown,Mumbai,"India Quotient, Anupam Mittal & others",Seed / Angel,,2015,2015-08,False,False
2015-08-25,Qyk App,On-Demand App based Professional service provider,Unknown,Bangalore,"GrowX ventures, Tracxn Labs, Powai Lake Ventures, and Sahil Barua",Private Equity,1000000.0,2015,2015-08,True,False
2015-08-25,EazyDiner,Restaurant Reservation Platform,Unknown,Gurgaon,"DSG Consumer Partners, Saama Capital",Private Equity,3000000.0,2015,2015-08,True,False
2015-08-25,RevX,Cross-channel CRM platform,Unknown,Mumbai,"Norwest Venture Partners, Nexus Venture Partners, Helion Venture Partners, Draper Fisher Jurvetson, Peepul Capital",Private Equity,4000000.0,2015,2015-08,True,False
2015-08-25,ICustomMadeIt,Professional Custom creators Marketplace,Unknown,Pune,Group of Angel Investors,Seed / Angel,250000.0,2015,2015-08,True,False
2015-08-26,PickMyLaundry,on-Demand Washing & Dry-Cleaning,Unknown,New Delhi,GHV Accelerator,Seed / Angel,100000.0,2015,2015-08,True,False
2015-08-26,Belita,On-Demand Beauty Service,Unknown,Mumbai,"India Quotient, LetsVenture investors, Lead Angels",Seed / Angel,400000.0,2015,2015-08,True,False
2015-08-26,EzySolare,solar products and services marketplace,Unknown,Ahmedabad,Infuse Ventures,Seed / Angel,,2015,2015-08,False,False
2015-08-26,FoodTalkIndia,Online Food Community Platform,Unknown,Gurgaon,Undisclosed Investor,Seed / Angel,500000.0,2015,2015-08,True,False
2015-08-27,InstaSafe,Private Cloud Networks SAAS platform,Unknown,Bangalore,Group of Investors,Seed / Angel,,2015,2015-08,False,False
2015-08-27,Eazy Coach,Education Marketplace,Unknown,Kolkata,Ravi Agarwal,Seed / Angel,,2015,2015-08,False,False
2015-08-27,Djubo,Cloud Based Hotel Sales Platform,Unknown,New Delhi,Ibibo Group,Private Equity,,2015,2015-08,False,False
2015-08-28,BetterButter,online recipe sharing platform,Unknown,New Delhi,"Growx Ventures, Manish Singhal",Seed / Angel,,2015,2015-08,False,False
2015-08-28,Vyomo,Beauty & Lifestyle Mobile Marketplace,Unknown,Bangalore,Rocket Internet,Private Equity,2000000.0,2015,2015-08,True,False
2015-08-28,RollMafia,QSR Restaurant Chain,Unknown,Pune,Equentia Natural Resources,Seed / Angel,160000.0,2015,2015-08,True,False
2015-08-29,iamwire,Digital Media publishing platform,Unknown,Gurgaon,"Li Tao, Li Jian, Draphant Consultants, Nitin Garg, Saurabh Jain, Mohit Agarwal",Seed / Angel,,2015,2015-08,False,False
2015-08-31,DropKaffe,Online Coffee Delivery platform,Unknown,Bangalore,"Manish Singhal, P39 Capital & Others",Seed / Angel,300000.0,2015,2015-08,True,False
2015-08-31,Reverie,Language Localization Cloud platform,Unknown,Bangalore,"Aspada Investment Advisors, Qualcomm Ventures",Private Equity,4000000.0,2015,2015-08,True,False
2015-08-31,Infinite Analytics,Big Data & predictive Analysis Platform,Unknown,Mumbai,"Ratan Tata, Nikhil Vora & others",Private Equity,,2015,2015-08,False,False
2015-07-01,Parcelled,Online Logistics Platform,Unknown,Bangalore,"Delhivery, Tracxn Labs",Seed / Angel,,2015,2015-07,False,False
2015-07-01,Retigence Technologies,Business IT Intelligence Services,Unknown,Mumbai,Omnivore Partners,Private Equity,,2015,2015-07,False,False
2015-07-01,Cloudcherry Analytics,CRM / Analytics platform,Unknown,Chennai,"The Chennai Angels, IDG Ventures India",Seed / Angel,1000000.0,2015,2015-07,True,False
2015-07-01,HandyHome,Hyperlocal Electronics repair Service,Unknown,Mumbai,"Bessemer Ventures, Kae Capital",Seed / Angel,630000.0,2015,2015-07,True,False
2015-07-01,iDreamCareer,Ed-Tech Platform,Unknown,New Delhi,"ah! Ventures, Vivek Joshi, Mohit Satyanand & others",Seed / Angel,,2015,2015-07,False,False
2015-07-01,Ola,Cab rental Mobile app,Unknown,Bangalore,Ratan Tata,Private Equity,,2015,2015-07,False,False
2015-07-01,NxtGen,IT infrastructure & Data Center services,Unknown,Bangalore,"IFC, Axon Partners, Intel Capital",Private Equity,13500000.0,2015,2015-07,True,False
2015-07-02,BankBazaar,Online Financial Services,Unknown,Chennai,"Amazon, Fidelity Growth Partners, Mousse Partners",Private Equity,60000000.0,2015,2015-07,True,False
2015-07-02,Gozoomo,Used Car Marketplace,Unknown,Bangalore,SAIF Partners,Private Equity,5000000.0,2015,2015-07,True,False
2015-07-02,Zenatix,Internet of Things platform,Unknown,Gurgaon,"Rajan Anandan, Kunal Bahl, Rohit Bansal, Rahul Khanna",Seed / Angel,161000.0,2015,2015-07,True,False
2015-07-03,CultureAlley,Language Learning App,Unknown,Jaipur,Tiger Global,Private Equity,6500000.0,2015,2015-07,True,False
2015-07-03,Goqii,Mobile Fitness Marketplace,Unknown,Mumbai,Vijay Shekhar Sharma,Private Equity,,2015,2015-07,False,False
2015-07-03,Gingercrush,Custom Merchandize platform,Unknown,Ahmedabad,"Gokul Jaykrishna, Brand Capital",Seed / Angel,1000000.0,2015,2015-07,True,False
2015-07-04,Elanic,P2P Pre-owned goods marketplace,Unknown,Bangalore,"Rebright Partners, Tracxn Labs, Aneesh Reddy",Seed / Angel,,2015,2015-07,False,False
2015-07-04,Stitchwood,Custom Furniture Marketplace,Unknown,Mumbai,"Powai Lake Ventures, Ajeet Khurana & others",Seed / Angel,395000.0,2015,2015-07,True,False
2015-07-05,Urban Tailor,Online Tailoring Services,Unknown,Bangalore,Group of angel investors,Seed / Angel,,2015,2015-07,False,False
2015-07-06,ConfirmtTkt,Rail Ticket Confirmation predictor,Unknown,Bangalore,Pravin Agarwala & others,Seed / Angel,,2015,2015-07,False,False
2015-07-06,Paper Boat,Ethnic Beverages manufacturer,Unknown,Gurgaon,"Sofina, Hillhouse Capital",Private Equity,30000000.0,2015,2015-07,True,False
2015-07-06,getNow,Hyperlocal Goods marketplace,Unknown,Nagpur,Atulya Mittal,Seed / Angel,,2015,2015-07,False,False
2015-07-07,Wudstay,Budget Accommodation aggregator,Unknown,Gurgaon,"Mangroves Capital Partners, Vikas Saxena",Private Equity,3000000.0,2015,2015-07,True,False
2015-07-07,Liases Foras,Real Estate Rating & Analysis,Unknown,New Delhi,DMG information Asia Pacific,Private Equity,5000000.0,2015,2015-07,True,False
2015-07-07,Eatlo,Food Delivery platform,Unknown,Bangalore,"Powai Lake Ventures, Globeinvestor, Abhishekh Goyal",Seed / Angel,,2015,2015-07,False,False
2015-07-07,IndiaLends,Financial Tech,Unknown,New Delhi,"DSG Consumer Partners, Siddharth Parekh",Private Equity,,2015,2015-07,False,False
2015-07-08,Quinto,Food Discovery App,Unknown,Pune,Jaydeep Barman,Seed / Angel,,2015,2015-07,False,False
2015-07-08,Saavn,Music Streaming App,Unknown,Mumbai,"Tiger Global Management, Bertelsmann India, Steadview Capital, Liberty Media, Mousse Partners, Quilvest",Private Equity,100000000.0,2015,2015-07,True,False
2015-07-08,Flytxt,Big Data & Analytics platform,Unknown,Mumbai,"Sunrise Capital GmBH, Big Data Investments B.V",Private Equity,11000000.0,2015,2015-07,True,False
2015-07-08,Axtria,Big Data & Analytics platform,Unknown,India,"Helion Venture Partners,Amarpreet Sawhney, Deshpande Foundation, Fred Khosravi, Richard S. Braddock",Private Equity,30000000.0,2015,2015-07,True,False
2015-07-08,33Coupons,Coupon Aggregator Platform,Unknown,Kanpur,Not Disclosed,Seed / Angel,20000.0,2015,2015-07,True,False
2015-07-08,Ampere,Electric Scooter manufacturer,Unknown,Coimbatore,Ratan Tata,Seed / Angel,,2015,2015-07,False,False
2015-07-08,Hopping Chef,Online Food-Tech Platform,Unknown,Mumbai,Mirah Hospitality,Seed / Angel,470000.0,2015,2015-07,True,False
2015-07-08,Collectabillia,Celebrity Fashion Brand,Unknown,Bangalore,Accel Partners,Private Equity,7500000.0,2015,2015-07,True,False
2015-07-08,Lendingkart,Online Finance lending platform,Unknown,Ahmedabad,"Saama Capital, Mayfield, Ashvin Chadha, Shailesh Mehta",Private Equity,10000000.0,2015,2015-07,True,False
2015-07-08,Lybrate,Healthcare Mobile App,Unknown,New Delhi,"Tiger Global Management, Ratan Tata, Nexus Venture Partners",Private Equity,10200000.0,2015,2015-07,True,False
2015-07-08,Zoomcar,Self-driven vehicle rental,Unknown,Bangalore,"Sequoia Capital, Empire Angels, NGP",Private Equity,11000000.0,2015,2015-07,True,False
2015-07-09,News in shorts,News Aggregator mobile app,Unknown,Noida,Tiger Global,Private Equity,20000000.0,2015,2015-07,True,False
2015-07-09,Bluestone,Online Jewellery Store,Unknown,Bangalore,"IvyCap Ventures, Accel Partners, Dragoneer Investment Group",Private Equity,16200000.0,2015,2015-07,True,False
2015-07-09,Shopsity,Fashion Info Aggregator App,Unknown,Gurgaon,"Sandeep Aggarwal, Teruhide Sato",Seed / Angel,,2015,2015-07,False,False
2015-07-09,Notesgen,Online Study Notes Marketplace,Unknown,New Delhi,"Rajeev Saraf, Arvind Jha, R. Satya Narayanan",Seed / Angel,,2015,2015-07,False,False
2015-07-10,Infinity Assurance,Warranty Programs Service Administration,Unknown,New Delhi,Indian Angel Network,Seed / Angel,600000.0,2015,2015-07,True,False
2015-07-10,Footprints Education,Pre-School Chain,Unknown,Gurgaon,"LetsVenture, Kumar Bansal, Kshitij Jain",Seed / Angel,685000.0,2015,2015-07,True,False
2015-07-10,Loylty Rewards,Premium Loyalty Rewards Point Management,Unknown,Mumbai,IndianIdeas.com,Private Equity,19350000.0,2015,2015-07,True,False
2015-07-13,Ameyo,Contact Center Software Platform,Unknown,Gurgaon,Forum Synergies PE Fund,Private Equity,5000000.0,2015,2015-07,True,False
2015-07-13,Mamagoto,Casual Dining restaurant Chain,Unknown,New Delhi,Goldman Sachs,Private Equity,10000000.0,2015,2015-07,True,False
2015-07-13,Satvacart,Online Grocery Delivery,Unknown,Gurgaon,Palaash Ventures,Seed / Angel,,2015,2015-07,False,False
2015-07-14,MySmartPrice,Online comparison engine,Unknown,Hyderabad,"Accel Partners, Helion Venture Partners",Private Equity,10000000.0,2015,2015-07,True,False
2015-07-14,Zenify,Residential Rental management platform,Unknown,Bangalore,Atul Jalan,Seed / Angel,,2015,2015-07,False,False
2015-07-14,Boxmyspace,Physical Storage warehouses,Unknown,Mumbai,"Ritesh Veera, Singapore Angel Network, Orios Venture Partners,",Seed / Angel,300000.0,2015,2015-07,True,False
2015-07-14,HackerRank,Tech Recruitment platform,Unknown,Bangalore,HR Technology fund,Private Equity,7500000.0,2015,2015-07,True,False
2015-07-14,WickedRide,Bike Rental Platform,Unknown,Bangalore,Undisclosed,Seed / Angel,790000.0,2015,2015-07,True,False
2015-07-14,WoWexpress,Tech enabled logistics platform,Unknown,Mumbai,Tamarind Family Private Trust,Seed / Angel,500000.0,2015,2015-07,True,False
2015-07-15,OYO,Budget Hotel Accommodation,Unknown,Gurgaon,"Softbank, Sequoia Capital",Private Equity,100000000.0,2015,2015-07,True,False
2015-07-15,Mobikon,Restaurant customer engagement platform,Unknown,Pune,Jungle Ventures,Private Equity,2300000.0,2015,2015-07,True,False
2015-07-15,InstaLively,Live video streaming app,Unknown,New Delhi,"Anupam Mittal, Anand Chandrasekaran, Uday Shankar, Chetan Bhagat",Seed / Angel,,2015,2015-07,False,False
2015-07-15,Roadrunnr,Hyper local logistics platform,Unknown,Bangalore,"Sequoia Capital, Nexus Venture Partners, Blume Ventures",Private Equity,11000000.0,2015,2015-07,True,False
2015-07-16,Ketto,Crowd Funding Platform,Unknown,Mumbai,"Pradyumna Dalmia, Sudhir Rao & Others",Seed / Angel,700000.0,2015,2015-07,True,False
2015-07-17,QuikWallet,F&B sector Mobile Payment platform,Unknown,Mumbai,Snow Leopard Technology Ventures,Private Equity,1600000.0,2015,2015-07,True,False
2015-07-17,Omnikart,Industrial Supplies B2B ecommerce,Unknown,Mumbai,"Sumit Gandhi, Manish Gandhi",Seed / Angel,100000.0,2015,2015-07,True,False
2015-07-20,Zo Rooms,Online budget hotel chain,Unknown,New Delhi,"Tiger Global, Orios Venture Partners.",Private Equity,15000000.0,2015,2015-07,True,False
2015-07-20,Innoviti,Payment Solutions platform,Unknown,Bangalore,"Catamaran Ventures, New India Investment Corporation",Private Equity,4850000.0,2015,2015-07,True,False
2015-07-21,ZenRadius,Online Hiring Platform,Unknown,Bangalore,"Tracxn Labs, Deepak Singh",Seed / Angel,,2015,2015-07,False,False
2015-07-21,Joy by nature,Organic Food ecommerce,Unknown,New Delhi,"Mumbai Angels, Vriddhi Fund, Others",Private Equity,1000000.0,2015,2015-07,True,False
2015-07-22,Iqlect,Big Data & Analytics platform,Unknown,Bangalore,Exfinity Venture Partners,Private Equity,2000000.0,2015,2015-07,True,False
2015-07-22,deGustibus,Fine Dining Restaurant Chain,Unknown,Mumbai,India Value Fund Advisors,Private Equity,30000000.0,2015,2015-07,True,False
2015-07-23,Nestaway,Luxury Rental Homes,Unknown,Bangalore,"Flipkart, Tiger Global",Private Equity,12750000.0,2015,2015-07,True,False
2015-07-23,Mswipe,Mobile Point of Sale payment solution,Unknown,Unknown,"Falcon Edge Capital, Meru Capital, Ola, Matrix Partners, DSG Consumer Partners, Axis Bank",Private Equity,25000000.0,2015,2015-07,True,False
2015-07-23,Myonsto,Online Grocers,Unknown,Ahmedabad,Jayant Bokadia,Seed / Angel,320000.0,2015,2015-07,True,False
2015-07-23,iCrushiFlush,Casual Dating App,Unknown,Mumbai,IDG Ventures India,Seed / Angel,,2015,2015-07,False,False
2015-07-23,MedGenome,Clinical Genomics Provider,Unknown,Bangalore,Sequoia Capital,Private Equity,20000000.0,2015,2015-07,True,False
2015-07-23,HolidayIQ,Travel information portal,Unknown,Bangalore,MakeMyTrip,Private Equity,15000000.0,2015,2015-07,True,False
2015-07-23,Fitternity,Fitness Marketplace,Unknown,Mumbai,Exfinity Venture Partners,Private Equity,1000000.0,2015,2015-07,True,False
2015-07-23,Quikr,Online & Mobile classified listings,Unknown,Mumbai,"AB Kinnevik, Falcon Edge Capital, Coatue Management",Private Equity,60000000.0,2015,2015-07,True,False
2015-07-23,JetSetGo,Private Jet/ Helicopter Marketplace,Unknown,New Delhi,YourWeCan Ventures,Seed / Angel,,2015,2015-07,False,False
2015-07-24,BroEx,Real Estate Broker network App,Unknown,Gurgaon,Lightspeed India,Private Equity,1000000.0,2015,2015-07,True,False
2015-07-25,Shopatplaces,Ethnic/ Traditional Fashion Store,Unknown,New Delhi,Indian Angel Network,Seed / Angel,,2015,2015-07,False,False
2015-07-25,CredR,Used Bikes Marketplace,Unknown,Mumbai,Fidelity Growth Partners,Private Equity,15000000.0,2015,2015-07,True,False
2015-07-27,ManageMySpa,Spa & Salon Management Software,Unknown,Hyderabad,Accel Partners,Private Equity,6000000.0,2015,2015-07,True,False
2015-07-27,Townrush,B2B logistics delivery platform,Unknown,Bangalore,Lightspeed Venture Partners,Seed / Angel,,2015,2015-07,False,False
2015-07-27,Locus,Logistics Automation Platform,Unknown,Bangalore,"growX ventures, Manish Singhal",Seed / Angel,,2015,2015-07,False,False
2015-07-27,Bevy,Online Hiring Platform,Unknown,Bangalore,Varun Agarwal & Others,Seed / Angel,,2015,2015-07,False,False
2015-07-28,Pepperfry,Online home d\\xc3\\xa9cor marketplace,Unknown,Mumbai,"Goldman Sachs, Zodius Technology Fund, Bertelsmann India Investments Norwest Venture Partners.",Private Equity,100000000.0,2015,2015-07,True,False
2015-07-28,Flipkart,Online Marketplace,Unknown,Bangalore,Steadview Capital and existing investors,Private Equity,700000000.0,2015,2015-07,True,True
2015-07-28,Opinio,Hyperlocal food & grocery store,Unknown,Bangalore,"Accel Partners, Traxcn Labs & Others",Seed / Angel,1300000.0,2015,2015-07,True,False
2015-07-28,Zoctr,Health-Tech platform,Unknown,Mumbai,"Sandeep Parwal, Krishan Gupta & Others",Seed / Angel,1000000.0,2015,2015-07,True,False
2015-07-29,Zimmber,Hyperlocal Handyman Services,Unknown,Mumbai,"IDG Ventures India, Omidyar Network, Sherpalo Ventures, Mohandas Pai",Private Equity,2000000.0,2015,2015-07,True,False
2015-07-29,trueHb,Medical Tech Instruments,Unknown,New Delhi,"Sachin and Binny Bansal, Malvinder and Shivinder Singh, Gurpreet Singh & others",Seed / Angel,2400000.0,2015,2015-07,True,False
2015-07-29,Zovi.com / Little App,Hyperlocal Deals Marketplace,Unknown,Bangalore,"Paytm, SAIF Partners, Tiger Global Management & others",Private Equity,50000000.0,2015,2015-07,True,False
2015-07-29,Swajal,Innovative Water Solutions,Unknown,Gurgaon,Abhishek Gupta,Private Equity,1200000.0,2015,2015-07,True,False
2015-07-30,Pipa Bella,Online Jewelry Store,Unknown,Mumbai,LionRock Capital,Private Equity,600000.0,2015,2015-07,True,False
2015-07-30,Pragmatix,Business intelligence & Analytics,Unknown,Mumbai,SIDBI Venture Capital Ltd,Private Equity,2400000.0,2015,2015-07,True,False
2015-07-30,Droom,Used Vehicle Marketplace,Unknown,New Delhi,"Lightbox Ventures, Beenos",Private Equity,16000000.0,2015,2015-07,True,False
2015-07-30,MadRat Games,Educational Board Games,Unknown,Bangalore,"Kunal Bahl, Rohit Bansal",Seed / Angel,168000.0,2015,2015-07,True,False
2015-07-30,Noodle Play,Chinese food delivery,Unknown,Mumbai,"Elliot Stechman, Gautam Sinha, Ambarish Ray",Seed / Angel,168000.0,2015,2015-07,True,False
2015-07-30,Wassup,On-Demand Laundry & Dry cleaning App,Unknown,Chennai,B S Nagesh,Private Equity,,2015,2015-07,False,False
2015-07-30,Cartisan,On-Demand Car services App,Unknown,Bangalore,"YouWeCan Ventures, Aprameya Radhakrishna",Seed / Angel,,2015,2015-07,False,False
2015-07-31,LazyLad,Hyperlocal Grocery App,Unknown,Gurgaon,"Jai Choi, Kiyohiro Sugashita, Hirokazu",Private Equity,500000.0,2015,2015-07,True,False
2015-07-31,TripFactory,Online Curated Holiday package bookings,Unknown,Bangalore,"Aarin Capital Partners,",Private Equity,,2015,2015-07,False,False
2015-07-31,Prothom,Hasbro Toy Manufacturer,Unknown,Pune,Oliphabs Capital,Private Equity,2000000.0,2015,2015-07,True,False
2015-07-31,Bona Vita,Travel Tech,Unknown,Gurgaon,MakeMyTrip,Private Equity,5000000.0,2015,2015-07,True,False
2015-06-01,Vyomo,Beauty and Wellness Platform,Unknown,New Delhi,Aprameya Radhakrishna,Seed / Angel,,2015,2015-06,False,False
2015-06-01,Veeba Foods,Healthy Food Manufacturer,Unknown,New Delhi,"DSG Consumer Partners, Saama Capital.",Private Equity,6000000.0,2015,2015-06,True,False
2015-06-01,Truebil,Used Car Marketplace,Unknown,Mumbai,"Kae Capital, Anupam Mittal",Seed / Angel,500000.0,2015,2015-06,True,False
2015-06-01,Meritnation,Online Learning Platform,Unknown,New Delhi,InfoEdge,Private Equity,4000000.0,2015,2015-06,True,False
2015-06-01,Eattreatonline,Healthy Food Online Community,Unknown,New Delhi,Group of 15 Angel Investors,Seed / Angel,350000.0,2015,2015-06,True,False
2015-06-01,CredR,Used two-wheeler Marketplace,Unknown,Mumbai,GrowthStory,Seed / Angel,,2015,2015-06,False,False
2015-06-01,Glamrs,Online Fashion Video Portal,Unknown,Mumbai,"Ventureworks India, Blume Ventures, Batlivala & Karani Securities, Nikunj Jhaveri",Private Equity,1000000.0,2015,2015-06,True,False
2015-06-01,Proviera,Probiotic Technology Products Manufacturer,Unknown,Chennai,Infuse Ventures,Private Equity,550000.0,2015,2015-06,True,False
2015-06-01,Arth DesignBuild,Architectural Design & Consulting,Unknown,Hyderabad,Srinivas Tirupati,Seed / Angel,500000.0,2015,2015-06,True,False
2015-06-02,Saama,Big Data & Analytics Services,Unknown,Pune,Carrick Capital Partners,Private Equity,35000000.0,2015,2015-06,True,False
2015-06-02,AllIzHealth,Preventive Healthcare Services,Unknown,Pune,Mumbai Angels & Other angel investors,Seed / Angel,350000.0,2015,2015-06,True,False
2015-06-02,Karma Healthcare,Tech-enabled Rural Healthcare Services,Unknown,Udaipur,Ennovent Impact Investment Holding,Private Equity,,2015,2015-06,False,False
2015-06-03,Entropy Innovations,Engineering Innovations,Unknown,Mumbai,Mark Mobius & 9 Other Angel investors,Seed / Angel,,2015,2015-06,False,False
2015-06-03,Propstack,Real Estate Intelligence Platform,Unknown,Mumbai,DMG Information,Private Equity,3000000.0,2015,2015-06,True,False
2015-06-03,MyTaxiIndia,Online Car Rental Affiliates,Unknown,New Delhi,Green House Ventures,Seed / Angel,100000.0,2015,2015-06,True,False
2015-06-03,Arkin Net,Data Center Software platform,Unknown,Pune,Nexus Venture Partners,Private Equity,15000000.0,2015,2015-06,True,False
2015-06-03,Little Black Book Delhi,Online City & Lifestyle Guide,Unknown,New Delhi,"Rajan Anandan, Niraj Singh, Sachin Bhatia, Singapore Angel Network & Aseem Vadehra",Seed / Angel,150000.0,2015,2015-06,True,False
2015-06-03,MyPoolin,P2P Payments platform,Unknown,New Delhi,"Sharad Sharma, Rajan Anandan, Sunil Kalra, Amit Ranjan, Rohan Malhotra, Arjun Malhotra, Gautam Gandhi",Seed / Angel,,2015,2015-06,False,False
2015-06-03,iCustomadeit,Bespoke Merchandize Marketplace,Unknown,Pune,"Virendra Shahney, Dr Paresh Doshi",Seed / Angel,250000.0,2015,2015-06,True,False
2015-06-03,KAARYAH,Women Lifestyle Marketplace,Unknown,Gurgaon,Ratan Tata,Seed / Angel,,2015,2015-06,False,False
2015-06-04,Ecom Express,Logistics Solution Provider,Unknown,New Delhi,Warburg Pincus,Private Equity,137000000.0,2015,2015-06,True,False
2015-06-04,Vidooly,Video Intelligence Platform,Unknown,Noida,Bessemer Venture Partners,Private Equity,1000000.0,2015,2015-06,True,False
2015-06-04,Zopper,Hyperlocal Shopping App,Unknown,Mumbai,"Tiger Global, Nirvana Ventures Advisors",Private Equity,20000000.0,2015,2015-06,True,False
2015-06-04,Flipkart,eCommerce platform,Unknown,Bangalore,Morgan Stanley,Private Equity,50000000.0,2015,2015-06,True,False
2015-06-05,kWatt Solutions,Renewable energy solutions,Unknown,Mumbai,Unknown,Seed / Angel,500000.0,2015,2015-06,True,False
2015-06-05,Medwell Ventures,Healthcare Service provider,Unknown,Bangalore,"Fidelity Growth Partners, Fidelity Biosciences",Private Equity,10000000.0,2015,2015-06,True,False
2015-06-05,Jugnoo,Auto Rickshaw Based Services,Unknown,Chandigarh,"Snow Leopard, Paytm",Private Equity,5000000.0,2015,2015-06,True,False
2015-06-08,PosterGully,Artist / Designer Marketplace,Unknown,New Delhi,"Natarajan Iyer,Rajesh Sawhney, & other Angel investors.",Seed / Angel,,2015,2015-06,False,False
2015-06-08,Applied Solar Technologies,Off-grid Solar Power,Unknown,Mumbai,"Future Fund,Bessemer Venture, Capricorn Investment and IFC",Private Equity,40000000.0,2015,2015-06,True,False
2015-06-09,Clovia,Private Label lingerie Ecommerce,Unknown,New Delhi,IvyCap Ventures,Private Equity,5000000.0,2015,2015-06,True,False
2015-06-09,Swiggy,Online Food Ordering,Unknown,Bangalore,"Norwest Venture Partners, SAIF Partners, Accel Partners",Private Equity,16500000.0,2015,2015-06,True,False
2015-06-09,PayMango,Mobile Commerce Platform,Unknown,Gurgaon,Group of Angel Investors,Seed / Angel,234000.0,2015,2015-06,True,False
2015-06-09,Printland,Online Printing Services,Unknown,New Delhi,SIDBI Venture Capital Ltd,Private Equity,,2015,2015-06,False,False
2015-06-09,Teritree,Digital Marketing Services,Unknown,Bangalore,KCL,Seed / Angel,140000.0,2015,2015-06,True,False
2015-06-10,Guiddoo,Travel Guide Mobile App,Unknown,Mumbai,"Pawan Borle, SVP Fly Dubai & Others",Seed / Angel,,2015,2015-06,False,False
2015-06-10,Voonik,Fashion Ecommerce store,Unknown,Bangalore,"Sequoia Capital, Seedfund",Private Equity,5000000.0,2015,2015-06,True,False
2015-06-11,AdStringO,Mobile Compression Software,Unknown,Mumbai,"Arihant Patni, Vishal Khare, Viswanath Ramachandran",Seed / Angel,350000.0,2015,2015-06,True,False
2015-06-11,Faircent,Peer to Peer Lending platform,Unknown,Gurgaon,M&S Partners Pte. Ltd,Seed / Angel,250000.0,2015,2015-06,True,False
2015-06-12,La Renon,Global Healthcare products,Unknown,Ahmedabad,Sequoia Capital,Private Equity,16000000.0,2015,2015-06,True,False
2015-06-15,Homelane,Home Furnishing Solutions,Unknown,Bangalore,Sequoia Capital,Private Equity,50000000.0,2015,2015-06,True,False
2015-06-15,iSTAR,Skill Training & Placement Platform,Unknown,Bangalore,Unitus Seed Fund,Private Equity,,2015,2015-06,False,False
2015-06-15,Shippr,Intra-City Logistics service,Unknown,Bangalore,i2india Pvt Ltd,Seed / Angel,500000.0,2015,2015-06,True,False
2015-06-16,FoodAbhi,online tiffin service aggregator,Unknown,Mumbai,Group of angel investors,Seed / Angel,,2015,2015-06,False,False
2015-06-16,Karma Recycling,Electronic Goods recycling service,Unknown,New Delhi,"Infuse Ventures, Low Carbon Enterprise Fund",Private Equity,,2015,2015-06,False,False
2015-06-16,CouponRaja,Online Coupon & comparison platform,Unknown,Mumbai,"Mahesh Pratapneni, Pallab Chatterjee & others",Seed / Angel,500000.0,2015,2015-06,True,False
2015-06-17,Babychakra,Parents & Kids Online platform,Unknown,Mumbai,"Mumbai Angels, Patni Family Office, Singapore Angel Network, Karan Maheshwari, Jatin Aneja, Kishor Ganji, Roopa Nath",Seed / Angel,,2015,2015-06,False,False
2015-06-17,Jiffstore,Online Grocery platform,Unknown,Bangalore,"Unitus Seed Fund, Times Internet",Seed / Angel,,2015,2015-06,False,False
2015-06-17,MyDentist,Dental Clinic chain,Unknown,Mumbai,"LGT Group, Asian Healthcare fund, Seedfund",Private Equity,8200000.0,2015,2015-06,True,False
2015-06-18,Moovo,On-Demand Logistics Service,Unknown,New Delhi,YouWeCan Ventures,Seed / Angel,,2015,2015-06,False,False
2015-06-18,Fracktal Works,3D Printer Manufacturer,Unknown,Bangalore,Neoteric Infomatique Limited,Private Equity,3000000.0,2015,2015-06,True,False
2015-06-18,Hansa Customer Equity,IT / Customer Engagement Consulting,Unknown,Mumbai,ASK Pravi,Private Equity,5000000.0,2015,2015-06,True,False
2015-06-18,HealthifyMe,Health & Fitness App,Unknown,Bangalore,"Gopal Srinivasan, Sashi Reddy, Amit Gupta, Pallav Nadhani",Private Equity,,2015,2015-06,False,False
2015-06-18,CAKART,Online Education Marketplace,Unknown,Bangalore,Sunil Maheshwari & group of investors,Seed / Angel,,2015,2015-06,False,False
2015-06-19,Housejoy,Home services marketplace,Unknown,Bangalore,Matrix Partners,Private Equity,4000000.0,2015,2015-06,True,False
2015-06-19,FundsIndia,Financial Services Platform,Unknown,Chennai,"Faering Capital, Foundation Capital, Inventus Capital Partners",Private Equity,11000000.0,2015,2015-06,True,False
2015-06-20,Cupick,Social Network for Artists,Unknown,Bangalore,Group of Angel Investors from US/India,Seed / Angel,120000.0,2015,2015-06,True,False
2015-06-20,Tracxn,Startup funding platform,Unknown,Bangalore,"Sachin Bansal, Bunny Bansal & other investors",Private Equity,10000000.0,2015,2015-06,True,False
2015-06-21,Holachef,Food Delivery Platform,Unknown,Mumbai,"Kalaari Capital, India Quotient",Private Equity,3100000.0,2015,2015-06,True,False
2015-06-22,elong,Data Driven recruitment recommendation,Unknown,Bangalore,"Kunal Bahl, Rohit Bansal, Blume Ventures, Phanindra Sama, Raju Reddy",Private Equity,5000000.0,2015,2015-06,True,False
2015-06-22,Ixigo,Travel Search Engine,Unknown,Gurgaon,Micromax Informatics,Private Equity,,2015,2015-06,False,False
2015-06-22,SkillAngels,Brain Games Platform,Unknown,Chennai,Sprout Angels LLP,Seed / Angel,,2015,2015-06,False,False
2015-06-22,Vidgyor,Video Advertisement Platform,Unknown,Bangalore,AngelPrime,Seed / Angel,500000.0,2015,2015-06,True,False
2015-06-22,Banihal,Algorithmic Match Making Platform,Unknown,New Delhi,Dr David Cheriton,Seed / Angel,,2015,2015-06,False,False
2015-06-23,Goodservice,Mobile Chat based concierge service,Unknown,New Delhi,Sequoia Capital,Private Equity,1600000.0,2015,2015-06,True,False
2015-06-23,Treebo,Online Budget Hotel Booking Service,Unknown,Bangalore,"Matrix Partners India, SAIF Partners",Private Equity,6000000.0,2015,2015-06,True,False
2015-06-23,EduKart,Online education marketplace,Unknown,New Delhi,"Holostik Group, YouWeCan Ventures, 500 Startups, Vijay Shekhar Sharma, Manish Kheterpal, Amit Patni",Private Equity,1000000.0,2015,2015-06,True,False
2015-06-23,Healthians,Preventive healthcare services,Unknown,Hyderabad,YouWeCan Ventures,Seed / Angel,,2015,2015-06,False,False
2015-06-24,LabInApp,Science Learning App,Unknown,Bangalore,Unitus Seed Fund,Seed / Angel,,2015,2015-06,False,False
2015-06-24,Syona Cosmetics,Beauty and Wellness platform,Unknown,Chennai,Chennai Angels,Seed / Angel,,2015,2015-06,False,False
2015-06-24,Sigrid Education,Online Education Platform,Unknown,Noida,Oliphans Capital,Seed / Angel,,2015,2015-06,False,False
2015-06-24,Indix,SaaS product intelligence platform,Unknown,Unknown,"Nokia Growth Partners, Nexus Venture Partners, Avalon Ventures",Private Equity,15000000.0,2015,2015-06,True,False
2015-06-24,The Porter,Logistics Tech,Unknown,Mumbai,"Sequoia Capital, Kae Capital, Anupam Mittal, Sandeep Tandon",Private Equity,5500000.0,2015,2015-06,True,False
2015-06-24,Retention.ai,App Analytics platform,Unknown,Bangalore,"Mercury Fund, Anshu Sharma, Pratyush Prasanna, Robert Winters & others",Seed / Angel,500000.0,2015,2015-06,True,False
2015-06-25,Fusion Microfinance,Micro Finance Platform,Unknown,New Delhi,"Development finance institution Belgian Investment Company, Oikocredit",Private Equity,8600000.0,2015,2015-06,True,False
2015-06-25,Zinka,Freight logistics platform,Unknown,Bangalore,"Accel Partners, Flipkart",Private Equity,6000000.0,2015,2015-06,True,False
2015-06-26,CreditMantri,Credit Management Services,Unknown,Chennai,"IDG Ventures India, Elevar Equity, Accion Venture Lab",Private Equity,2500000.0,2015,2015-06,True,False
2015-06-26,GetMyPeon,Hyperlocal Handyman Services,Unknown,Mumbai,Undisclosed,Seed / Angel,250000.0,2015,2015-06,True,False
2015-06-29,UrbanClap,Hyperlocal services marketplace,Unknown,New Delhi,"SAIF Partners, Accel Partners",Private Equity,10000000.0,2015,2015-06,True,False
2015-06-29,StayGlad,Beauty services Mobile Marketplace,Unknown,Bangalore,"Tracxn Labs, Sahil Barua",Seed / Angel,,2015,2015-06,False,False
2015-06-29,AdWyze,Marketing / Advertising Automation platform,Unknown,Bangalore,Mape Advisory,Seed / Angel,1000000.0,2015,2015-06,True,False
2015-06-29,Zimmber,Hyperlocal Handyman Services,Unknown,Mumbai,"Naveen Tiwari, Mohit Saxena, Amit Gupta, Piyush Shah, Manish Dugar",Seed / Angel,400000.0,2015,2015-06,True,False
2015-06-30,Buttercups,Online Lingerie platform,Unknown,Bangalore,"Kanwaljit Singh, Angie Mahtaney, Manoj Varghese",Seed / Angel,,2015,2015-06,False,False
2015-06-30,RailYatri,Railways Information Mobile app,Unknown,Bangalore,"Helion Ventures, Omidiyar Network, Blume Ventures and Ujama",Private Equity,,2015,2015-06,False,False
2015-06-30,aagaar,Hyperlocal grocery delivery,Unknown,Gurgaon,Group of Investors,Seed / Angel,,2015,2015-06,False,False
2015-06-30,Flatchat,Flat rental Mobile App,Unknown,Bangalore,Commonfloor,Private Equity,2500000.0,2015,2015-06,True,False
2015-06-30,MyCFO,Wealth Management Platform,Unknown,Mumbai,Sameer Koticha,Private Equity,1500000.0,2015,2015-06,True,False
2015-05-01,Foodpanda,Online Food Delivery,Unknown,Gurgaon,"Goldman Sachs, Rocket Internet",Private Equity,100000000.0,2015,2015-05,True,False
2015-05-01,Termsheet,Fund Raising Platform,Unknown,Chennai,"Anand Vijay, Nipun Dureja, Satyajit Heeralal, Keith Rodricks, Gaurav Lochan, Azmul Haque, Nikhil Bagri",Seed / Angel,100000.0,2015,2015-05,True,False
2015-05-04,Applicate,Workforce Management Software,Unknown,Bangalore,"Rishi Vasudev, Amit Gupta, Rajiv Nayan",Seed / Angel,550000.0,2015,2015-05,True,False
2015-05-04,World Art Community,Online Art Marketplace,Unknown,Gurgaon,Viraj Tyagi & others,Seed / Angel,200000.0,2015,2015-05,True,False
2015-05-04,SpoonJoy,Online Food Delivery,Unknown,Bangalore,SAIF Partners,Seed / Angel,1000000.0,2015,2015-05,True,False
2015-05-05,Seed Schools,Affordable Education,Unknown,Hyderabad,Acumen Fund,Seed / Angel,650000.0,2015,2015-05,True,False
2015-05-05,Ignis Careers,Career Development,Unknown,Hyderabad,Acumen Fund,Seed / Angel,250000.0,2015,2015-05,True,False
2015-05-05,Square Yards,Real Estate Advisory,Unknown,Gurgaon,Undisclosed,Private Equity,6000000.0,2015,2015-05,True,False
2015-05-05,Fintellix,Banking Analytics Platform,Unknown,Bangalore,"IDG Ventures, Sequoia Capital",Private Equity,15000000.0,2015,2015-05,True,False
2015-05-05,Customer360,Customer Engagement Platform,Unknown,Mumbai,Vishwas Patel,Seed / Angel,,2015,2015-05,False,False
2015-05-06,Delhivery,Ecommerce Logistics,Unknown,Gurgaon,"Tiger Global Management, Multiples Alternate Asset Management, Nexus Venture Partners, Times Internet",Private Equity,85000000.0,2015,2015-05,True,False
2015-05-06,Swiggy,Online Food Delivery,Unknown,Bangalore,Norwest Venture Partners,Private Equity,15000000.0,2015,2015-05,True,False
2015-05-07,Uniphore,Speech Recognition Solutions,Unknown,Chennai,"IDG Ventures, Kris Gopalakrishnan",Private Equity,,2015,2015-05,False,False
2015-05-07,Box8,Online Food Delivery,Unknown,Mumbai,Mayfield Ventures,Private Equity,3500000.0,2015,2015-05,True,False
2015-05-07,Toppr,Online Education Platform,Unknown,Mumbai,"Fidelity Growth Partners India, SAIF Partners, Helion Ventures",Private Equity,10000000.0,2015,2015-05,True,False
2015-05-07,Vedantu,Online Education Platform,Unknown,Bangalore,"Accel Partners, Tiger Global Management",Private Equity,5000000.0,2015,2015-05,True,False
2015-05-08,BuyHatke,Online Product Comparison,Unknown,Bangalore,"S.Gopalakrishnan, Beenos",Seed / Angel,1000000.0,2015,2015-05,True,False
2015-05-08,KleverKid,Online Education Platform,Unknown,New Delhi,Aarin Capital Partners,Seed / Angel,,2015,2015-05,False,False
2015-05-08,Uniken,Online Security Platform,Unknown,Pune,Exfinity Ventures,Private Equity,2000000.0,2015,2015-05,True,False
2015-05-08,GrandOpinion,Online Medical Diagnostic,Unknown,New Delhi,Florida based Angel investor,Seed / Angel,150000.0,2015,2015-05,True,False
2015-05-08,HealthifyMe,Health & Fitness App,Unknown,Bangalore,Micromax Informatics,Private Equity,,2015,2015-05,False,False
2015-05-12,ZapStitch,Cloud Data Integration Platform,Unknown,Bangalore,"Helion Venture Partners, Orios Venture Partners",Private Equity,2000000.0,2015,2015-05,True,False
2015-05-12,Wassup,Mobile Laundry Cleaning Service,Unknown,Chennai,"Arun Chandra Mohan, Praveen Sinha",Private Equity,2000000.0,2015,2015-05,True,False
2015-05-12,Mobiefit,Mobile Fitness App,Unknown,Goa,Prototyze,Seed / Angel,,2015,2015-05,False,False
2015-05-12,Plancess,Online Education Platform,Unknown,Mumbai,"Rajendra Gogri, Chandrakant Gogri",Seed / Angel,2000000.0,2015,2015-05,True,False
2015-05-12,WorkHorse,Service-On-Demand Mobile App,Unknown,Mumbai,Undisclosed,Seed / Angel,,2015,2015-05,False,False
2015-05-13,Innovaccer,Intelligent Data Analytics,Unknown,Noida,"Rajan Anandan, Teru Sato, Aneesh Reddy, Venkatesh Valluri",Seed / Angel,,2015,2015-05,False,False
2015-05-13,MyCuteOffice,Online Office Rental,Unknown,Mumbai,Lead Angels,Seed / Angel,,2015,2015-05,False,False
2015-05-14,IndianRoots,Lifestyle Ecommerce Portal,Unknown,Gurgaon,KJS Group,Private Equity,5000000.0,2015,2015-05,True,False
2015-05-14,RedPolka,Online Fashion Aggregator,Unknown,Mumbai,Undisclosed,Seed / Angel,250000.0,2015,2015-05,True,False
2015-05-15,Venturesity,Online Job skills Showcase,Unknown,Bangalore,"Phanindra Sama, Jay Sethuram, Hemant Kanakia, Ravi Trivedi",Seed / Angel,270000.0,2015,2015-05,True,False
2015-05-18,TheBetterIndia,Online News Media,Unknown,Bangalore,Mohandas Pai,Seed / Angel,,2015,2015-05,False,False
2015-05-18,Awaaz De,Enterprise Communication Platform,Unknown,Ahmedabad,Samir Shah,Seed / Angel,,2015,2015-05,False,False
2015-05-19,Chaayos,Offline Tea Chain,Unknown,New Delhi,Tiger Global Management,Private Equity,1000000.0,2015,2015-05,True,False
2015-05-19,Akosha,Business Messaging App,Unknown,New Delhi,Sequoia Capital,Private Equity,16000000.0,2015,2015-05,True,False
2015-05-19,Cooey,Health Mobile App,Unknown,Bangalore,Subhash Goyal,Seed / Angel,470000.0,2015,2015-05,True,False
2015-05-19,MeetUniv,Online Ed-Tech Platform,Unknown,Noida,Peesh Venture Capital,Seed / Angel,1000000.0,2015,2015-05,True,False
2015-05-19,Inspirock,Online Travel Planning,Unknown,Unknown,MakeMyTrip Innovation Fund,Private Equity,,2015,2015-05,False,False
2015-05-19,Crown-it,Hyperlocal Mobile Marketplace,Unknown,Gurgaon,"Accel Partners, Helion Venture Partners",Private Equity,5500000.0,2015,2015-05,True,False
2015-05-19,Trucksfirst,Trucking Logistic Operations,Unknown,Gurgaon,SAIF partners,Private Equity,10000000.0,2015,2015-05,True,False
2015-05-20,Lookup,B2C Messaging App,Unknown,Bangalore,Biz Stone,Private Equity,3000000.0,2015,2015-05,True,False
2015-05-21,SunTerrace,Rooftop Solar Plants,Unknown,New Delhi,Sunergy Investors,Private Equity,,2015,2015-05,False,False
2015-05-22,Nudgespot,Customer Engagement Platform,Unknown,Bangalore,"Kae Capital, Anoop Goyal, Mike Shah, VA Sastry",Seed / Angel,625000.0,2015,2015-05,True,False
2015-05-22,CarDekho,Online Car Portal,Unknown,Jaipur,HDFC Bank,Private Equity,,2015,2015-05,False,False
2015-05-22,EveningFlavors,Online Table Reservation,Unknown,Bangalore,Sandiep Shrivatsava,Seed / Angel,500000.0,2015,2015-05,True,False
2015-05-25,Razorpay,Online Payment Gateway,Unknown,Bangalore,Punit Soni,Seed / Angel,,2015,2015-05,False,False
2015-05-25,ZenParent,Parents focused Web Content,Unknown,Bangalore,i2india Ventures,Seed / Angel,500000.0,2015,2015-05,True,False
2015-05-25,Newgen Payments,Payments Solution Provider,Unknown,New Delhi,Jan Manten,Seed / Angel,,2015,2015-05,False,False
2015-05-26,UrbanPro,On-demand Service marketplace,Unknown,Bangalore,Nirvana Venture Advisors,Private Equity,2000000.0,2015,2015-05,True,False
2015-05-26,Goodbox,On-Demand Business messaging,Unknown,Bangalore,Manipal Group,Seed / Angel,200000.0,2015,2015-05,True,False
2015-05-26,Renderlogy,Online Home D\\xc3\\xa9cor,Unknown,Hyderabad,Astarc Ventures,Private Equity,1000000.0,2015,2015-05,True,False
2015-05-27,Postman,API Workflow platform,Unknown,Bangalore,Nexus Venture Partners,Seed / Angel,1000000.0,2015,2015-05,True,False
2015-05-27,Casa2inns,Affordable Hotel Booking Online,Unknown,New Delhi,"Accel Partners, Kalaari Capital",Private Equity,5000000.0,2015,2015-05,True,False
2015-05-27,FleetRover,Logistics Intelligence,Unknown,Goa,"Tim Chen, Sanjay Venkat",Seed / Angel,180000.0,2015,2015-05,True,False
2015-05-28,TheKarrier,Last Mile Logistics,Unknown,Bangalore,"Sol Primero, Outbox Ventures, Nikunj Jain",Seed / Angel,240000.0,2015,2015-05,True,False
2015-05-28,Zoomcar,Self-driven Car rental,Unknown,Bangalore,Sequoia Capital,Private Equity,5000000.0,2015,2015-05,True,False
2015-05-28,Truweight,Weight Management Service,Unknown,Hyderabad,Kalaari Capital,Private Equity,,2015,2015-05,False,False
2015-05-30,Ather Energy,Electric Scooter Manufacturer,Unknown,Bangalore,Tiger Global,Private Equity,12000000.0,2015,2015-05,True,False
2015-04-03,Swiggy,Online Food Delivery,Unknown,Bangalore,"Accel Partners, SAIF Partners",Private Equity,2000000.0,2015,2015-04,True,False
2015-04-04,Bluegape,Web Content Publishing,Unknown,Gurgaon,"Rudy Gopalakrishnan, ah! Ventures",Seed / Angel,200000.0,2015,2015-04,True,False
2015-04-04,KeepTrax,Location Based App,Unknown,Dallas,Unknown,Seed / Angel,1000000.0,2015,2015-04,True,False
2015-04-06,InstaLively,Video Streaming,Unknown,New Delhi,"Rajesh Sawheny , Rajan Anandan, Amit Ranjan, Niraj Singh, AECAL, MeraEvents.",Seed / Angel,120000.0,2015,2015-04,True,False
2015-04-07,Pricejugaad,Price Comparison,Unknown,Hyderabad,"Amit Tyagi, Sandeep Acharya & others",Seed / Angel,165000.0,2015,2015-04,True,False
2015-04-07,Quikr,Online Classifieds,Unknown,Mumbai,"Tiger Global, Investment AB Kinnevik, Steadview Capital",Private Equity,150000000.0,2015,2015-04,True,False
2015-04-07,PressPlay,Travel Entertainment,Unknown,New Delhi,"Sequoia Capital, Jason Hirschhorn, Jarett Posner, and Amit Bhatiani",Seed / Angel,2200000.0,2015,2015-04,True,False
2015-04-07,LogiNext,Logistics Tech,Unknown,Mumbai,"Ajit Surana, Sanjay Mehta",Seed / Angel,,2015,2015-04,False,False
2015-04-08,FirstCry,E-Commerce,Unknown,Pune,"Silicon Valley Ventures, NEA Ventures, Valiant Capital, IDG Ventures India, SAIF Partners, Vertex Ventures",Private Equity,10000000.0,2015,2015-04,True,False
2015-04-08,MobiKwik,Digital / Mobile Wallet,Unknown,Gurgaon,"Tree Line Asia, Cisco Investments, American Express, Sequoia Capital",Private Equity,25000000.0,2015,2015-04,True,False
2015-04-08,Olacabs,Cab Aggregator,Unknown,Bangalore,"DST Global, Steadview Capital, Tiger Global, Accel Partners & Others",Private Equity,400000000.0,2015,2015-04,True,False
2015-04-09,Gadgetwood,Device Repair Svcs,Unknown,New Delhi,"Ajai Chowdhry, Ashvin Chadha, Yogesh Bansal, Nitin Singhal & Others",Seed / Angel,200000.0,2015,2015-04,True,False
2015-04-09,Bonhomia,Premium Beverages,Unknown,New Delhi,"Kanwaljit Singh, Shripad Nadkarni, Sarvesh Shahra & Others",Seed / Angel,2000000.0,2015,2015-04,True,False
2015-04-09,Changer Mints,Digital / Mobile Wallet,Unknown,Kolkata,Hyderabad based investor,Seed / Angel,165000.0,2015,2015-04,True,False
2015-04-09,Urban Ladder,Online Furnishing eCommerce,Unknown,Bangalore,"Sequoia Capital, TR Capital, Steadview Capital, SAIF Partners, Kalaari Capital",Private Equity,50000000.0,2015,2015-04,True,False
2015-04-09,Purple Squirrel,EdTech,Unknown,Mumbai,"Matrix Partners India, India Quotient",Private Equity,,2015,2015-04,False,False
2015-04-10,Whatfix,Interactive How-To Guides,Unknown,Bangalore,"Helion Venture Partner, Powerhouse Ventures, GSF and Other angel investors",Seed / Angel,900000.0,2015,2015-04,True,False
2015-04-10,iMMi Life,Mobile Health Tech,Unknown,Chennai,Unitus Seed Fund,Seed / Angel,,2015,2015-04,False,False
2015-04-11,Zomato,Restaurant Reviews,Unknown,Gurgaon,Info Edge (India),Private Equity,25000000.0,2015,2015-04,True,False
2015-04-13,ZopNow,Online Grocer,Unknown,Bangalore,"Dragoneer Investment, Accel Partners, Qualcomm Ventures, Times Internet",Private Equity,10000000.0,2015,2015-04,True,False
2015-04-13,Nayi Disha,EdTech,Unknown,New Delhi,"Ajay Relan,",Seed / Angel,300000.0,2015,2015-04,True,False
2015-04-13,The Porter,Logistics Tech,Unknown,Mumbai,Kae Capital,Seed / Angel,500000.0,2015,2015-04,True,False
2015-04-13,Commeasure,Online Hotel Booking,Unknown,Noida,Jungle Ventures,Seed / Angel,1000000.0,2015,2015-04,True,False
2015-04-13,Capricoast,Online Kitchen Furniture,Unknown,Bangalore,Accel Partners India,Seed / Angel,1250000.0,2015,2015-04,True,False
2015-04-14,LocalOye,Hyper-local Online Services,Unknown,Mumbai,"Tiger Global Management, Lightspeed Venture Partners",Private Equity,5000000.0,2015,2015-04,True,False
2015-04-15,Grofers,Hyper-Local Online/Mobile Grocery,Unknown,Gurgaon,"Tiger Global, Sequoia Capital",Private Equity,35000000.0,2015,2015-04,True,False
2015-04-15,PepperTap,Hyper-Local Online/Mobile Grocery,Unknown,Gurgaon,"SAIF Partners, Sequoia Capital",Private Equity,10000000.0,2015,2015-04,True,False
2015-04-15,PolicyBazaar,Online Policy Aggregator,Unknown,Gurgaon,"PremjiInvest, Tiger Global, Ribbit Capital",Private Equity,40000000.0,2015,2015-04,True,False
2015-04-16,UrbanClap,Hyperlocal Mobile Services Marketplace,Unknown,New Delhi,"SAIF Partners, Accel Partners, Kunal Bahl, Rohit Bansal",Seed / Angel,1600000.0,2015,2015-04,True,False
2015-04-16,Taskbob,OnDemand Mobile Handyman Services,Unknown,Mumbai,"Orios Venture Partners, Mayfield India",Seed / Angel,1200000.0,2015,2015-04,True,False
2015-04-17,Robosoft,Mobile App Development,Unknown,Udupi,"Ascent Capital, Kalaari Capital",Private Equity,12000000.0,2015,2015-04,True,False
2015-04-18,Doormint,On-Demand Handyman Services,Unknown,Mumbai,Powai Lake Ventures,Seed / Angel,,2015,2015-04,False,False
2015-04-20,Vyomo,Beauty & Wellness Mobile App,Unknown,Gurgaon,YouWeCan Ventures,Seed / Angel,,2015,2015-04,False,False
2015-04-20,Pastiwala,Material Collection & Recycling,Unknown,Vadodara,Agnus Capital,Private Equity,4000000.0,2015,2015-04,True,False
2015-04-20,1mg (Healthkartplus),Online Pharmacy & Drug DB,Unknown,Gurgaon,"Deep Kalra, Sequoia Capital, Omidyar Network, Intel Capital & Kae Capital",Private Equity,6000000.0,2015,2015-04,True,False
2015-04-20,Freshdesk,Online / Mobile Customer Support,Unknown,Chennai,"Tiger Global, Google Capital & Accel Partners",Private Equity,50000000.0,2015,2015-04,True,False
2015-04-20,Sulekha,Online Classifieds & Listings,Unknown,Chennai,GIC ventures,Private Equity,28000000.0,2015,2015-04,True,False
2015-04-22,FindYahan,Hyperlocal services marketplace,Unknown,New Delhi,The Phoenix Fund,Private Equity,,2015,2015-04,False,False
2015-04-22,Eat.Shop.Love,Fashion ECommerce,Unknown,Bangalore,Undisclosed Investor,Private Equity,3500000.0,2015,2015-04,True,False
2015-04-22,Avanti Learning,Private Coaching Centers,Unknown,New Delhi,"Michael & Susan Dell Foundation, Pearson Learning Fund",Private Equity,1500000.0,2015,2015-04,True,False
2015-04-23,Simplilearn,Online Certification Courses,Unknown,Bangalore,"Mayfield Ventures, Kalaari Capital, Helion Ventures",Private Equity,15000000.0,2015,2015-04,True,False
2015-04-23,Craftstvilla,Ethnic Product eCommerce,Unknown,Mumbai,"Sequoia Capital, Nexus venture Partners, Lightspeed Ventures, GFC",Private Equity,18000000.0,2015,2015-04,True,False
2015-04-23,HeadOut,Last Minute Travel Deals mobile marketplace,Unknown,Bangalore,"Version One Ventures, 500 Startups, Nexus Venture Partners and Arena Ventures",Seed / Angel,1800000.0,2015,2015-04,True,False
2015-04-23,happay,usiness expense management,Unknown,Bangalore,AngelPrime,Seed / Angel,500000.0,2015,2015-04,True,False
2015-04-23,Jugnoo,Auto Rickshaw based Logistics,Unknown,Chandigarh,"Rakesh Mathur, Vikas Taneja & others",Seed / Angel,1000000.0,2015,2015-04,True,False
2015-04-23,EazyDiner,Restaurant reservation app,Unknown,New Delhi,"Deepak Shahdadpuri, Gulpreet Kohli",Seed / Angel,,2015,2015-04,False,False
2015-04-23,Phone Warrior,Spam Call block App,Unknown,New Delhi,Lightspeed Ventures,Seed / Angel,,2015,2015-04,False,False
2015-04-24,Coverfox,Online Insurance Aggregator,Unknown,Mumbai,"Accel US, Accel India, SAIF Partners.",Private Equity,12000000.0,2015,2015-04,True,False
2015-04-27,Torqus,Restaurant Management Platform,Unknown,Pune,S S Mukherji & Others,Seed / Angel,350000.0,2015,2015-04,True,False
2015-04-27,Grab,Food Logistics & Delivery,Unknown,Mumbai,"Oliphans Capital, Haresh Chawla",Seed / Angel,1000000.0,2015,2015-04,True,False
2015-04-27,LogicRoots,Interactive Educational Games,Unknown,Jaipur,"Ah! Ventures, Calcutta Angels, 91SpringBoard",Seed / Angel,400000.0,2015,2015-04,True,False
2015-04-27,GIBBS,Clean Tech,Unknown,New Delhi,Infuse Ventures fund,Private Equity,,2015,2015-04,False,False
2015-04-28,Babajobs,Grey collar Job Board,Unknown,Bangalore,SEEK Ltd & affiliates,Private Equity,10000000.0,2015,2015-04,True,False
2015-04-28,Urban Ladder,Online Furniture ecommerce,Unknown,Bangalore,"Anand Rajaraman, Venky Harinarayan",Private Equity,,2015,2015-04,False,False
2015-04-28,Jay Robotix,Robotic Program learning,Unknown,Hyderabad,Cross Border Angels & others,Seed / Angel,250000.0,2015,2015-04,True,False
2015-04-28,Naaptol,Tele-Shopping / eCommerce,Unknown,Mumbai,Mitsui & Co & existing investors,Private Equity,21500000.0,2015,2015-04,True,False
2015-04-29,ReGlobe,Used Gadgets Buy / Refurbishing,Unknown,Gurgaon,"Bessemer Ventures, Blume Ventures",Seed / Angel,1000000.0,2015,2015-04,True,False
2015-04-29,Icertis,Cloud Enterprise Software,Unknown,Pune,"Greycroft Partners, Fidelity Growth Partners",Private Equity,6000000.0,2015,2015-04,True,False
2015-04-29,Tracxn,Startup Analytics platform,Unknown,Bangalore,SAIF Partners,Private Equity,3500000.0,2015,2015-04,True,False
2015-04-29,Dazo,Mobile Food Ordering app,Unknown,Bangalore,"Sumit Jain, Aprameya Radhakrishna, Alok Goel, Rajan Anandan, Amit Agrawal, Vinay Goel, Gaurav Munjal, Ashish Dev Kapur",Seed / Angel,,2015,2015-04,False,False
2015-04-29,Tradelab,Financial Markets Software,Unknown,Bangalore,Rainmatter,Seed / Angel,400000.0,2015,2015-04,True,False
2015-04-29,PiQube,Hiring Analytics platform,Unknown,Chennai,The HR Fund,Seed / Angel,500000.0,2015,2015-04,True,False
2015-04-29,Travel Triangle,Online Travel Marketplace,Unknown,Noida,"Bessemer Venture Partners, SAIF Partners",Private Equity,8000000.0,2015,2015-04,True,False
2015-03-02,TrulyMadly,Unknown,Unknown,Unknown,"Helion Venture Partners, Kae Capital",Private Equity,5500000.0,2015,2015-03,True,False
2015-03-02,InstaLively,Unknown,Unknown,Unknown,Group of Angel Investors,Seed / Angel,120000.0,2015,2015-03,True,False
2015-03-03,Vserv,Unknown,Unknown,Unknown,"Maverick Capital, IDG Ventures India",Private Equity,15000000.0,2015,2015-03,True,False
2015-03-03,Intruo,Unknown,Unknown,Unknown,"Ashutosh Lawania, Alok Goel & others",Seed / Angel,,2015,2015-03,False,False
2015-03-05,Niffler,Unknown,Unknown,Unknown,SAIF Partners,Seed / Angel,1000000.0,2015,2015-03,True,False
2015-03-05,CustomFurnish,Unknown,Unknown,Unknown,"Madhukar Gangadi, Satish Reddy, Srini Raju, Srini Koppolu & SIDBI",Private Equity,2500000.0,2015,2015-03,True,False
2015-03-06,MapMyGenome,Unknown,Unknown,Unknown,Rajan Anandan & other angel investors,Private Equity,1200000.0,2015,2015-03,True,False
2015-03-09,Crowdfire (formerly Justunfollow),Unknown,Unknown,Unknown,Kalaari Capital,Private Equity,2500000.0,2015,2015-03,True,False
2015-03-09,Bite Club,Unknown,Unknown,Unknown,"Powai Lake Ventures, Aneesh Reddy, Ashish Kashyap, Alok Mittal",Seed / Angel,500000.0,2015,2015-03,True,False
2015-03-10,Localbanya,Unknown,Unknown,Unknown,Shrem Strategies,Private Equity,,2015,2015-03,False,False
2015-03-11,Appedo,Unknown,Unknown,Unknown,Undisclosed,Seed / Angel,1000000.0,2015,2015-03,True,False
2015-03-11,Fitraq,Unknown,Unknown,Unknown,Tarun Arora,Seed / Angel,150000.0,2015,2015-03,True,False
2015-03-11,ChargeBee,Unknown,Unknown,Unknown,"Tiger Global, Accel Partners",Private Equity,5000000.0,2015,2015-03,True,False
2015-03-11,Groupon India,Unknown,Unknown,Unknown,Sequoia Capital,Private Equity,20000000.0,2015,2015-03,True,False
2015-03-12,Process 9,Unknown,Unknown,Unknown,"IAN Ventures, Alok Sharma, Kris Gopalakrishnan, Saurabh Srivastava, Ajai Chowdhry",Seed / Angel,,2015,2015-03,False,False
2015-03-12,MoonFrog Labs,Unknown,Unknown,Unknown,"Tiger Global, Sequoia Capital.",Private Equity,15000000.0,2015,2015-03,True,False
2015-03-13,Foodpanda,Unknown,Unknown,Unknown,Rocket Internet AG & others,Private Equity,110000000.0,2015,2015-03,True,False
2015-03-13,Paytm,Unknown,Unknown,Unknown,Ratan Tata,Private Equity,,2015,2015-03,False,False
2015-03-13,DiabetOmics,Unknown,Unknown,Unknown,"VentureEast, Varaprasad Reddy",Private Equity,5000000.0,2015,2015-03,True,False
2015-03-13,Qyk,Unknown,Unknown,Unknown,"Powai Lake Ventures, Zishan Hayath, Abhishek Goyal, Sahil Barua",Seed / Angel,,2015,2015-03,False,False
2015-03-14,Daily Rounds,Unknown,Unknown,Unknown,"Kae Capital, GSF, Teruhide Sato",Seed / Angel,500000.0,2015,2015-03,True,False
2015-03-14,Orobind,Unknown,Unknown,Unknown,"Zishaan Hayath, Lalit Mangal, Harpreet Singh Grover",Seed / Angel,200000.0,2015,2015-03,True,False
2015-03-14,Routofy,Unknown,Unknown,Unknown,"Kunal Bahl, Rohit Bansal",Seed / Angel,,2015,2015-03,False,False
2015-03-16,Digital Gorkha,Unknown,Unknown,Unknown,Ramesh kavediya,Seed / Angel,166000.0,2015,2015-03,True,False
2015-03-16,NestAway,Unknown,Unknown,Unknown,"IDG Ventures, Naveen Tewari",Seed / Angel,1300000.0,2015,2015-03,True,False
2015-03-16,The Better India,Unknown,Unknown,Unknown,I-cube-N,Seed / Angel,166000.0,2015,2015-03,True,False
2015-03-16,Meru Cabs,Unknown,Unknown,Unknown,Value Fund Advisors,Private Equity,50000000.0,2015,2015-03,True,False
2015-03-17,GolfLAN,Unknown,Unknown,Unknown,YourNest Angel Fund,Seed / Angel,,2015,2015-03,False,False
2015-03-18,Drivestream,Unknown,Unknown,Unknown,Wipro,Private Equity,5000000.0,2015,2015-03,True,False
2015-03-18,wWhere,Unknown,Unknown,Unknown,Group of Angel Investors,Seed / Angel,200000.0,2015,2015-03,True,False
2015-03-18,GoJavas,Unknown,Unknown,Unknown,Snapdeal,Private Equity,,2015,2015-03,False,False
2015-03-19,Tripoto,Unknown,Unknown,Unknown,"IDG Ventures, Outbox Ventures",Private Equity,2000000.0,2015,2015-03,True,False
2015-03-19,Graphic India,Unknown,Unknown,Unknown,"CA Media LP, Start Media.",Seed / Angel,2800000.0,2015,2015-03,True,False
2015-03-20,Harness Handitouch,Unknown,Unknown,Unknown,Armat Group,Private Equity,,2015,2015-03,False,False
2015-03-20,Lets Corp,Unknown,Unknown,Unknown,Wu Chay Chin,Seed / Angel,3000000.0,2015,2015-03,True,False
2015-03-20,CollateBox,Unknown,Unknown,Unknown,LetsVenture,Seed / Angel,180000.0,2015,2015-03,True,False
2015-03-20,Mahindra First Choice,Unknown,Unknown,Unknown,Valiant Capital,Private Equity,15000000.0,2015,2015-03,True,False
2015-03-21,Round One,Unknown,Unknown,Unknown,"HT Media, Arun Duggal",Seed / Angel,,2015,2015-03,False,False
2015-03-23,RazorPay,Unknown,Unknown,Unknown,Y Combinator,Seed / Angel,120000.0,2015,2015-03,True,False
2015-03-23,Mosambee,Unknown,Unknown,Unknown,RVCF and SIDBI,Private Equity,,2015,2015-03,False,False
2015-03-24,Furlenco,Unknown,Unknown,Unknown,LightBox Ventures,Private Equity,6000000.0,2015,2015-03,True,False
2015-03-24,Cubito,Unknown,Unknown,Unknown,Sol Primero,Seed / Angel,160000.0,2015,2015-03,True,False
2015-03-25,Teabox,Unknown,Unknown,Unknown,"JAFCO Asia, Keystone Group, Dragoneer Investment, Accel Partners",Private Equity,6000000.0,2015,2015-03,True,False
2015-03-25,Artoo,Unknown,Unknown,Unknown,"Accion Venture Labs, Rianta Capital",Private Equity,500000.0,2015,2015-03,True,False
2015-03-25,Fxkart,Unknown,Unknown,Unknown,"Dr Mushtaq Shah, Dr Faraz Naqvi",Seed / Angel,2000000.0,2015,2015-03,True,False
2015-03-25,Rozgar Mela,Unknown,Unknown,Unknown,"Impact Investment Holding, Upaya Social Ventures",Seed / Angel,,2015,2015-03,False,False
2015-03-25,OYO,Unknown,Unknown,Unknown,"Greenoaks capital, Sequoia Capital, LightSpeed Ventures",Private Equity,25000000.0,2015,2015-03,True,False
2015-03-26,Roposo,Unknown,Unknown,Unknown,"Tiger Global Management, Indian Quotient, Binny Bansal",Private Equity,5000000.0,2015,2015-03,True,False
2015-03-26,Teewe,Unknown,Unknown,Unknown,"Sequoia Capital, India Quotient",Seed / Angel,1750000.0,2015,2015-03,True,False
2015-03-26,ePoise,Unknown,Unknown,Unknown,Undisclosed,Seed / Angel,,2015,2015-03,False,False
2015-03-27,Urjas,Unknown,Unknown,Unknown,Solidarity Venture Capital & others,Seed / Angel,100000.0,2015,2015-03,True,False
2015-03-27,Chargein,Unknown,Unknown,Unknown,Pittie Group,Seed / Angel,100000.0,2015,2015-03,True,False
2015-03-28,Yogurt Labs,Unknown,Unknown,Unknown,"Nick Adams, Kiran Bhat, Family Pot Investments LLP",Seed / Angel,115000.0,2015,2015-03,True,False
2015-03-28,LimeRoad,Unknown,Unknown,Unknown,"Tiger Global, Matrix Partners, Lightspeed Venture Partners",Private Equity,30000000.0,2015,2015-03,True,False
2015-03-28,Team Indus,Unknown,Unknown,Unknown,"Nandan Nilekani, Rajiv Mody, Ajai Chowdhary",Private Equity,1500000.0,2015,2015-03,True,False
2015-03-30,Arohan Financial Services,Unknown,Unknown,Unknown,Tano Capital,Private Equity,10000000.0,2015,2015-03,True,False
2015-03-30,BillDesk,Unknown,Unknown,Unknown,TA Associates,Private Equity,75000000.0,2015,2015-03,True,False
2015-03-31,Triphobo,Unknown,Unknown,Unknown,"Mayfield Ventures, Kalaari Capital",Private Equity,3000000.0,2015,2015-03,True,False
2015-03-31,Aryaka,Unknown,Unknown,Unknown,"Trinity Ventures, InterWest Partners, Mohr Davidow Ventures, Presidio Ventures",Private Equity,16000000.0,2015,2015-03,True,False
2015-03-31,Appsdaily,Unknown,Unknown,Unknown,"Zodius Capital, Ru-Net, Kalaari Capital, Qualcomm Ventures",Private Equity,16000000.0,2015,2015-03,True,False
2015-02-02,Faaya,Unknown,Unknown,Unknown,Group of Angel Investors,Seed / Angel,16600.0,2015,2015-02,True,False
2015-02-02,InstaBounce,Unknown,Unknown,Unknown,Group of Angel Investors,Seed / Angel,16600.0,2015,2015-02,True,False
2015-02-02,Chloroplast Foods,Unknown,Unknown,Unknown,Group of Angel Investors,Seed / Angel,16600.0,2015,2015-02,True,False
2015-02-02,Dealwithus,Unknown,Unknown,Unknown,Group of Angel Investors,Seed / Angel,16600.0,2015,2015-02,True,False
2015-02-02,CleverSharks,Unknown,Unknown,Unknown,Group of Angel Investors,Seed / Angel,16600.0,2015,2015-02,True,False
2015-02-02,Leaf,Unknown,Unknown,Unknown,Group of Angel Investors,Seed / Angel,16600.0,2015,2015-02,True,False
2015-02-02,SmartPocket,Unknown,Unknown,Unknown,"Sol Primero, Rajiv Mehta",Seed / Angel,250000.0,2015,2015-02,True,False
2015-02-02,Yumist,Unknown,Unknown,Unknown,Orios Venture Partner,Private Equity,1000000.0,2015,2015-02,True,False
2015-02-02,NowFloats,Unknown,Unknown,Unknown,Omidyar Network,Private Equity,,2015,2015-02,False,False
2015-02-02,FirstCry,Unknown,Unknown,Unknown,Valiant Capital Partners,Private Equity,26000000.0,2015,2015-02,True,False
2015-02-02,HolaChef,Unknown,Unknown,Unknown,India Quotient,Seed / Angel,325000.0,2015,2015-02,True,False
2015-02-03,Frsh.co,Unknown,Unknown,Unknown,"India Quotient, Kae Capital",Seed / Angel,518000.0,2015,2015-02,True,False
2015-02-03,Manthan,Unknown,Unknown,Unknown,"Temasek, Norwest Venture Partners",Private Equity,60000000.0,2015,2015-02,True,False
2015-02-05,Kobster,Unknown,Unknown,Unknown,Splice Advisors,Seed / Angel,,2015,2015-02,False,False
2015-02-05,Culture Machine,Unknown,Unknown,Unknown,"Tiger Global, Times Internet, Zodius Capital",Private Equity,18000000.0,2015,2015-02,True,False
2015-02-05,Paytm,Unknown,Unknown,Unknown,Ant Financial Services (Alipay),Private Equity,,2015,2015-02,False,False
2015-02-05,Aisle.co,Unknown,Unknown,Unknown,"Anand Vijay, Shashank Mehrotra & Others",Seed / Angel,100000.0,2015,2015-02,True,False
2015-02-06,FreeCharge,Unknown,Unknown,Unknown,"Valiant Capital, Tybourne Capital, Sequoia Capital, RuNet and Sofina",Private Equity,80000000.0,2015,2015-02,True,False
2015-02-06,NewsHunt,Unknown,Unknown,Unknown,"Falcon Edge Capital, Matrix Partners India, Sequoia Capital India and Omidyar Network",Private Equity,40000000.0,2015,2015-02,True,False
2015-02-09,MyNoticePeriod,Unknown,Unknown,Unknown,IDG Ventures,Private Equity,3000000.0,2015,2015-02,True,False
2015-02-09,CarDekho,Unknown,Unknown,Unknown,Ratan Tata,Private Equity,,2015,2015-02,False,False
2015-02-09,Faaso\\xe2\\x80\\x99s,Unknown,Unknown,Unknown,Lightbox Ventures,Private Equity,20000000.0,2015,2015-02,True,False
2015-02-10,CarTrade,Unknown,Unknown,Unknown,Chip Perry,Private Equity,,2015,2015-02,False,False
2015-02-10,StoreKing,Unknown,Unknown,Unknown,Mangrove Capital Partners,Private Equity,,2015,2015-02,False,False
2015-02-11,Capital Float,Unknown,Unknown,Unknown,"SAIF Partners, Sequoia Capital, Aspada",Private Equity,13000000.0,2015,2015-02,True,False
2015-02-11,Nimble Wireless,Unknown,Unknown,Unknown,AngelPrime,Seed / Angel,3000000.0,2015,2015-02,True,False
2015-02-11,Townscript,Unknown,Unknown,Unknown,Group of Angel Investors,Seed / Angel,,2015,2015-02,False,False
2015-02-11,FindYahan,Unknown,Unknown,Unknown,"Karan Bajwa, Parvesh Bareja , Sunjay Kapur, Amanpreet Bajaj",Seed / Angel,,2015,2015-02,False,False
2015-02-12,Stayzilla,Unknown,Unknown,Unknown,"Nexus Venture Partners, Matrix Partners",Private Equity,20000000.0,2015,2015-02,True,False
2015-02-12,Practo,Unknown,Unknown,Unknown,"Sequoia Capital, Matrix Partners",Private Equity,30000000.0,2015,2015-02,True,False
2015-02-13,CimplyFive,Unknown,Unknown,Unknown,"Suresh Senapaty, TV Mohandas Pai",Seed / Angel,,2015,2015-02,False,False
2015-02-13,20Dresses,Unknown,Unknown,Unknown,"Srinivas Aluri, Srinivas Modukury, BS Nagesh",Seed / Angel,1000000.0,2015,2015-02,True,False
2015-02-13,Itzcash,Unknown,Unknown,Unknown,Ashok Goel (promoter),Private Equity,16500000.0,2015,2015-02,True,False
2015-02-16,NewsInShorts,Unknown,Unknown,Unknown,"Tiger Global, Rebright Partners, Sachin and Binny Bansal",Private Equity,4150000.0,2015,2015-02,True,False
2015-02-16,iTraveller,Unknown,Unknown,Unknown,ah! Ventures,Private Equity,1000000.0,2015,2015-02,True,False
2015-02-17,NextGen,Unknown,Unknown,Unknown,Mumbai Angels & Group of other investors,Seed / Angel,,2015,2015-02,False,False
2015-02-18,Wooplr,Unknown,Unknown,Unknown,Helion Venture Partners,Private Equity,5000000.0,2015,2015-02,True,False
2015-05-19,Springleap,Unknown,Unknown,Unknown,Cross Border Angels,Seed / Angel,800000.0,2015,2015-05,True,False
2015-02-20,Klip,Unknown,Unknown,Unknown,"Calcutta Angels, Venture Nursery Angels Mumbai Angels",Seed / Angel,500000.0,2015,2015-02,True,False
2015-02-20,Renderlogy,Unknown,Unknown,Unknown,Brick Eagle,Private Equity,1600000.0,2015,2015-02,True,False
2015-02-21,Appbase,Unknown,Unknown,Unknown,"DA-IICT, Techstars, Carnegie Mellon University, Startup Brasil program",Seed / Angel,290000.0,2015,2015-02,True,False
2015-02-23,HomeLane,Unknown,Unknown,Unknown,"Sequoia Capital, Ranjan Pai, Mohandas Pai & others",Private Equity,4500000.0,2015,2015-02,True,False
2015-02-23,Trip38,Unknown,Unknown,Unknown,"InterGlobe Technology Quotient, Lantern Capital",Private Equity,1000000.0,2015,2015-02,True,False
2015-02-23,Smartairtrip,Unknown,Unknown,Unknown,Undisclosed,Private Equity,10000000.0,2015,2015-02,True,False
2015-02-23,NoBroker,Unknown,Unknown,Unknown,"SAIF Partners, Fulcrum Ventures",Private Equity,3000000.0,2015,2015-02,True,False
2015-02-24,Caravan Craft Retail,Unknown,Unknown,Unknown,"Unitus Seed Fund Narayan Ramachandran, Bijou Kurien",Seed / Angel,500000.0,2015,2015-02,True,False
2015-02-25,SquadRun,Unknown,Unknown,Unknown,"Amit Ranjan, Deepinder Goyal, Zishaan Hayath, Powai Lake Ventures",Seed / Angel,,2015,2015-02,False,False
2015-02-25,Clonect Solutions,Unknown,Unknown,Unknown,"V Balakrishnan, T V Mohandas Pai, BC Prabhakar",Seed / Angel,250000.0,2015,2015-02,True,False
2015-02-25,TaxSutra,Unknown,Unknown,Unknown,"V Balakrishnan, T V Mohandas Pai",Seed / Angel,160000.0,2015,2015-02,True,False
2015-02-25,PepperTap,Unknown,Unknown,Unknown,Sequoia Capital,Seed / Angel,,2015,2015-02,False,False
2015-02-25,Sattviko,Unknown,Unknown,Unknown,"Sumit Jain, Rajat Jain, Sanjay Bhasin",Seed / Angel,320000.0,2015,2015-02,True,False
2015-02-25,IndustryBuying,Unknown,Unknown,Unknown,SAIF Partners,Private Equity,2000000.0,2015,2015-02,True,False
2015-02-26,FreshWorld,Unknown,Unknown,Unknown,"Kris Gopalakrishnan, Nagaraja Prakasam",Seed / Angel,,2015,2015-02,False,False
2015-02-26,TinyOwl,Unknown,Unknown,Unknown,"Matrix Partners, Sequoia Capital, Nexus Venture Partners",Private Equity,16000000.0,2015,2015-02,True,False
2015-02-27,Momoe,Unknown,Unknown,Unknown,"IDG Ventures India, Jungle Ventures, India Quotient.",Seed / Angel,1200000.0,2015,2015-02,True,False
2015-02-27,Grofers,Unknown,Unknown,Unknown,"Tiger Global Management, Sequoia Capital India",Private Equity,10000000.0,2015,2015-02,True,False
2015-01-02,LensKart,Unknown,Unknown,Unknown,"TPG Growth, TR Capital, IDG Ventures",Private Equity,2150000.0,2015,2015-01,True,False
2015-01-02,VioletStreet,Unknown,Unknown,Unknown,"Venkat Vallabhneni, Sudhakar Reddy, Srinivasa Rao Paturi",Seed / Angel,315000.0,2015,2015-01,True,False
2015-01-05,Lookup,Unknown,Unknown,Unknown,"DeNA Co., Japan & Teruhide Sato (in Addition to MKS Switzerland & Kris GopalKrishnan)",Seed / Angel,380000.0,2015,2015-01,True,False
2015-01-05,#Fame,Unknown,Unknown,Unknown,TO THE NEW Ventures,Private Equity,10000000.0,2015,2015-01,True,False
2015-01-05,Gympik,Unknown,Unknown,Unknown,"Tom Clausen, Rohan Ajila, Haldyn Glass",Seed / Angel,135000.0,2015,2015-01,True,False
2015-01-06,Near,Unknown,Unknown,Unknown,"Anupam Mittal, Manish Vij, Prashant Tandon, Gaurav Agarwal, Akash Agarwal, Himanshu Aggarwal, Kevin Parikh",Seed / Angel,285000.0,2015,2015-01,True,False
2015-01-06,Purplle,Unknown,Unknown,Unknown,IvyCap Ventures,Private Equity,,2015,2015-01,False,False
2015-01-06,NumberMall,Unknown,Unknown,Unknown,SRI Capital,Private Equity,10000000.0,2015,2015-01,True,False
2015-01-06,Tookitaki,Unknown,Unknown,Unknown,"Jungle Ventures, Redbright Partners, Blume Ventures",Private Equity,1000000.0,2015,2015-01,True,False
2015-01-06,Frankly,Unknown,Unknown,Unknown,Matrix Partners,Seed / Angel,600000.0,2015,2015-01,True,False
2015-01-07,Faircent,Unknown,Unknown,Unknown,"Devesh Sachdev, Ashish Tiwari",Seed / Angel,,2015,2015-01,False,False
2015-01-07,Nurturey,Unknown,Unknown,Unknown,Seedrs Crowd funding platform,Other,125000.0,2015,2015-01,True,False
2015-01-07,Bewakoof,Unknown,Unknown,Unknown,"Rohit Bansal, Kunal Bahl, Nikhil Vora",Seed / Angel,,2015,2015-01,False,False
2015-01-07,Stridalyzer,Unknown,Unknown,Unknown,Kickstarter,Other,30768.0,2015,2015-01,True,False
2015-01-07,Commonfloor,Unknown,Unknown,Unknown,Google Capital,Private Equity,5000000.0,2015,2015-01,True,False
2015-01-09,Sokrati,Unknown,Unknown,Unknown,"IvyCap Ventures, Inventus Capital",Private Equity,,2015,2015-01,False,False
2015-01-09,YepMe,Unknown,Unknown,Unknown,"JS Capital, Helion Venture Partners, Capricorn Investment Group",Private Equity,13000000.0,2015,2015-01,True,False
2015-01-09,TapCibo,Unknown,Unknown,Unknown,Alok Goel,Seed / Angel,,2015,2015-01,False,False
2015-01-12,Verayu,Unknown,Unknown,Unknown,"GWB Group, Blume Ventures",Private Equity,,2015,2015-01,False,False
2015-01-12,MyDreamStore,Unknown,Unknown,Unknown,Undisclosed,Seed / Angel,290000.0,2015,2015-01,True,False
2015-01-13,AppVirality,Unknown,Unknown,Unknown,"Rajan Anandan, Mike Galgon, Ashim Mehra, Mohit Saxena, Ravi Gururaj, TNN Capital & IIG",Seed / Angel,,2015,2015-01,False,False
2015-01-14,RateGain,Unknown,Unknown,Unknown,TA Associates,Private Equity,50000000.0,2015,2015-01,True,False
2015-01-15,Wishberry,Unknown,Unknown,Unknown,"Rajan Anandan, Shankar Mahadevan, Deep Kalra & Others",Seed / Angel,650000.0,2015,2015-01,True,False
2015-01-16,eKincare,Unknown,Unknown,Unknown,Adroitent Pvt. Ltd.,Seed / Angel,161000.0,2015,2015-01,True,False
2015-01-18,ShopClues,Unknown,Unknown,Unknown,Tiger Global & Other investors,Private Equity,100000000.0,2015,2015-01,True,False
2015-01-19,Refiral,Unknown,Unknown,Unknown,Cogent E Services,Seed / Angel,330000.0,2015,2015-01,True,False
2015-01-19,Ping Digital,Unknown,Unknown,Unknown,Consortium of Angel Investors,Seed / Angel,,2015,2015-01,False,False
2015-01-19,HealthyWorld,Unknown,Unknown,Unknown,Group of Angel Investors,Seed / Angel,200000.0,2015,2015-01,True,False
2015-01-19,Hostel Dunia,Unknown,Unknown,Unknown,Hyderabad Angels (at Startup Heroes event),Seed / Angel,16000.0,2015,2015-01,True,False
2015-01-19,Play your sport,Unknown,Unknown,Unknown,Hyderabad Angels (at Startup Heroes event),Seed / Angel,16000.0,2015,2015-01,True,False
2015-01-19,Yo Grad,Unknown,Unknown,Unknown,Hyderabad Angels (at Startup Heroes event),Seed / Angel,16000.0,2015,2015-01,True,False
2015-01-19,Enabli,Unknown,Unknown,Unknown,Hyderabad Angels (at Startup Heroes event),Seed / Angel,16000.0,2015,2015-01,True,False
2015-01-19,CBS,Unknown,Unknown,Unknown,Hyderabad Angels (at Startup Heroes event),Seed / Angel,16000.0,2015,2015-01,True,False
2015-01-20,Hopscotch,Unknown,Unknown,Unknown,Eduardo Saverin & Velos Capital,Private Equity,11000000.0,2015,2015-01,True,False
2015-01-20,Amagi Media Labs,Unknown,Unknown,Unknown,Premji Invest & Mayfield Fund,Private Equity,,2015,2015-01,False,False
2015-01-20,HealthyWorld,Unknown,Unknown,Unknown,Group of Angel Investors,Seed / Angel,200000.0,2015,2015-01,True,False
2015-01-21,Simplilearn,Unknown,Unknown,Unknown,"Mayfield India, Kalaari Capital, Helion Ventures",Private Equity,14750000.0,2015,2015-01,True,False
2015-01-21,MyDreamStore,Unknown,Unknown,Unknown,Undisclosed,Seed / Angel,325000.0,2015,2015-01,True,False
2015-05-21,Knit,Unknown,Unknown,Unknown,"Rohit Jain, Amit Rambhia & Others",Seed / Angel,,2015,2015-05,False,False
2015-05-21,Villgro,Unknown,Unknown,Unknown,Michael & Susan Dell Foundation,Seed / Angel,3250000.0,2015,2015-05,True,False
2015-01-22,Corporate360,Unknown,Unknown,Unknown,Group of Angel Investors,Seed / Angel,200000.0,2015,2015-01,True,False
2015-01-22,Freshmonk,Unknown,Unknown,Unknown,"August Capital Partners, Michael Blakey",Seed / Angel,,2015,2015-01,False,False
2015-01-22,Englishleap,Unknown,Unknown,Unknown,ANALEC,Private Equity,,2015,2015-01,False,False
2015-01-22,Antuit,Unknown,Unknown,Unknown,"Goldman Sachs, Zodius Capital",Private Equity,56000000.0,2015,2015-01,True,False
2015-01-22,Caratlane,Unknown,Unknown,Unknown,Tiger Global,Private Equity,31000000.0,2015,2015-01,True,False
2015-01-24,Aasaanjobs,Unknown,Unknown,Unknown,"Inventus Capital Partners, IDG Ventures",Seed / Angel,1500000.0,2015,2015-01,True,False
2015-01-24,Impartus,Unknown,Unknown,Unknown,Kaizen Private Equity,Private Equity,,2015,2015-01,False,False
2015-01-25,Thrill App,Unknown,Unknown,Unknown,People Group (Shaadi.com),Private Equity,1000000.0,2015,2015-01,True,False
2015-01-27,CarDekho,Unknown,Unknown,Unknown,"Hillhouse Capital, Tybourne Capital",Private Equity,50000000.0,2015,2015-01,True,False
2015-01-28,Grabhouse,Unknown,Unknown,Unknown,"Kalaari Capital, Sequoia Capital",Private Equity,2500000.0,2015,2015-01,True,False
2015-01-29,Printvenue,Unknown,Unknown,Unknown,Asia Pacific Internet Group,Private Equity,4500000.0,2015,2015-01,True,False
2015-01-29,Graphene,Unknown,Unknown,Unknown,KARSEMVEN Fund,Private Equity,825000.0,2015,2015-01,True,False
2015-01-30,Mad Street Den,Unknown,Unknown,Unknown,"Exfinity Fund, GrowX Ventures.",Private Equity,1500000.0,2015,2015-01,True,False
2015-01-30,Simplotel,Unknown,Unknown,Unknown,MakeMyTrip,Private Equity,,2015,2015-01,False,False
2015-01-31,couponmachine,Unknown,Unknown,Unknown,UK based Group of Angel Investors,Seed / Angel,140000.0,2015,2015-01,True,False
